consommation_elec,temperature,vacances
2522.0,11.1,True
2505.0,10.8,True
2514.0,10.6,True
2229.0,10.6,True
2049.0,10.5,True
1977.0,10.3,True
1956.0,10.6,True
1985.0,9.7,True
2066.0,10.2,True
2033.0,10.4,True
2172.0,10.5,True
2283.0,10.6,True
2415.0,10.9,True
2443.0,9.9,True
2385.0,10.0,True
2325.0,10.1,True
2227.0,9.9,True
2246.0,9.5,True
2464.0,8.6,True
2563.0,8.6,True
2549.0,8.3,True
2399.0,8.6,True
2409.0,8.5,True
2555.0,8.3,True
2633.0,8.0,True
2317.0,7.8,True
2434.0,7.9,True
2235.0,8.0,True
2120.0,7.9,True
2197.0,7.8,True
2443.0,7.6,True
2671.0,7.4,True
2839.0,7.0,True
2960.0,7.1,True
3015.0,7.4,True
2938.0,8.0,True
2937.0,8.7,True
2768.0,9.5,True
2719.0,9.8,True
2647.0,9.8,True
2645.0,9.6,True
2665.0,8.1,True
2993.0,6.9,True
3163.0,6.7,True
2998.0,6.4,True
2772.0,6.2,True
2778.0,6.0,True
2880.0,5.8,True
3012.0,5.8,False
2697.0,6.0,False
2815.0,6.1,False
2612.0,6.4,False
2508.0,6.2,False
2568.0,6.0,False
2800.0,6.9,False
3095.0,8.3,False
3242.0,8.7,False
3357.0,8.8,False
3282.0,9.4,False
3264.0,10.0,False
3306.0,10.5,False
3236.0,10.7,False
3217.0,10.8,False
3208.0,10.0,False
3140.0,10.2,False
3162.0,10.3,False
3337.0,10.2,False
3420.0,10.5,False
3193.0,10.5,False
2909.0,10.7,False
2863.0,10.8,False
2881.0,11.1,False
2970.0,11.5,False
2618.0,11.5,False
2727.0,11.5,False
2480.0,11.7,False
2374.0,11.8,False
2423.0,12.1,False
2661.0,12.2,False
2920.0,11.8,False
3117.0,12.2,False
3056.0,12.2,False
3159.0,12.2,False
3153.0,12.5,False
3250.0,12.9,False
3113.0,12.1,False
3068.0,12.1,False
3038.0,12.3,False
2974.0,12.3,False
2968.0,12.2,False
3146.0,12.0,False
3251.0,12.0,False
3043.0,12.1,False
2778.0,12.2,False
2722.0,12.2,False
2788.0,12.1,False
2869.0,11.9,False
2549.0,11.9,False
2652.0,11.9,False
2413.0,11.9,False
2320.0,11.8,False
2351.0,11.9,False
2573.0,11.8,False
2888.0,11.6,False
2978.0,11.4,False
3106.0,11.1,False
3072.0,11.2,False
3085.0,11.3,False
3130.0,11.9,False
3014.0,12.8,False
2945.0,12.5,False
2904.0,11.9,False
2811.0,11.8,False
2856.0,11.6,False
3108.0,11.2,False
3213.0,10.9,False
2997.0,10.8,False
2698.0,10.7,False
2655.0,10.7,False
2781.0,10.7,False
2931.0,10.7,False
2559.0,11.2,False
2676.0,11.3,False
2475.0,11.4,False
2351.0,11.4,False
2391.0,11.5,False
2598.0,10.8,False
2914.0,10.5,False
3133.0,11.2,False
3098.0,11.3,False
3062.0,10.6,False
3101.0,11.7,False
3102.0,12.5,False
2982.0,13.3,False
2943.0,13.6,False
2814.0,13.2,False
2806.0,12.7,False
2822.0,11.8,False
3034.0,12.0,False
3073.0,11.6,False
2930.0,11.5,False
2640.0,11.3,False
2731.0,11.4,False
2732.0,11.4,False
2848.0,11.4,False
2504.0,11.0,False
2600.0,10.9,False
2361.0,10.8,False
2211.0,11.0,False
2200.0,10.9,False
2302.0,10.5,False
2364.0,10.4,False
2536.0,9.8,False
2606.0,10.0,False
2707.0,10.2,False
2706.0,10.6,False
2771.0,11.2,False
2677.0,10.7,False
2565.0,10.6,False
2515.0,10.1,False
2475.0,9.6,False
2474.0,8.6,False
2789.0,7.9,False
2935.0,7.5,False
2821.0,7.4,False
2602.0,7.3,False
2657.0,7.3,False
2756.0,7.3,False
2916.0,7.4,False
2596.0,7.3,False
2695.0,7.3,False
2466.0,7.3,False
2308.0,7.8,False
2300.0,8.3,False
2339.0,7.9,False
2391.0,7.2,False
2524.0,7.5,False
2577.0,7.9,False
2710.0,8.0,False
2767.0,8.7,False
2844.0,9.1,False
2697.0,9.1,False
2563.0,9.1,False
2571.0,8.7,False
2538.0,6.4,False
2521.0,6.3,False
2797.0,5.3,False
3036.0,5.5,False
2955.0,5.1,False
2773.0,5.6,False
2841.0,5.9,False
2844.0,5.9,False
2952.0,6.2,False
2749.0,5.9,False
2888.0,5.6,False
2664.0,5.7,False
2584.0,5.5,False
2701.0,5.5,False
2962.0,5.1,False
3327.0,5.6,False
3551.0,5.3,False
3627.0,5.2,False
3541.0,5.5,False
3549.0,6.7,False
3414.0,7.8,False
3270.0,8.3,False
3245.0,8.6,False
3192.0,8.4,False
3219.0,8.0,False
3254.0,7.0,False
3555.0,5.6,False
3679.0,4.9,False
3472.0,4.7,False
3264.0,4.9,False
3166.0,5.3,False
3168.0,5.8,False
3288.0,6.1,False
2931.0,6.1,False
3057.0,6.1,False
2841.0,6.0,False
2724.0,6.6,False
2775.0,7.7,False
2963.0,8.3,False
3246.0,9.6,False
3468.0,11.5,False
3458.0,11.7,False
3404.0,11.9,False
3419.0,12.1,False
3429.0,12.3,False
3214.0,12.9,False
3196.0,12.9,False
3090.0,12.9,False
3081.0,12.8,False
3113.0,12.6,False
3308.0,12.5,False
3393.0,12.3,False
3250.0,12.2,False
2909.0,12.3,False
2911.0,12.3,False
2913.0,11.2,False
2986.0,10.2,False
2624.0,10.7,False
2705.0,10.2,False
2548.0,9.7,False
2443.0,9.0,False
2546.0,8.2,False
2798.0,7.0,False
3105.0,7.7,False
3335.0,6.8,False
3398.0,6.3,False
3344.0,6.8,False
3239.0,8.2,False
3188.0,9.4,False
2964.0,10.0,False
2951.0,10.0,False
2929.0,9.6,False
2930.0,9.3,False
2974.0,8.8,False
3260.0,9.0,False
3410.0,8.7,False
3214.0,9.3,False
2909.0,8.8,False
2941.0,9.4,False
2967.0,9.6,False
3050.0,9.9,False
2735.0,10.0,False
2822.0,9.9,False
2614.0,10.1,False
2491.0,10.2,False
2555.0,10.2,False
2812.0,10.3,False
3101.0,10.4,False
3300.0,10.6,False
3312.0,10.5,False
3307.0,10.6,False
3289.0,10.9,False
3298.0,11.1,False
3171.0,11.4,False
3147.0,11.7,False
3124.0,11.5,False
3103.0,11.2,False
3147.0,11.1,False
3285.0,10.9,False
3406.0,11.0,False
3204.0,11.1,False
2888.0,11.2,False
2883.0,11.2,False
2882.0,10.7,False
3009.0,8.9,False
2659.0,7.3,False
2797.0,6.7,False
2607.0,6.4,False
2521.0,6.7,False
2607.0,8.4,False
2869.0,8.4,False
3225.0,6.9,False
3397.0,6.5,False
3471.0,6.2,False
3404.0,6.2,False
3326.0,7.7,False
3179.0,9.3,False
2998.0,10.1,False
3022.0,10.5,False
2966.0,10.1,False
2978.0,9.6,False
2993.0,8.9,False
3212.0,8.7,False
3281.0,9.0,False
3096.0,9.7,False
2845.0,9.6,False
2865.0,9.0,False
2892.0,8.5,False
2958.0,8.6,False
2605.0,8.9,False
2703.0,9.2,False
2428.0,9.2,False
2278.0,9.3,False
2265.0,9.9,False
2360.0,11.0,False
2455.0,11.6,False
2577.0,11.9,False
2654.0,11.7,False
2760.0,11.8,False
2794.0,11.8,False
2886.0,11.9,False
2775.0,12.1,False
2649.0,12.0,False
2582.0,12.2,False
2550.0,12.4,False
2554.0,12.5,False
2795.0,10.3,False
2948.0,9.1,False
2827.0,8.4,False
2646.0,7.7,False
2690.0,7.4,False
2806.0,7.0,False
2963.0,6.4,False
2654.0,5.7,False
2759.0,5.8,False
2542.0,5.6,False
2404.0,5.2,False
2419.0,4.5,False
2513.0,4.3,False
2604.0,3.8,False
2757.0,3.5,False
2812.0,3.2,False
2908.0,4.2,False
2979.0,5.9,False
2973.0,7.1,False
2844.0,8.0,False
2674.0,8.0,False
2630.0,7.7,False
2593.0,7.5,False
2680.0,7.1,False
2995.0,6.9,False
3172.0,7.2,False
3058.0,7.4,False
2850.0,7.3,False
2901.0,6.6,False
2939.0,9.0,False
3065.0,6.4,False
2754.0,6.7,False
2901.0,6.4,False
2739.0,5.4,False
2675.0,5.4,False
2742.0,5.5,False
3073.0,5.5,False
3445.0,4.9,False
3624.0,4.8,False
3762.0,4.6,False
3705.0,4.8,False
3641.0,5.3,False
3608.0,6.1,False
3398.0,6.6,False
3353.0,7.0,False
3287.0,6.8,False
3290.0,6.2,False
3354.0,5.3,False
3645.0,4.4,False
3852.0,3.9,False
3623.0,2.7,False
3398.0,2.0,False
3338.0,1.7,False
3390.0,1.8,False
3498.0,1.8,False
3144.0,2.2,False
3273.0,2.4,False
3072.0,3.1,False
2993.0,2.6,False
3068.0,2.8,False
3325.0,3.6,False
3743.0,2.5,False
3927.0,2.4,False
3960.0,2.0,False
3982.0,2.3,False
3852.0,2.2,False
3893.0,2.3,False
3688.0,3.4,False
3622.0,3.4,False
3596.0,3.8,False
3519.0,3.4,False
3611.0,3.5,False
3884.0,2.1,False
4118.0,1.5,False
3903.0,1.1,False
3628.0,1.1,False
3554.0,0.9,False
3604.0,0.1,False
3677.0,0.1,False
3429.0,0.0,False
3545.0,-0.4,False
3398.0,-0.4,False
3310.0,-0.2,False
3438.0,-0.4,False
3705.0,-0.5,False
4064.0,1.2,False
4219.0,0.9,False
4301.0,-0.2,False
4292.0,1.0,False
4199.0,2.6,False
4174.0,4.6,False
4012.0,5.6,False
3960.0,5.6,False
3865.0,4.8,False
3853.0,5.1,False
3869.0,4.3,False
4072.0,3.2,False
4256.0,1.5,False
3961.0,0.9,False
3772.0,0.5,False
3647.0,0.5,False
3701.0,0.4,False
3814.0,0.5,False
3502.0,0.8,False
3622.0,0.6,False
3437.0,0.7,False
3352.0,1.1,False
3442.0,0.8,False
3708.0,1.0,False
3968.0,1.0,False
4197.0,1.1,False
4229.0,1.4,False
4215.0,2.3,False
4225.0,3.3,False
4286.0,4.3,False
4115.0,5.2,False
4034.0,5.8,False
3909.0,5.9,False
3698.0,5.6,False
3774.0,3.9,False
3845.0,2.1,False
4273.0,1.4,False
4002.0,0.9,False
3745.0,0.6,False
3725.0,0.4,False
3824.0,0.3,False
3962.0,0.3,False
3714.0,0.5,False
3850.0,0.5,False
3671.0,0.6,False
3594.0,0.6,False
3660.0,0.5,False
3950.0,0.4,False
4335.0,0.7,False
4505.0,0.9,False
4489.0,0.8,False
4459.0,2.3,False
4387.0,3.8,False
4333.0,4.9,False
4064.0,5.7,False
3891.0,6.3,False
3703.0,6.5,False
3553.0,6.3,False
3547.0,4.6,False
3871.0,2.8,False
4075.0,2.7,False
3962.0,2.5,False
3705.0,2.2,False
3695.0,2.2,False
3776.0,2.1,False
3903.0,2.1,False
3576.0,1.2,False
3713.0,1.1,False
3517.0,0.9,False
3333.0,0.8,False
3340.0,0.7,False
3479.0,0.5,False
3596.0,0.5,False
3752.0,0.4,False
3860.0,0.3,False
3851.0,1.6,False
3665.0,3.7,False
3542.0,5.5,False
3359.0,6.2,False
3128.0,6.2,False
3060.0,6.0,False
2933.0,5.4,False
3006.0,3.6,False
3355.0,1.2,False
3655.0,0.5,False
3621.0,-0.2,False
3385.0,-0.6,False
3482.0,-0.9,False
3643.0,-1.2,False
3825.0,-1.4,False
3593.0,-1.8,False
3726.0,-1.8,False
3573.0,-1.7,False
3454.0,-1.7,False
3418.0,-1.7,False
3496.0,-1.5,False
3640.0,-0.5,False
3770.0,-0.5,False
3792.0,-0.5,False
3826.0,0.7,False
3862.0,2.3,False
3853.0,3.6,False
3623.0,5.1,False
3366.0,5.7,False
3237.0,5.8,False
3202.0,5.4,False
3223.0,3.8,False
3552.0,1.6,False
3899.0,0.5,False
3887.0,0.0,False
3694.0,0.0,False
3676.0,0.0,False
3784.0,-0.0,False
3949.0,-0.2,False
3743.0,-0.3,False
3895.0,-0.4,False
3756.0,-0.4,False
3700.0,-0.4,False
3760.0,-0.4,False
4070.0,-0.4,False
4375.0,-0.8,False
4646.0,-0.7,False
4718.0,-0.6,False
4602.0,0.9,False
4425.0,3.2,False
4263.0,4.8,False
4115.0,5.4,False
3863.0,5.9,False
3815.0,6.1,False
3715.0,5.7,False
3822.0,4.2,False
4003.0,1.6,False
4267.0,0.7,False
4143.0,0.6,False
3839.0,0.4,False
3734.0,0.2,False
4091.0,0.1,False
3872.0,0.2,False
3593.0,0.4,False
3721.0,0.0,False
3565.0,-0.2,False
3432.0,-0.0,False
3540.0,-0.1,False
3784.0,-0.2,False
4117.0,-0.5,False
4311.0,-0.3,False
4346.0,-0.2,False
4265.0,1.1,False
4268.0,3.1,False
4025.0,4.7,False
4050.0,6.1,False
3959.0,6.5,False
3870.0,6.6,False
3815.0,6.3,False
3882.0,5.2,False
4028.0,3.3,False
4267.0,2.6,False
4046.0,2.1,False
3774.0,1.5,False
3703.0,1.1,False
3722.0,0.4,False
3816.0,-0.2,False
3545.0,-0.4,False
3668.0,-0.5,False
3483.0,-0.6,False
3386.0,-0.6,False
3443.0,-0.5,False
3743.0,-0.2,False
4101.0,0.3,False
4243.0,0.6,False
4307.0,1.8,False
4275.0,3.6,False
4308.0,5.4,False
4338.0,6.7,False
4130.0,7.6,False
4049.0,8.2,False
3960.0,8.3,False
3863.0,7.9,False
3847.0,6.2,False
4021.0,4.3,False
4258.0,3.5,False
3990.0,3.5,False
3789.0,5.5,False
3552.0,6.2,False
3589.0,6.3,False
3653.0,6.5,False
3307.0,6.7,False
3474.0,7.2,False
3299.0,6.8,False
3164.0,6.0,False
3229.0,5.9,False
3480.0,5.5,False
3811.0,5.3,False
4003.0,5.3,False
4024.0,4.1,False
3991.0,4.5,False
3969.0,5.6,False
3801.0,5.3,False
3810.0,5.5,False
3739.0,6.8,False
3698.0,6.7,False
3649.0,6.2,False
3663.0,5.6,False
3801.0,5.5,False
4061.0,5.2,False
3771.0,5.3,False
3499.0,5.3,False
3457.0,5.4,False
3571.0,4.8,False
3617.0,3.7,False
3272.0,4.7,False
3358.0,5.2,False
3191.0,4.8,False
3110.0,4.8,False
3199.0,4.9,False
3491.0,4.8,False
3845.0,4.8,False
4028.0,4.8,False
4057.0,4.8,False
3954.0,5.0,False
3829.0,5.7,False
3780.0,6.2,False
3645.0,6.8,False
3592.0,7.2,False
3523.0,6.8,False
3415.0,6.6,False
3443.0,5.5,False
3651.0,5.3,False
3850.0,4.9,False
3748.0,5.8,False
3480.0,5.4,False
3470.0,5.5,False
3558.0,5.4,False
3698.0,4.9,False
3371.0,3.2,False
3463.0,3.2,False
3173.0,3.3,False
3072.0,2.5,False
3054.0,1.5,False
3136.0,1.0,False
3274.0,3.8,False
3438.0,3.4,False
3527.0,1.8,False
3600.0,4.3,False
3552.0,5.0,False
3574.0,5.9,False
3417.0,6.4,False
3302.0,6.9,False
3248.0,6.9,False
3163.0,6.5,False
3225.0,5.6,False
3406.0,3.3,False
3639.0,2.4,False
3510.0,2.2,False
3271.0,1.7,False
3240.0,1.5,False
3346.0,1.3,False
3499.0,1.2,False
3200.0,1.0,False
3283.0,0.7,False
3072.0,0.7,False
2889.0,0.5,False
2983.0,0.6,False
2806.0,0.6,False
3022.0,0.4,False
3115.0,0.5,False
3196.0,0.6,False
3320.0,2.4,False
3424.0,4.4,False
3522.0,5.9,False
3366.0,6.8,False
3139.0,7.6,False
3056.0,8.1,False
3039.0,8.1,False
3055.0,6.9,False
3253.0,5.0,False
3523.0,3.9,False
3433.0,3.4,False
3230.0,3.3,False
3193.0,3.1,False
3251.0,2.8,False
3432.0,2.8,False
3103.0,5.2,False
3231.0,5.3,False
3001.0,5.6,False
2935.0,5.8,False
2942.0,6.2,False
3230.0,5.0,False
3539.0,4.7,False
3791.0,4.5,False
3853.0,5.6,False
3818.0,6.8,False
3758.0,7.6,False
3734.0,9.0,False
3546.0,9.9,False
3469.0,9.9,False
3430.0,9.5,False
3338.0,9.4,False
3340.0,8.6,False
3398.0,6.0,False
3732.0,5.5,False
3518.0,4.5,False
3228.0,3.9,False
3155.0,3.5,False
3238.0,3.1,False
3359.0,2.8,False
3015.0,2.5,False
3098.0,2.3,False
2965.0,2.2,False
2811.0,2.0,False
2883.0,1.9,False
3164.0,1.9,False
3509.0,1.9,False
3753.0,2.0,False
3791.0,2.7,False
3684.0,4.4,False
3575.0,7.2,False
3466.0,9.7,False
3270.0,10.1,False
3219.0,11.0,False
3115.0,11.2,False
3182.0,11.1,False
3186.0,9.9,False
3311.0,8.1,False
3573.0,7.0,False
3373.0,6.5,False
3083.0,6.3,False
3047.0,6.0,False
3148.0,7.7,False
3263.0,7.4,False
2916.0,4.8,False
3047.0,3.9,False
2864.0,4.2,False
2781.0,4.9,False
2800.0,3.7,False
3019.0,6.8,False
3412.0,4.1,False
3590.0,5.9,False
3612.0,6.5,False
3582.0,6.7,False
3571.0,7.7,False
3618.0,7.9,False
3401.0,8.4,False
3347.0,8.5,False
3312.0,9.2,False
3294.0,9.4,False
3302.0,8.7,False
3401.0,8.2,False
3671.0,4.9,False
3427.0,4.5,False
3132.0,4.1,False
3087.0,5.6,False
3159.0,6.4,False
3275.0,6.8,False
2990.0,7.2,False
3083.0,7.0,False
2868.0,6.9,False
2780.0,7.1,False
2843.0,7.5,False
3082.0,7.9,False
3384.0,4.0,False
3651.0,5.6,False
3606.0,6.1,False
3577.0,6.8,False
3582.0,7.2,False
3586.0,8.2,False
3412.0,10.5,False
3349.0,10.9,False
3295.0,11.0,False
3237.0,10.7,False
3258.0,9.6,False
3373.0,7.7,False
3647.0,5.3,False
3414.0,4.7,False
3139.0,4.5,False
3075.0,4.3,False
3151.0,4.2,False
3316.0,4.0,False
2949.0,4.1,False
3051.0,4.0,False
2832.0,3.8,False
2736.0,3.7,False
2798.0,3.6,False
3016.0,3.5,False
3344.0,3.1,False
3579.0,2.9,False
3581.0,3.0,False
3495.0,4.9,False
3454.0,6.8,False
3443.0,8.4,False
3273.0,9.6,False
3230.0,10.2,False
3185.0,10.5,False
3136.0,10.4,False
3114.0,9.6,False
3227.0,7.0,False
3449.0,6.5,False
3298.0,5.8,False
3024.0,5.3,False
2943.0,4.9,False
3041.0,4.6,False
3155.0,4.3,False
2794.0,4.7,False
2906.0,4.5,False
2647.0,4.4,False
2477.0,4.3,False
2451.0,4.1,False
2548.0,4.0,False
2672.0,4.0,False
2811.0,3.9,False
2916.0,4.0,False
2889.0,6.0,False
2987.0,7.9,False
3097.0,9.5,False
3012.0,11.5,False
2908.0,12.0,False
2865.0,12.0,False
2780.0,11.5,False
2800.0,10.7,False
2950.0,8.4,False
3145.0,6.7,False
3024.0,6.1,False
2771.0,5.5,False
2772.0,5.3,False
2907.0,5.1,False
3037.0,4.8,False
2867.0,4.7,False
2868.0,4.6,False
2652.0,4.5,False
2473.0,4.5,False
2423.0,6.1,False
2482.0,8.2,False
2571.0,3.6,False
2650.0,3.6,False
2713.0,3.6,False
2842.0,5.4,False
2896.0,7.7,False
2904.0,9.2,False
2734.0,10.5,False
2512.0,10.6,False
2412.0,10.3,False
2270.0,9.9,False
2258.0,9.3,False
2438.0,8.0,False
2975.0,5.6,False
2921.0,4.9,False
2822.0,4.3,False
2811.0,4.1,False
2956.0,3.3,False
3146.0,3.0,False
2937.0,2.9,False
3078.0,2.5,False
2929.0,2.2,False
2873.0,1.8,False
3004.0,1.4,False
3311.0,1.1,False
3712.0,0.4,False
3977.0,0.6,False
3967.0,0.9,False
3849.0,2.7,False
3602.0,4.5,False
3502.0,5.9,False
3265.0,6.8,False
3136.0,7.2,False
3015.0,7.3,False
2941.0,7.4,False
2956.0,6.7,False
3127.0,5.0,False
3574.0,3.9,False
3433.0,3.3,False
3218.0,2.5,False
3240.0,2.0,False
3341.0,1.5,False
3470.0,1.2,False
3219.0,0.9,False
3344.0,0.6,False
3196.0,0.4,False
3183.0,0.1,False
3297.0,0.0,False
3526.0,0.1,False
3906.0,0.3,False
4113.0,0.6,False
4137.0,0.9,False
3993.0,2.6,False
3729.0,4.3,False
3545.0,5.7,False
3355.0,6.3,False
3265.0,6.7,False
3185.0,6.9,False
3138.0,7.0,False
3213.0,6.0,False
3331.0,4.2,False
3802.0,1.3,False
3632.0,0.5,False
3427.0,0.0,False
3424.0,-0.4,False
3554.0,-0.8,False
3655.0,-1.1,False
3431.0,-1.5,False
3585.0,-1.5,False
3431.0,-1.5,False
3379.0,-1.5,False
3514.0,-1.4,False
3790.0,-1.0,False
4187.0,-0.9,False
4405.0,-1.3,False
4423.0,-1.1,False
4264.0,1.0,False
3960.0,3.2,False
3776.0,4.9,False
3502.0,6.1,False
3330.0,6.9,False
3231.0,7.3,False
3119.0,7.2,False
3140.0,6.5,False
3321.0,3.7,False
3783.0,2.2,False
3671.0,1.8,False
3440.0,1.2,False
3430.0,0.7,False
3575.0,0.6,False
3680.0,0.2,False
3442.0,0.1,False
3602.0,0.1,False
3422.0,0.2,False
3328.0,0.8,False
3411.0,2.7,False
3690.0,3.3,False
4043.0,4.0,False
4148.0,4.2,False
3771.0,4.5,False
4021.0,5.3,False
3894.0,6.8,False
3746.0,8.5,False
3463.0,9.5,False
3341.0,10.5,False
3282.0,10.9,False
3231.0,10.7,False
3253.0,9.5,False
3370.0,8.0,False
3646.0,7.4,False
3474.0,7.2,False
3195.0,7.1,False
3134.0,7.0,False
3216.0,5.8,False
3325.0,5.1,False
3019.0,4.7,False
3140.0,4.5,False
2942.0,4.7,False
2819.0,5.0,False
2889.0,4.5,False
3167.0,3.4,False
3497.0,3.6,False
3643.0,3.5,False
3636.0,3.5,False
3599.0,5.1,False
3530.0,6.8,False
3474.0,8.2,False
3276.0,9.7,False
3129.0,10.4,False
3131.0,11.0,False
3014.0,11.0,False
2985.0,10.7,False
3140.0,10.2,False
3403.0,6.7,False
3293.0,6.8,False
3044.0,6.7,False
3040.0,6.9,False
3147.0,6.6,False
3262.0,5.4,True
2916.0,5.5,True
3019.0,5.4,True
2807.0,5.2,True
2651.0,5.0,True
2674.0,4.8,True
2819.0,4.4,True
2970.0,4.2,True
3109.0,3.9,True
3191.0,4.1,True
3173.0,5.5,True
3022.0,7.4,True
2953.0,9.0,True
2760.0,9.8,True
2560.0,10.5,True
2497.0,10.7,True
2410.0,10.8,True
2387.0,10.1,True
2584.0,7.9,True
2956.0,6.1,True
2869.0,5.4,True
2715.0,4.9,True
2800.0,4.5,True
2943.0,4.2,True
3104.0,3.8,True
2850.0,3.1,True
2906.0,2.7,True
2805.0,2.3,True
2638.0,2.1,True
2667.0,2.0,True
2747.0,2.0,True
2860.0,2.5,True
2974.0,2.6,True
3064.0,2.6,True
3100.0,4.6,True
3112.0,6.7,True
2990.0,8.3,True
2721.0,9.7,True
2468.0,10.7,True
2320.0,11.2,True
2243.0,11.3,True
2164.0,10.7,True
2485.0,8.6,True
2923.0,6.6,True
2929.0,5.9,True
2796.0,5.4,True
2820.0,5.0,True
3012.0,4.6,True
3144.0,4.2,True
2923.0,3.6,True
3062.0,3.3,True
2892.0,2.9,True
2851.0,2.6,True
2998.0,2.2,True
3311.0,1.8,True
3689.0,1.9,True
3854.0,1.6,True
3940.0,1.8,True
3837.0,3.9,True
3659.0,6.3,True
3500.0,8.4,True
3175.0,10.4,True
3028.0,11.4,True
2872.0,11.5,True
2801.0,11.1,True
2810.0,10.2,True
2926.0,7.8,True
3322.0,5.8,True
3198.0,5.1,True
2990.0,4.7,True
2970.0,4.5,True
3098.0,4.2,True
3224.0,3.9,True
2935.0,3.9,True
3065.0,3.6,True
2897.0,3.3,True
2792.0,2.9,True
2926.0,2.6,True
3182.0,2.5,True
3545.0,2.1,True
3728.0,1.9,True
3762.0,2.2,True
3573.0,4.2,True
3399.0,6.4,True
3299.0,8.4,True
3030.0,9.9,True
2954.0,10.6,True
2853.0,11.6,True
2740.0,11.9,True
2716.0,10.9,True
2813.0,8.4,True
3203.0,7.0,True
3098.0,6.6,True
2861.0,5.8,True
2894.0,5.2,True
3027.0,4.9,True
3117.0,4.8,True
2853.0,4.3,True
2964.0,3.8,True
2801.0,3.8,True
2722.0,3.9,True
2753.0,3.8,True
3019.0,3.7,True
3346.0,3.9,True
3537.0,4.0,True
3618.0,4.6,True
3470.0,7.0,True
3306.0,9.4,True
3188.0,11.5,True
2937.0,13.2,True
2809.0,14.1,True
2732.0,14.3,True
2645.0,14.0,True
2654.0,12.8,True
2722.0,10.5,True
3139.0,8.5,True
2991.0,7.9,True
2780.0,7.8,True
2719.0,8.6,True
2841.0,8.6,True
2896.0,7.5,True
2624.0,8.8,True
2682.0,8.7,True
2486.0,8.7,True
2368.0,8.3,True
2427.0,8.3,True
2643.0,8.4,True
2881.0,8.7,True
3095.0,8.9,True
3137.0,8.9,True
3094.0,9.8,True
3112.0,11.2,True
3178.0,11.7,True
3023.0,11.3,True
2979.0,11.5,True
2974.0,10.8,True
2756.0,11.0,True
2857.0,11.1,True
2897.0,10.6,True
3181.0,10.9,True
2981.0,10.7,True
2768.0,10.7,True
2713.0,10.7,True
2890.0,10.8,True
2937.0,10.9,True
2608.0,11.0,True
2700.0,11.1,True
2480.0,11.1,True
2371.0,11.1,True
2411.0,11.1,True
2572.0,11.2,True
2833.0,11.3,True
3052.0,11.0,True
3033.0,11.3,True
3020.0,12.0,True
3026.0,12.6,True
3058.0,12.9,True
2907.0,13.1,True
2824.0,13.2,True
2797.0,13.5,True
2714.0,13.2,True
2666.0,13.0,True
2633.0,12.4,True
3005.0,11.8,True
2871.0,11.6,True
2620.0,11.4,True
2629.0,11.0,True
2747.0,9.5,True
2890.0,8.2,True
2580.0,7.8,True
2602.0,7.9,True
2386.0,8.8,True
2235.0,9.2,True
2210.0,9.4,True
2276.0,9.4,True
2400.0,9.1,True
2480.0,9.3,True
2500.0,9.1,True
2631.0,9.4,True
2640.0,11.2,True
2691.0,12.7,True
2621.0,13.9,True
2522.0,14.5,True
2475.0,14.9,True
2364.0,14.8,True
2404.0,14.0,True
2565.0,11.7,True
2795.0,9.4,True
2681.0,8.4,True
2468.0,7.9,True
2461.0,7.7,True
2666.0,7.9,True
2758.0,9.3,True
2446.0,8.2,True
2532.0,10.1,True
2285.0,8.6,True
2110.0,7.6,True
2077.0,8.0,True
2123.0,8.4,True
2236.0,6.2,True
2278.0,7.5,True
2372.0,8.0,True
2490.0,8.6,True
2560.0,9.5,True
2613.0,10.9,True
2483.0,12.3,True
2296.0,13.3,True
2205.0,13.5,True
2063.0,13.2,True
1910.0,12.4,True
2238.0,10.3,True
2637.0,8.0,True
2680.0,6.9,True
2518.0,6.3,True
2583.0,5.9,True
2753.0,5.5,True
2947.0,5.4,True
2697.0,5.9,True
2822.0,5.6,True
2685.0,5.4,True
2589.0,5.1,True
2656.0,5.0,True
2930.0,4.9,True
3282.0,4.9,True
3455.0,4.8,True
3519.0,5.6,True
3488.0,7.8,True
3426.0,9.6,True
3541.0,11.3,True
3229.0,12.6,True
3133.0,13.6,True
3021.0,14.1,True
2903.0,14.2,True
2835.0,13.9,True
2919.0,11.5,True
3333.0,9.3,True
3225.0,8.3,True
2960.0,8.1,True
2902.0,7.7,True
3020.0,7.5,True
3146.0,7.3,True
2861.0,6.4,True
3001.0,6.2,True
2804.0,6.0,True
2762.0,5.8,True
2820.0,5.6,True
3049.0,5.3,True
3358.0,5.3,True
3597.0,5.0,True
3634.0,5.6,True
3601.0,7.5,True
3490.0,9.1,True
3488.0,10.5,True
3283.0,11.7,True
3270.0,12.3,True
3165.0,12.6,True
3094.0,12.8,True
3080.0,12.2,True
3108.0,10.9,True
3387.0,8.8,True
3287.0,8.9,True
3006.0,8.3,True
2971.0,8.7,True
3020.0,8.5,True
3150.0,8.2,True
2836.0,8.5,True
2924.0,8.7,True
2693.0,7.8,True
2583.0,7.2,True
2623.0,5.7,True
2829.0,5.5,True
3109.0,5.9,True
3247.0,7.3,True
3360.0,7.8,True
3340.0,8.1,True
3320.0,7.1,True
3379.0,6.9,True
3199.0,7.2,True
3141.0,7.3,True
3157.0,7.5,True
2947.0,6.7,True
3041.0,7.4,True
3119.0,6.2,True
3446.0,4.9,True
3387.0,4.4,True
3219.0,5.1,True
3146.0,5.0,True
3252.0,5.0,True
3360.0,4.5,True
3093.0,3.5,True
3255.0,2.7,True
3119.0,2.9,True
2995.0,4.7,True
3140.0,5.2,True
3406.0,4.7,True
3717.0,5.6,True
3825.0,4.7,True
3934.0,5.2,True
3895.0,6.1,True
3798.0,6.5,True
3713.0,7.2,True
3471.0,5.9,True
3446.0,6.3,True
3395.0,6.8,True
3332.0,6.8,True
3359.0,7.1,True
3468.0,7.1,True
3669.0,6.9,True
3555.0,6.6,True
3254.0,6.4,True
3259.0,6.3,True
3286.0,6.2,True
3351.0,6.0,True
3021.0,5.6,True
3118.0,5.6,True
2900.0,5.6,True
2817.0,5.2,True
2860.0,5.0,True
3110.0,4.9,True
3303.0,4.1,True
3484.0,4.0,True
3569.0,4.0,True
3553.0,4.9,True
3461.0,6.1,True
3418.0,7.2,True
3191.0,8.5,True
3140.0,9.4,True
3039.0,9.2,True
3019.0,9.0,True
2953.0,8.1,True
3161.0,7.0,True
3398.0,5.7,True
3304.0,5.2,True
3072.0,4.7,True
3085.0,4.9,True
3184.0,5.3,True
3237.0,5.3,True
2911.0,5.4,True
2987.0,5.1,True
2803.0,5.0,True
2645.0,4.9,True
2675.0,5.0,True
2784.0,5.3,True
2910.0,4.8,True
2949.0,4.3,True
3089.0,4.0,True
3136.0,5.0,True
3092.0,5.7,True
3215.0,6.4,True
3018.0,6.4,True
2866.0,6.6,True
2856.0,6.0,True
2843.0,5.9,True
2848.0,5.7,True
3028.0,5.6,True
3322.0,4.3,True
3245.0,4.4,True
3005.0,3.2,True
3050.0,2.5,True
3145.0,2.2,True
3286.0,2.0,True
2948.0,1.9,True
3231.0,1.6,True
2933.0,1.5,True
2809.0,1.8,True
2800.0,1.5,True
2894.0,1.2,True
3018.0,1.0,True
3099.0,0.7,True
3159.0,1.1,True
3185.0,2.6,True
3143.0,4.0,True
3077.0,4.8,True
2869.0,6.2,True
2636.0,6.5,True
2582.0,6.2,True
2516.0,6.3,True
2511.0,5.5,True
2668.0,4.0,True
3322.0,2.9,True
3370.0,2.3,True
3204.0,1.9,True
3284.0,1.5,True
3331.0,1.1,True
3480.0,0.6,False
3223.0,0.3,False
3367.0,0.1,False
3203.0,0.2,False
3133.0,0.1,False
3219.0,0.1,False
3565.0,-0.1,False
3938.0,0.1,False
4118.0,0.0,False
4039.0,0.9,False
3869.0,2.9,False
3725.0,4.3,False
3723.0,5.2,False
3485.0,5.7,False
3368.0,6.2,False
3261.0,6.6,False
3210.0,6.6,False
3160.0,5.8,False
3344.0,4.5,False
3793.0,3.0,False
3784.0,2.3,False
3513.0,2.0,False
3503.0,1.8,False
3576.0,1.5,False
3698.0,1.1,False
3408.0,0.6,False
3507.0,0.2,False
3423.0,-0.4,False
3274.0,-0.9,False
3308.0,-1.0,False
3713.0,-1.1,False
4084.0,-0.5,False
4250.0,-0.4,False
4196.0,1.0,False
4020.0,3.0,False
3815.0,4.6,False
3701.0,5.7,False
3521.0,6.3,False
3437.0,6.9,False
3418.0,6.2,False
3400.0,4.6,False
3431.0,3.6,False
3636.0,3.0,False
3919.0,3.6,False
3830.0,2.5,False
3730.0,2.8,False
3540.0,2.8,False
3533.0,2.0,False
3685.0,0.8,False
3437.0,0.9,False
3561.0,0.2,False
3472.0,-1.0,False
3350.0,-1.6,False
3491.0,-1.8,False
3816.0,-1.9,False
4103.0,-0.9,False
4253.0,-0.7,False
4298.0,0.7,False
4096.0,2.9,False
3868.0,4.6,False
3762.0,6.0,False
3587.0,6.5,False
3418.0,7.1,False
3419.0,7.3,False
3273.0,7.0,False
3322.0,6.3,False
3412.0,4.9,False
3902.0,3.3,False
3822.0,2.7,False
3530.0,2.4,False
3496.0,1.6,False
3554.0,1.4,False
3690.0,1.5,False
3460.0,-0.2,False
3630.0,-0.6,False
3457.0,-0.8,False
3348.0,-0.9,False
3441.0,-1.1,False
3796.0,-1.1,False
4181.0,-0.9,False
4208.0,-0.9,False
4256.0,1.0,False
4060.0,4.1,False
3802.0,6.0,False
3719.0,7.2,False
3481.0,8.0,False
3398.0,8.7,False
3316.0,8.8,False
3269.0,8.0,False
3324.0,7.1,False
3459.0,5.8,False
3760.0,2.9,False
3675.0,1.9,False
3383.0,1.8,False
3360.0,1.7,False
3434.0,1.5,False
3547.0,1.2,False
3259.0,1.0,False
3370.0,1.0,False
3199.0,1.0,False
3074.0,1.1,False
3181.0,1.1,False
3451.0,1.1,False
3803.0,1.0,False
3906.0,1.2,False
3962.0,2.8,False
3836.0,5.3,False
3730.0,7.0,False
3685.0,8.2,False
3489.0,9.0,False
3290.0,9.4,False
3135.0,9.6,False
3046.0,9.0,False
2937.0,8.2,False
3119.0,6.6,False
3369.0,4.8,False
3421.0,4.0,False
3211.0,3.9,False
3244.0,3.7,False
3329.0,3.4,False
3469.0,3.1,False
3198.0,1.5,False
3269.0,1.5,False
3082.0,1.3,False
2918.0,1.1,False
2929.0,1.0,False
3035.0,0.8,False
3182.0,0.5,False
3252.0,0.7,False
3375.0,2.4,False
3293.0,5.0,False
3131.0,6.6,False
3135.0,7.8,False
3035.0,8.3,False
2914.0,8.9,False
2848.0,9.2,False
2761.0,9.1,False
2795.0,8.5,False
2955.0,7.0,False
3014.0,4.5,False
3234.0,2.8,False
3007.0,2.2,False
2982.0,1.8,False
3128.0,1.4,False
3285.0,1.0,False
2981.0,0.4,False
3086.0,0.1,False
2858.0,-0.1,False
2667.0,-0.6,False
2653.0,-0.7,False
2729.0,-0.8,False
2803.0,-1.2,False
2850.0,-1.3,False
2992.0,0.5,False
3037.0,2.3,False
3182.0,4.0,False
3292.0,5.2,False
3149.0,6.8,False
2949.0,7.5,False
2869.0,8.0,False
2818.0,8.1,False
2810.0,8.0,False
2987.0,7.2,False
3250.0,4.0,False
3309.0,2.5,False
3049.0,1.9,False
2971.0,1.7,False
3119.0,2.0,False
3294.0,3.2,False
3064.0,-0.0,False
3166.0,-0.2,False
3001.0,-0.4,False
2845.0,-0.4,False
2955.0,-0.5,False
3266.0,-0.5,False
3603.0,3.1,False
3698.0,4.1,False
3767.0,4.5,False
3767.0,5.1,False
3744.0,5.5,False
3722.0,6.0,False
3590.0,7.5,False
3560.0,7.3,False
3469.0,7.1,False
3391.0,6.5,False
3382.0,6.2,False
3316.0,5.9,False
3715.0,5.4,False
3644.0,4.7,False
3433.0,4.3,False
3210.0,4.6,False
3422.0,4.5,False
3369.0,4.3,False
3087.0,3.7,False
3202.0,2.0,False
3008.0,1.7,False
2897.0,3.3,False
2971.0,3.9,False
3224.0,4.0,False
3522.0,3.6,False
3609.0,3.8,False
3696.0,4.0,False
3589.0,4.3,False
3521.0,6.0,False
3554.0,8.0,False
3361.0,6.5,False
3387.0,6.8,False
3380.0,6.9,False
3338.0,6.9,False
3319.0,6.8,False
3369.0,6.3,False
3321.0,5.6,False
3409.0,6.0,False
3056.0,5.9,False
3082.0,6.2,False
3081.0,7.4,False
3173.0,7.8,False
2851.0,7.1,False
2927.0,7.0,False
2793.0,7.0,False
2564.0,7.0,False
2596.0,7.1,False
2847.0,7.2,False
3116.0,10.8,False
3228.0,10.6,False
3269.0,9.8,False
3154.0,9.1,False
3085.0,9.9,False
3193.0,12.4,False
3056.0,10.5,False
3022.0,10.0,False
2949.0,9.9,False
2882.0,10.4,False
2890.0,10.4,False
3061.0,10.7,False
3216.0,11.3,False
3114.0,10.4,False
2798.0,10.4,False
2844.0,9.1,False
2858.0,8.6,False
2978.0,7.9,False
2700.0,10.1,False
2833.0,9.6,False
2619.0,8.9,False
2474.0,9.6,False
2486.0,10.2,False
2699.0,10.5,False
3014.0,10.5,False
3137.0,10.4,False
3116.0,10.5,False
3099.0,10.6,False
3121.0,11.6,False
3218.0,10.7,False
2994.0,10.8,False
3009.0,10.8,False
2954.0,11.0,False
2859.0,12.1,False
2899.0,11.7,False
2999.0,11.1,False
3185.0,10.8,False
3079.0,11.0,False
2813.0,10.9,False
2784.0,10.1,False
2888.0,9.5,False
2984.0,9.2,False
2868.0,7.1,False
2907.0,6.9,False
2726.0,6.6,False
2641.0,6.2,False
2707.0,6.1,False
2898.0,5.9,False
3298.0,5.2,False
3419.0,5.3,False
3484.0,5.3,False
3425.0,6.0,False
3319.0,6.8,False
3338.0,7.1,False
3265.0,7.7,False
3208.0,6.1,False
3265.0,4.7,False
3247.0,4.5,False
3440.0,4.0,False
3385.0,3.0,False
3544.0,2.1,False
3440.0,1.9,False
3252.0,2.0,False
3118.0,2.3,False
3228.0,2.5,False
3125.0,2.4,False
2997.0,1.9,False
3028.0,1.9,False
2842.0,2.0,False
2692.0,2.2,False
2671.0,2.5,False
2775.0,2.7,False
2878.0,3.8,False
2906.0,4.1,False
3029.0,4.7,False
3087.0,5.3,False
3074.0,5.7,False
2987.0,5.9,False
2863.0,7.4,False
2711.0,9.2,False
2617.0,11.8,False
2512.0,12.3,False
2461.0,13.7,False
2427.0,12.8,False
2684.0,10.9,False
2753.0,10.9,False
2507.0,10.9,False
2551.0,9.2,False
2672.0,8.3,False
2788.0,7.6,False
2581.0,8.3,False
2579.0,8.8,False
2331.0,10.2,False
2215.0,9.6,False
2174.0,7.5,False
2247.0,6.4,False
2329.0,6.9,False
2372.0,7.0,False
2469.0,8.7,False
2466.0,10.6,False
2506.0,12.0,False
2584.0,13.2,False
2439.0,12.6,False
2344.0,12.8,False
2338.0,12.8,False
2291.0,12.4,False
2347.0,11.7,False
2440.0,11.1,False
2646.0,11.7,False
2694.0,11.3,False
2495.0,11.1,False
2506.0,11.4,False
2541.0,11.9,False
2678.0,12.2,False
2397.0,12.2,False
2550.0,12.3,False
2349.0,12.6,False
2245.0,12.3,False
2302.0,11.9,False
2573.0,11.8,False
2872.0,11.4,False
2819.0,11.1,False
3058.0,11.2,False
2955.0,11.6,False
2905.0,12.3,False
2901.0,12.8,False
2761.0,12.6,False
2730.0,10.9,False
2678.0,9.8,False
2646.0,9.8,False
2636.0,10.3,False
2617.0,9.9,False
3000.0,9.1,False
3094.0,9.0,False
2712.0,8.9,False
2718.0,10.4,False
2757.0,9.4,False
2833.0,8.0,False
2509.0,8.4,False
2651.0,7.9,False
2536.0,7.5,False
2461.0,7.0,False
2571.0,7.3,False
2859.0,7.4,False
3190.0,6.2,False
3346.0,5.7,False
3269.0,6.6,False
3098.0,7.6,False
3063.0,6.1,False
3059.0,7.0,False
2879.0,9.4,False
2810.0,8.7,False
2748.0,8.6,False
2644.0,8.6,False
2603.0,7.9,False
2676.0,6.8,False
2952.0,4.7,False
3038.0,3.3,False
2806.0,2.7,False
2801.0,2.4,False
2946.0,2.7,False
3105.0,2.1,False
2746.0,2.0,False
2886.0,2.9,False
2697.0,2.4,False
2606.0,2.9,False
2696.0,3.1,False
2974.0,2.6,False
3316.0,4.6,False
3423.0,4.6,False
3413.0,6.1,False
3238.0,7.8,False
3103.0,9.4,False
3100.0,10.6,False
2959.0,11.4,False
2917.0,11.0,False
2899.0,11.2,False
2813.0,11.5,False
2817.0,11.6,False
2928.0,10.5,False
3133.0,9.2,False
3078.0,9.0,False
2753.0,9.3,False
2747.0,9.5,False
2833.0,9.6,False
3033.0,9.5,False
2646.0,9.2,False
2763.0,9.1,False
2560.0,8.3,False
2437.0,7.7,False
2491.0,7.6,False
2744.0,7.3,False
3086.0,7.1,False
3145.0,7.1,False
3159.0,8.6,False
3060.0,10.0,False
2973.0,11.6,False
2917.0,12.9,False
2796.0,13.6,False
2772.0,13.5,False
2702.0,13.7,False
2628.0,13.2,False
2620.0,11.8,False
2731.0,11.0,False
2928.0,10.0,False
2890.0,9.0,False
2720.0,9.1,False
2600.0,9.9,False
2711.0,9.5,False
2842.0,9.4,False
2460.0,10.7,False
2560.0,10.5,False
2345.0,10.5,False
2239.0,10.5,False
2287.0,10.3,False
2511.0,9.6,False
2800.0,9.5,False
2922.0,9.5,False
3004.0,9.8,False
2928.0,11.4,False
2823.0,12.7,False
2770.0,13.0,False
2634.0,13.3,False
2597.0,13.2,False
2522.0,12.3,False
2472.0,12.5,False
2441.0,12.0,False
2508.0,11.1,False
2721.0,10.4,False
2771.0,10.2,False
2510.0,9.8,False
2555.0,9.5,False
2632.0,8.6,False
2695.0,8.5,False
2369.0,8.4,False
2527.0,8.1,False
2232.0,7.9,False
2075.0,7.5,False
2092.0,6.9,False
2152.0,6.3,False
2241.0,8.3,False
2305.0,8.4,False
2439.0,8.3,False
2479.0,8.8,False
2450.0,9.3,False
2477.0,10.4,False
2388.0,12.5,False
2266.0,12.7,False
2207.0,13.7,False
2091.0,14.2,False
2053.0,14.9,False
2227.0,13.1,False
2378.0,9.4,False
2466.0,8.1,False
2258.0,7.3,False
2320.0,6.6,False
2451.0,6.4,False
2600.0,6.1,False
2282.0,5.9,False
2435.0,5.8,False
2169.0,5.8,False
2036.0,5.8,False
1997.0,5.9,False
2066.0,5.8,False
2132.0,5.7,False
2201.0,6.3,False
2246.0,8.6,False
2310.0,10.6,False
2342.0,10.4,False
2411.0,11.1,False
2252.0,12.4,False
2074.0,12.6,False
1972.0,13.0,False
1860.0,13.3,False
1819.0,13.3,False
1966.0,12.7,False
2296.0,10.4,False
2429.0,8.3,False
2265.0,6.6,False
2328.0,5.9,False
2467.0,5.8,False
2607.0,5.7,False
2334.0,4.3,False
2455.0,4.1,False
2256.0,3.8,False
2158.0,3.6,False
2260.0,3.7,False
2527.0,3.5,False
2867.0,3.7,False
2975.0,4.6,False
2956.0,6.5,False
2964.0,8.5,False
2900.0,10.1,False
2956.0,11.6,False
2765.0,12.8,False
2732.0,13.2,False
2714.0,13.1,False
2628.0,12.4,False
2589.0,11.7,False
2690.0,10.5,False
2781.0,9.1,False
2892.0,7.6,False
2635.0,7.1,False
2648.0,7.1,False
2716.0,7.3,False
2791.0,7.5,False
2457.0,7.7,False
2569.0,7.7,False
2344.0,8.5,False
2272.0,9.0,False
2333.0,9.5,False
2588.0,9.7,False
2877.0,10.6,False
2942.0,9.3,False
2941.0,10.3,False
2792.0,11.7,False
2776.0,12.8,False
2756.0,13.3,False
2621.0,13.2,False
2579.0,13.3,False
2573.0,13.4,False
2491.0,13.3,False
2394.0,12.3,False
2413.0,11.4,False
2745.0,9.9,False
2810.0,9.4,False
2547.0,9.6,False
2542.0,9.5,False
2608.0,9.7,False
2687.0,10.0,False
2420.0,9.5,False
2480.0,9.9,False
2287.0,10.3,False
2210.0,10.2,False
2242.0,10.1,False
2487.0,10.2,False
2696.0,10.6,False
2895.0,10.7,False
2993.0,10.8,False
2980.0,11.0,False
2998.0,11.1,False
3048.0,11.3,False
2914.0,11.5,False
2906.0,11.2,False
2844.0,11.3,False
2802.0,11.1,False
2703.0,11.2,False
2765.0,11.5,False
2957.0,11.5,False
2937.0,10.4,False
2656.0,10.1,False
2687.0,9.9,False
2706.0,10.1,False
2786.0,10.1,False
2446.0,10.7,False
2597.0,10.3,False
2358.0,10.0,False
2277.0,9.9,False
2280.0,10.1,False
2536.0,9.9,False
2718.0,10.5,False
2931.0,10.5,False
2925.0,11.2,False
2950.0,11.8,False
2890.0,12.4,False
2934.0,11.9,False
2772.0,11.5,False
2822.0,10.6,False
2814.0,10.7,False
2799.0,11.8,False
2847.0,11.5,False
2904.0,11.3,False
3023.0,11.7,False
2913.0,11.9,False
2625.0,9.9,False
2676.0,9.4,False
2736.0,9.3,False
2869.0,8.9,False
2507.0,8.7,False
2634.0,8.2,False
2396.0,8.0,False
2326.0,7.8,False
2375.0,7.7,False
2627.0,7.6,False
2860.0,7.7,False
3003.0,8.1,False
2965.0,9.3,False
2950.0,10.6,False
2843.0,11.4,False
2866.0,12.0,False
2745.0,12.1,False
2695.0,11.9,False
2638.0,11.5,False
2594.0,10.6,False
2597.0,10.2,False
2741.0,9.6,False
2763.0,8.7,False
2893.0,8.1,False
2672.0,8.1,False
2776.0,8.1,False
2776.0,7.9,False
2871.0,7.8,False
2504.0,8.2,False
2637.0,7.7,False
2387.0,7.6,False
2275.0,7.3,False
2267.0,7.0,False
2381.0,7.2,False
2388.0,7.5,False
2501.0,7.9,False
2598.0,8.9,False
2645.0,10.1,False
2585.0,10.7,False
2685.0,11.2,False
2493.0,11.4,False
2346.0,11.5,False
2252.0,12.3,False
2108.0,12.0,False
2222.0,11.1,False
2427.0,10.0,False
2539.0,9.0,False
2583.0,8.4,False
2425.0,7.6,False
2528.0,7.2,False
2521.0,7.7,False
2734.0,8.8,False
2430.0,8.0,False
2566.0,6.9,False
2280.0,7.5,False
2102.0,6.7,False
2210.0,6.5,False
2205.0,6.5,False
2231.0,7.7,False
2348.0,7.5,False
2445.0,7.9,False
2572.0,8.4,False
2595.0,8.6,False
2452.0,9.4,False
2188.0,11.0,False
2076.0,10.8,False
1914.0,12.4,False
1946.0,11.7,False
2050.0,9.8,False
2286.0,8.7,False
2423.0,7.9,False
2385.0,5.9,False
2402.0,5.5,False
2520.0,6.0,False
2687.0,7.1,False
2354.0,5.4,False
2447.0,4.7,False
2263.0,4.6,False
2179.0,4.4,False
2248.0,4.2,False
2551.0,5.9,False
2908.0,6.2,False
3167.0,4.1,False
3181.0,5.2,False
3087.0,7.2,False
2937.0,8.9,False
2887.0,10.3,False
2792.0,11.1,False
2704.0,11.7,False
2568.0,12.0,False
2487.0,11.1,False
2413.0,11.0,False
2455.0,11.0,False
2703.0,10.4,False
2665.0,8.3,False
2544.0,6.0,False
2530.0,5.2,False
2650.0,5.1,False
2716.0,4.8,False
2340.0,4.8,False
2430.0,5.1,False
2292.0,5.3,False
2196.0,5.3,False
2263.0,5.3,False
2527.0,5.9,False
2941.0,5.8,False
3063.0,4.5,False
3141.0,4.7,False
3089.0,6.1,False
3031.0,6.8,False
3195.0,8.4,False
2928.0,10.0,False
2808.0,11.3,False
2737.0,11.7,False
2624.0,11.6,False
2576.0,11.7,False
2635.0,12.0,False
2841.0,11.0,False
2791.0,9.7,False
2607.0,8.8,False
2583.0,8.6,False
2676.0,8.5,False
2734.0,8.6,False
2407.0,8.7,False
2506.0,10.5,False
2307.0,10.4,False
2184.0,10.4,False
2186.0,10.2,False
2396.0,9.2,False
2737.0,9.1,False
2879.0,9.0,False
3008.0,10.0,False
2921.0,11.8,False
2725.0,13.3,False
2842.0,15.1,False
2690.0,16.2,False
2654.0,16.8,False
2477.0,16.9,False
2481.0,16.4,False
2405.0,16.0,False
2566.0,15.1,False
2690.0,14.2,False
2653.0,12.5,False
2523.0,11.4,False
2508.0,11.6,False
2707.0,11.5,False
2682.0,11.3,False
2350.0,11.2,False
2465.0,11.7,False
2191.0,11.4,False
2150.0,11.1,False
2125.0,10.8,False
2403.0,10.1,False
2689.0,10.2,False
2889.0,10.5,False
2938.0,10.7,False
2901.0,10.8,False
2818.0,11.2,False
2799.0,12.8,False
2634.0,13.6,False
2605.0,14.0,False
2567.0,14.1,False
2522.0,13.9,False
2491.0,13.4,False
2593.0,12.2,False
2784.0,11.2,False
2739.0,9.8,False
2569.0,10.1,False
2615.0,10.6,False
2609.0,11.1,False
2711.0,10.5,False
2378.0,10.5,False
2501.0,10.5,False
2329.0,10.2,False
2205.0,9.9,False
2276.0,9.8,False
2454.0,9.9,False
2797.0,9.8,False
2955.0,9.9,False
3028.0,9.8,False
2983.0,9.9,False
2971.0,10.3,False
2915.0,10.5,False
2778.0,11.1,False
2672.0,12.3,False
2630.0,12.2,False
2494.0,10.9,False
2481.0,9.8,False
2510.0,10.9,False
2633.0,10.0,False
2605.0,9.9,False
2558.0,9.3,False
2604.0,10.0,False
2682.0,9.8,False
2730.0,9.8,False
2389.0,9.9,False
2602.0,9.6,False
2248.0,9.7,False
2188.0,9.6,False
2103.0,9.7,False
2206.0,9.7,False
2279.0,9.8,False
2365.0,9.7,False
2473.0,9.7,False
2506.0,9.5,False
2499.0,10.3,False
2538.0,10.4,False
2434.0,12.5,False
2334.0,11.3,False
2206.0,11.2,False
2125.0,10.8,False
2045.0,12.1,False
2170.0,11.6,False
2269.0,10.5,False
2325.0,9.0,False
2269.0,8.7,False
2320.0,8.5,False
2468.0,8.4,False
2624.0,7.7,False
2281.0,8.4,False
2385.0,8.5,False
2138.0,8.4,False
1981.0,8.6,False
1943.0,8.2,False
1990.0,7.8,False
2092.0,6.7,False
2138.0,5.5,False
2229.0,7.3,False
2280.0,8.1,False
2366.0,8.7,False
2476.0,9.2,False
2387.0,8.9,False
2208.0,9.4,False
2148.0,9.1,False
2073.0,8.6,False
2029.0,9.0,False
2184.0,8.1,False
2396.0,7.5,False
2460.0,7.1,False
2396.0,7.1,False
2406.0,7.3,False
2511.0,4.4,False
2683.0,3.4,False
2402.0,2.7,False
2526.0,2.2,False
2348.0,1.7,False
2268.0,1.4,False
2345.0,1.4,False
2645.0,1.5,False
3055.0,1.7,False
3270.0,1.8,False
3259.0,3.8,False
3226.0,6.0,False
3206.0,7.6,False
3136.0,8.9,False
2919.0,10.1,False
2819.0,10.9,False
2726.0,11.7,False
2540.0,12.1,False
2417.0,12.2,False
2466.0,11.8,False
2712.0,11.2,False
2654.0,9.3,False
2589.0,6.6,False
2592.0,5.3,False
2709.0,4.8,False
2832.0,4.3,False
2571.0,3.8,False
2702.0,3.3,False
2541.0,2.8,False
2461.0,2.1,False
2554.0,1.7,False
2859.0,1.3,False
3325.0,1.1,False
3458.0,1.2,False
3449.0,3.0,False
3055.0,5.6,False
2985.0,7.4,False
2938.0,8.8,False
2762.0,10.0,False
2699.0,10.9,False
2595.0,11.6,False
2467.0,12.0,False
2390.0,12.2,False
2414.0,12.0,False
2558.0,11.3,False
2596.0,8.3,False
2569.0,4.8,False
2586.0,3.9,False
2673.0,3.5,False
2799.0,3.2,False
2510.0,2.9,False
2644.0,2.9,False
2484.0,2.5,False
2451.0,2.2,False
2486.0,2.1,False
2788.0,2.0,False
3143.0,2.0,False
3280.0,2.1,False
3299.0,4.0,False
3155.0,6.0,False
3072.0,7.9,False
3055.0,9.5,False
2887.0,10.3,False
2778.0,10.9,False
2691.0,11.2,False
2591.0,11.5,False
2494.0,11.7,False
2734.0,11.4,False
2859.0,10.6,False
2779.0,9.1,False
2646.0,8.1,False
2655.0,7.9,False
2674.0,7.6,False
2889.0,7.1,False
2483.0,7.1,False
2487.0,6.4,False
2370.0,7.1,False
2293.0,7.4,False
2334.0,7.4,False
2566.0,7.3,False
2924.0,7.5,False
3024.0,7.7,False
3074.0,8.7,False
3047.0,9.0,False
2973.0,9.1,False
2970.0,11.9,False
2780.0,12.8,False
2742.0,12.6,False
2641.0,12.4,False
2535.0,13.4,False
2472.0,13.3,False
2393.0,13.3,False
2803.0,12.8,False
2552.0,10.1,False
2521.0,7.9,False
2581.0,6.3,False
2674.0,5.7,False
2749.0,5.1,False
2482.0,4.9,False
2615.0,4.4,False
2427.0,4.2,False
2365.0,4.1,False
2495.0,4.0,False
2761.0,3.9,False
3166.0,3.5,False
3263.0,3.2,False
3253.0,5.2,False
3098.0,7.5,False
2943.0,9.3,False
2821.0,10.5,False
2696.0,11.4,False
2603.0,12.3,False
2506.0,12.8,False
2347.0,12.9,False
2289.0,12.9,False
2340.0,12.6,False
2452.0,11.6,False
2431.0,9.7,False
2391.0,7.3,False
2503.0,6.6,False
2584.0,6.0,False
2678.0,5.7,False
2350.0,5.2,False
2482.0,4.2,False
2247.0,4.0,False
2145.0,3.7,False
2133.0,3.6,False
2217.0,3.4,False
2286.0,3.1,False
2458.0,3.2,False
2573.0,5.1,False
2515.0,7.8,False
2533.0,10.0,False
2343.0,11.8,False
2226.0,12.9,False
2114.0,13.4,False
2029.0,13.9,False
1917.0,14.0,False
1836.0,14.0,False
1942.0,13.7,False
2111.0,13.1,False
2094.0,11.4,False
2096.0,9.5,False
2185.0,8.7,False
2307.0,8.3,False
2444.0,7.9,False
2098.0,7.3,False
2201.0,6.8,False
2022.0,7.0,False
1890.0,5.9,False
1844.0,5.8,False
1913.0,5.2,False
2010.0,5.1,False
2055.0,5.9,False
2298.0,7.2,False
2178.0,9.2,False
2134.0,11.2,False
2103.0,13.0,False
1983.0,14.1,False
1827.0,15.1,False
1799.0,15.7,False
1699.0,15.4,False
1687.0,14.6,False
1788.0,14.1,False
1944.0,12.9,False
2017.0,11.5,False
2000.0,9.7,False
2090.0,8.8,False
2216.0,8.6,False
2328.0,8.3,False
2035.0,8.8,False
2090.0,9.7,False
1878.0,9.7,False
1737.0,9.4,False
1697.0,9.5,False
1782.0,9.8,False
1850.0,10.0,False
1878.0,10.1,False
2027.0,10.5,False
2163.0,11.6,False
2256.0,11.2,False
2361.0,11.5,False
2263.0,11.9,False
2165.0,12.1,False
1999.0,13.0,False
1825.0,14.2,False
1886.0,14.1,False
1995.0,13.4,False
2245.0,12.4,False
2289.0,10.5,False
2204.0,9.2,False
2238.0,7.7,False
2392.0,6.3,False
2510.0,5.7,False
2163.0,5.5,False
2285.0,5.9,False
2135.0,6.1,False
2051.0,6.3,False
2149.0,6.0,False
2400.0,6.5,False
2677.0,6.5,False
2920.0,6.6,False
2979.0,7.9,False
2930.0,8.9,False
2913.0,10.3,False
2928.0,10.6,False
2736.0,11.1,False
2753.0,11.5,False
2698.0,11.6,False
2642.0,11.7,False
2705.0,11.8,False
2675.0,11.2,False
3001.0,10.6,False
2891.0,10.3,False
2939.0,9.9,False
2744.0,9.7,False
2747.0,10.1,False
2865.0,10.4,False
2483.0,9.6,False
2585.0,8.7,False
2340.0,8.3,False
2290.0,6.1,False
2332.0,4.6,False
2566.0,4.2,False
2884.0,4.2,False
3095.0,4.4,False
3132.0,5.6,False
3050.0,7.6,False
2947.0,8.1,False
2971.0,9.2,False
2820.0,9.5,False
2769.0,9.5,False
2720.0,9.7,False
2663.0,9.7,False
2617.0,9.4,False
2656.0,8.6,False
2963.0,7.8,False
2846.0,6.6,False
2727.0,5.8,False
2770.0,5.8,False
2837.0,6.0,False
2956.0,6.3,False
2649.0,5.8,False
2736.0,5.5,False
2551.0,5.3,False
2397.0,3.7,False
2486.0,2.8,False
2724.0,2.3,False
3018.0,2.1,False
3272.0,4.0,False
3316.0,5.7,False
3224.0,6.4,False
3142.0,4.8,False
3258.0,9.0,False
2971.0,9.4,False
2927.0,10.1,False
2807.0,9.8,False
2696.0,10.5,False
2593.0,10.3,False
2688.0,9.7,False
2879.0,8.9,False
2679.0,8.2,False
2677.0,6.9,False
2723.0,6.3,False
2837.0,5.2,False
2950.0,4.8,False
2592.0,4.7,False
2695.0,5.2,False
2464.0,5.9,False
2350.0,6.6,False
2417.0,6.9,False
2647.0,7.0,False
3019.0,8.1,False
3116.0,8.1,False
3182.0,9.5,False
3117.0,11.2,False
3070.0,11.7,False
3127.0,12.2,False
2886.0,12.4,False
2800.0,11.3,False
2712.0,10.5,False
2598.0,9.9,False
2558.0,12.4,False
2643.0,11.9,False
2586.0,11.6,False
2755.0,10.5,False
2613.0,8.9,False
2682.0,9.7,False
2749.0,9.3,False
2836.0,8.2,True
2627.0,6.8,True
2600.0,6.2,True
2392.0,7.8,True
2258.0,8.6,True
2240.0,8.3,True
2322.0,8.9,True
2444.0,8.6,True
2533.0,5.0,True
2587.0,7.2,True
2513.0,9.2,True
2426.0,10.6,True
2429.0,11.8,True
2384.0,12.8,True
2224.0,13.4,True
2093.0,13.7,True
1979.0,13.8,True
1933.0,13.6,True
1996.0,13.2,True
2048.0,12.6,True
2166.0,10.7,True
2140.0,8.4,True
2340.0,7.2,True
2430.0,5.9,True
2565.0,5.7,True
2365.0,5.5,True
2361.0,5.0,True
2139.0,4.6,True
2015.0,4.5,True
1994.0,4.6,True
2054.0,4.9,True
2154.0,4.5,True
2229.0,4.2,True
2266.0,6.7,True
2275.0,8.7,True
2252.0,10.5,True
2288.0,12.2,True
2256.0,13.4,True
2003.0,14.2,True
1857.0,15.0,True
1744.0,15.4,True
1701.0,15.3,True
1705.0,15.2,True
1974.0,15.1,True
2016.0,12.2,True
1983.0,9.7,True
2107.0,10.3,True
2273.0,9.6,True
2383.0,9.2,True
2108.0,9.2,True
2172.0,9.1,True
1941.0,9.1,True
1928.0,8.8,True
2011.0,8.6,True
2273.0,8.0,True
2565.0,5.6,True
2690.0,7.5,True
2736.0,8.0,True
2726.0,8.8,True
2784.0,9.8,True
2643.0,12.0,True
2634.0,13.3,True
2473.0,14.3,True
2348.0,14.4,True
2199.0,14.3,True
2139.0,13.7,True
2154.0,13.0,True
2385.0,12.5,True
2347.0,10.4,True
2217.0,8.7,True
2308.0,7.5,True
2415.0,6.8,True
2554.0,6.4,True
2192.0,6.2,True
2289.0,6.1,True
2066.0,5.8,True
1976.0,5.8,True
2000.0,5.9,True
2197.0,5.9,True
2502.0,5.9,True
2683.0,6.1,True
2743.0,7.9,True
2713.0,9.7,True
2796.0,11.2,True
2680.0,12.3,True
2606.0,13.2,True
2531.0,13.9,True
2469.0,13.4,True
2342.0,12.4,True
2238.0,12.9,True
2324.0,11.2,True
2519.0,10.8,True
2496.0,10.5,True
2346.0,8.7,True
2404.0,7.5,True
2508.0,7.0,True
2601.0,6.9,True
2260.0,7.0,True
2350.0,6.1,True
2156.0,5.6,True
1951.0,5.1,True
2112.0,5.0,True
2343.0,5.2,True
2573.0,7.2,True
2704.0,7.7,True
2803.0,8.8,True
2709.0,10.3,True
2678.0,11.7,True
2648.0,12.6,True
2625.0,12.8,True
2492.0,11.0,True
2384.0,11.4,True
2300.0,11.8,True
2175.0,12.0,True
2167.0,12.4,True
2381.0,12.3,True
2338.0,12.8,True
2217.0,10.4,True
2310.0,9.3,True
2350.0,8.9,True
2513.0,8.8,True
2127.0,8.7,True
2197.0,8.9,True
1989.0,8.1,True
1927.0,7.5,True
1926.0,7.2,True
2086.0,7.1,True
2372.0,6.3,True
2545.0,5.8,True
2620.0,6.8,True
2669.0,8.1,True
2511.0,9.3,True
2555.0,10.6,True
2506.0,12.0,True
2418.0,13.3,True
2289.0,13.7,True
2224.0,13.7,True
2158.0,13.6,True
2088.0,13.1,True
2335.0,12.0,True
2289.0,9.6,True
2221.0,7.6,True
2361.0,6.4,True
2384.0,5.3,True
2500.0,4.4,True
2168.0,3.6,True
2248.0,3.2,True
2061.0,3.1,True
2012.0,2.9,True
2090.0,2.8,True
2272.0,2.7,True
2516.0,2.6,True
2667.0,3.3,True
2715.0,5.5,True
2684.0,7.5,True
2623.0,8.9,True
2597.0,10.2,True
2638.0,11.1,True
2494.0,11.7,True
2372.0,12.2,True
2279.0,12.7,True
2161.0,12.9,True
2221.0,12.8,True
2335.0,12.2,True
2319.0,11.1,True
2224.0,8.5,True
2365.0,7.4,True
2411.0,7.2,True
2522.0,6.0,True
2275.0,5.7,True
2213.0,5.4,True
1974.0,6.5,True
1844.0,6.8,True
1837.0,7.0,True
1917.0,6.4,True
1969.0,6.2,True
2058.0,6.8,True
2216.0,8.2,True
2232.0,9.2,True
2142.0,11.9,True
2192.0,13.6,True
2232.0,14.1,True
2065.0,14.0,True
1950.0,14.4,True
1876.0,14.0,True
1845.0,13.6,True
1805.0,13.2,True
2032.0,12.3,True
2044.0,11.3,True
1982.0,10.4,True
2173.0,9.6,True
2210.0,9.7,True
2318.0,9.4,True
2108.0,9.2,True
2009.0,8.7,True
1796.0,9.4,True
1671.0,9.4,True
1661.0,9.4,True
1681.0,9.0,True
1718.0,9.1,True
1799.0,8.6,True
1938.0,9.0,True
2073.0,10.6,True
2101.0,10.8,True
2152.0,13.5,True
2178.0,13.5,True
1994.0,14.2,True
1853.0,14.1,True
1797.0,12.6,True
1765.0,11.5,True
1737.0,11.9,True
2053.0,11.4,True
2094.0,10.5,True
2026.0,7.8,True
2218.0,6.0,True
2281.0,5.3,True
2388.0,4.8,True
2065.0,4.6,True
2130.0,4.7,True
1935.0,4.6,True
1883.0,4.2,True
1946.0,4.2,True
2171.0,4.1,True
2476.0,3.8,True
2598.0,5.2,True
2712.0,7.4,True
2664.0,9.3,True
2674.0,9.3,True
2832.0,9.7,True
2707.0,10.2,True
2524.0,12.0,True
2407.0,12.9,True
2322.0,11.9,True
2224.0,11.9,True
2208.0,13.2,True
2466.0,11.7,True
2453.0,10.9,True
2287.0,8.5,True
2427.0,6.6,True
2548.0,5.9,True
2589.0,5.2,True
2220.0,4.7,True
2283.0,4.1,True
2156.0,4.0,True
2063.0,3.9,True
2188.0,3.8,True
2415.0,5.8,True
2616.0,6.4,True
2803.0,5.1,True
2911.0,6.6,True
2870.0,7.9,True
2913.0,9.0,True
2848.0,9.0,True
2836.0,9.2,True
2696.0,10.5,True
2591.0,10.9,True
2446.0,10.7,True
2477.0,10.4,True
2524.0,8.6,True
2689.0,8.1,True
2667.0,6.9,True
2466.0,6.6,True
2528.0,6.4,True
2610.0,6.6,True
2682.0,6.8,True
2336.0,7.1,True
2373.0,7.3,True
2079.0,7.3,True
2047.0,6.8,True
2130.0,7.0,True
2320.0,7.7,True
2534.0,7.8,True
2729.0,7.9,True
2854.0,9.1,True
2838.0,10.5,True
2848.0,11.6,True
2886.0,12.9,True
2909.0,13.8,True
2725.0,16.1,True
2588.0,16.1,True
2417.0,16.4,True
2335.0,16.5,True
2352.0,16.5,True
2538.0,15.8,True
2485.0,13.7,True
2315.0,12.2,True
2426.0,10.6,True
2540.0,10.6,True
2620.0,9.8,True
2258.0,10.0,True
2288.0,9.9,True
2068.0,10.4,True
2016.0,10.6,True
2055.0,10.8,True
2280.0,11.0,True
2483.0,11.1,True
2661.0,10.7,True
2805.0,11.2,True
2849.0,11.6,True
2850.0,12.6,True
2931.0,13.0,True
2958.0,13.3,True
2782.0,13.2,True
2620.0,13.4,True
2532.0,13.4,True
2446.0,13.7,True
2514.0,13.5,True
2636.0,13.7,True
2581.0,14.0,True
2418.0,13.0,True
2476.0,12.8,True
2553.0,12.8,True
2601.0,12.8,True
2244.0,12.7,True
2269.0,12.7,True
2035.0,12.7,True
1961.0,12.6,True
1960.0,12.6,True
2156.0,12.4,True
2312.0,12.4,True
2514.0,12.8,True
2657.0,13.6,True
2662.0,14.1,True
2652.0,15.2,True
2831.0,16.1,True
2708.0,16.6,True
2540.0,19.3,True
2398.0,19.9,True
2272.0,20.1,True
2213.0,19.2,True
2278.0,19.4,True
2361.0,19.3,True
2341.0,17.4,True
2190.0,14.7,True
2311.0,13.1,True
2414.0,12.6,True
2556.0,12.3,True
2130.0,12.1,True
2153.0,11.3,True
1886.0,10.9,True
1801.0,10.8,True
1751.0,10.7,True
1803.0,10.8,True
1884.0,10.7,True
1980.0,10.6,True
2155.0,11.7,True
2222.0,12.6,True
2194.0,13.6,True
2223.0,15.0,True
2258.0,16.8,True
2060.0,18.3,True
1921.0,19.0,True
1834.0,19.0,True
1775.0,18.5,True
1837.0,17.6,True
1944.0,17.7,True
1918.0,15.8,True
1838.0,14.4,True
1982.0,12.3,True
2167.0,11.6,True
2272.0,11.3,True
1888.0,11.3,True
1894.0,9.7,True
1663.0,9.6,True
1551.0,10.8,True
1500.0,10.9,True
1490.0,10.4,True
1550.0,10.3,True
1612.0,11.4,True
1732.0,12.1,True
1909.0,12.9,True
1986.0,12.9,True
2119.0,13.8,True
2152.0,14.8,True
1900.0,12.3,True
1749.0,12.8,True
1652.0,14.3,True
1612.0,15.0,True
1701.0,14.5,True
1839.0,13.7,True
1903.0,12.0,True
1832.0,10.6,True
1934.0,10.1,True
2095.0,10.1,True
2190.0,10.0,True
1839.0,9.9,True
1829.0,9.4,True
1610.0,8.5,True
1503.0,8.2,True
1475.0,8.5,True
1531.0,9.8,True
1552.0,10.4,True
1647.0,9.9,True
1725.0,12.1,True
1836.0,13.0,True
1891.0,13.9,True
2011.0,15.0,True
2111.0,16.1,True
1862.0,16.6,True
1720.0,16.9,True
1632.0,17.2,True
1592.0,17.2,True
1677.0,16.5,True
1907.0,15.6,True
1908.0,13.6,True
1802.0,11.2,True
1966.0,9.3,True
2088.0,8.5,True
2226.0,8.0,False
1909.0,8.0,False
1938.0,7.9,False
1744.0,7.6,False
1698.0,7.3,False
1765.0,7.2,False
2029.0,7.1,False
2333.0,6.9,False
2489.0,8.4,False
2579.0,10.6,False
2501.0,12.5,False
2487.0,14.2,False
2529.0,15.0,False
2567.0,15.9,False
2422.0,17.1,False
2282.0,17.9,False
2193.0,18.5,False
2137.0,18.7,False
2130.0,18.4,False
2249.0,15.6,False
2261.0,15.8,False
2078.0,13.4,False
2196.0,11.7,False
2262.0,11.1,False
2325.0,10.7,False
1926.0,10.5,False
1988.0,10.1,False
1748.0,9.2,False
1698.0,8.4,False
1753.0,7.7,False
1922.0,7.2,False
2123.0,6.7,False
2315.0,7.4,False
2408.0,9.0,False
2356.0,10.7,False
2379.0,12.4,False
2452.0,13.9,False
2544.0,15.1,False
2410.0,16.1,False
2271.0,16.8,False
2172.0,17.3,False
2147.0,17.6,False
2205.0,17.3,False
2373.0,16.4,False
2296.0,15.6,False
2077.0,14.5,False
2203.0,14.1,False
2245.0,13.9,False
2328.0,12.9,False
1960.0,12.4,False
2013.0,11.6,False
1787.0,11.6,False
1706.0,11.8,False
1751.0,11.1,False
1916.0,11.6,False
2205.0,12.6,False
2333.0,12.7,False
2511.0,13.5,False
2513.0,14.6,False
2454.0,15.6,False
2530.0,16.5,False
2540.0,16.5,False
2449.0,17.7,False
2296.0,17.8,False
2264.0,17.3,False
2172.0,16.6,False
2173.0,15.8,False
2381.0,14.8,False
2328.0,13.7,False
2031.0,12.6,False
2238.0,11.5,False
2293.0,11.1,False
2424.0,11.6,False
2007.0,12.3,False
2039.0,12.3,False
1822.0,12.5,False
1782.0,12.4,False
1769.0,12.4,False
1921.0,12.4,False
2215.0,12.0,False
2378.0,11.6,False
2442.0,13.3,False
2449.0,14.5,False
2441.0,15.6,False
2493.0,16.1,False
2528.0,16.6,False
2381.0,17.2,False
2308.0,17.3,False
2223.0,17.1,False
2119.0,16.8,False
2178.0,16.3,False
2260.0,15.7,False
2251.0,14.3,False
2058.0,12.9,False
2173.0,12.0,False
2244.0,11.6,False
2295.0,11.3,False
1945.0,10.8,False
1951.0,10.9,False
1706.0,11.4,False
1629.0,11.6,False
1588.0,11.5,False
1628.0,11.8,False
1656.0,11.9,False
1794.0,12.3,False
1952.0,12.7,False
2169.0,13.2,False
2067.0,14.8,False
2158.0,14.7,False
2234.0,14.0,False
2076.0,15.2,False
1939.0,13.5,False
1857.0,14.0,False
1786.0,13.5,False
1822.0,15.3,False
1935.0,15.6,False
1931.0,15.2,False
1811.0,13.7,False
1947.0,12.0,False
2047.0,11.1,False
2146.0,10.8,False
1803.0,10.7,False
1868.0,10.1,False
1568.0,9.7,False
1460.0,9.0,False
1420.0,8.7,False
1446.0,8.4,False
1442.0,8.2,False
1560.0,10.4,False
1702.0,12.3,False
1827.0,13.9,False
1890.0,15.2,False
1999.0,16.3,False
2042.0,17.3,False
1829.0,17.5,False
1698.0,18.6,False
1640.0,18.4,False
1606.0,15.8,False
1638.0,16.0,False
1695.0,17.2,False
1819.0,16.0,False
1762.0,14.2,False
1900.0,12.1,False
2018.0,11.4,False
2113.0,10.8,False
1900.0,10.6,False
1795.0,9.5,False
1574.0,9.3,False
1476.0,9.2,False
1466.0,9.2,False
1528.0,9.2,False
1529.0,9.4,False
1637.0,11.3,False
1795.0,12.7,False
1927.0,13.5,False
1990.0,14.3,False
2120.0,14.3,False
2199.0,13.1,False
1976.0,12.6,False
1849.0,12.5,False
1811.0,12.3,False
1762.0,13.6,False
1876.0,14.6,False
2119.0,14.9,False
2089.0,13.6,False
1923.0,13.4,False
2014.0,13.2,False
2097.0,13.1,False
2181.0,13.1,False
1854.0,13.2,False
1893.0,13.3,False
1673.0,13.3,False
1625.0,13.2,False
1704.0,13.1,False
1941.0,13.1,False
2206.0,12.9,False
2374.0,11.7,False
2475.0,12.0,False
2510.0,12.1,False
2497.0,12.3,False
2546.0,12.6,False
2554.0,12.6,False
2423.0,14.6,False
2300.0,17.1,False
2237.0,16.9,False
2149.0,16.7,False
2211.0,15.9,False
2355.0,14.5,False
2265.0,13.3,False
2092.0,11.2,False
2250.0,9.3,False
2265.0,7.7,False
2338.0,7.3,False
1968.0,7.2,False
2027.0,6.9,False
1833.0,6.8,False
1767.0,6.8,False
1833.0,6.8,False
1995.0,7.0,False
2249.0,7.2,False
2450.0,10.6,False
2488.0,10.9,False
2513.0,12.6,False
2514.0,13.5,False
2593.0,14.1,False
2611.0,14.5,False
2426.0,14.6,False
2321.0,14.5,False
2284.0,14.0,False
2208.0,14.6,False
2256.0,14.3,False
2412.0,13.5,False
2325.0,11.9,False
2163.0,10.3,False
2239.0,8.8,False
2330.0,7.8,False
2377.0,7.3,False
2029.0,6.8,False
2069.0,6.4,False
1860.0,6.2,False
1784.0,6.0,False
1852.0,5.9,False
2069.0,5.7,False
2339.0,5.7,False
2518.0,8.3,False
2570.0,9.1,False
2488.0,9.9,False
2593.0,11.1,False
2570.0,13.1,False
2608.0,14.1,False
2432.0,14.5,False
2359.0,13.4,False
2254.0,14.0,False
2215.0,14.7,False
2249.0,13.3,False
2364.0,13.2,False
2269.0,12.1,False
2128.0,10.4,False
2272.0,8.2,False
2327.0,7.3,False
2392.0,7.0,False
2053.0,6.8,False
2069.0,6.0,False
1868.0,5.9,False
1771.0,5.9,False
1848.0,6.0,False
2108.0,6.2,False
2321.0,6.4,False
2522.0,7.7,False
2574.0,10.2,False
2542.0,12.0,False
2521.0,13.6,False
2557.0,14.9,False
2556.0,15.8,False
2459.0,16.3,False
2285.0,16.3,False
2213.0,15.7,False
2112.0,15.1,False
2198.0,13.8,False
2348.0,13.1,False
2281.0,12.2,False
2082.0,10.8,False
2219.0,9.6,False
2279.0,8.6,False
2333.0,8.2,False
2081.0,8.6,False
1995.0,10.7,False
1738.0,10.6,False
1647.0,10.7,False
1627.0,10.9,False
1660.0,10.7,False
1693.0,10.5,False
1841.0,10.6,False
2031.0,11.2,False
2107.0,12.6,False
2117.0,13.2,False
2203.0,13.9,False
2262.0,15.1,False
2037.0,15.6,False
1889.0,15.8,False
1835.0,15.9,False
1758.0,16.3,False
1821.0,16.2,False
1798.0,15.6,False
1876.0,14.4,False
1799.0,13.0,False
1966.0,10.9,False
2086.0,9.8,False
2187.0,9.6,False
1835.0,9.4,False
1863.0,9.1,False
1648.0,9.0,False
1564.0,9.1,False
1510.0,9.1,False
1557.0,9.1,False
1543.0,9.1,False
1648.0,10.6,False
1749.0,13.0,False
1870.0,14.9,False
1911.0,16.2,False
2015.0,17.1,False
2056.0,17.7,False
1820.0,17.8,False
1680.0,17.9,False
1602.0,17.4,False
1572.0,16.9,False
1615.0,16.3,False
1756.0,15.5,False
1856.0,14.7,False
1775.0,12.4,False
1903.0,10.8,False
2003.0,10.1,False
2125.0,10.1,False
1849.0,9.6,False
1848.0,9.7,False
1620.0,9.5,False
1588.0,9.5,False
1623.0,9.5,False
1823.0,9.5,False
2055.0,10.0,False
2310.0,9.9,False
2453.0,11.1,False
2526.0,11.6,False
2464.0,10.4,False
2689.0,11.3,False
2627.0,9.3,False
2482.0,12.8,False
2354.0,13.3,False
2265.0,12.1,False
2192.0,12.5,False
2189.0,11.9,False
2280.0,11.7,False
2278.0,10.6,False
2145.0,9.3,False
2247.0,7.7,False
2283.0,6.3,False
2443.0,5.7,False
2072.0,5.4,False
2095.0,5.4,False
1874.0,5.3,False
1838.0,5.3,False
1881.0,5.6,False
2075.0,5.7,False
2304.0,5.7,False
2482.0,7.7,False
2530.0,10.2,False
2484.0,11.6,False
2469.0,12.7,False
2522.0,13.6,False
2521.0,14.1,False
2414.0,14.2,False
2309.0,14.4,False
2180.0,14.3,False
2118.0,13.8,False
2140.0,13.3,False
2229.0,12.4,False
2228.0,11.2,False
2058.0,9.2,False
2185.0,6.8,False
2253.0,5.9,False
2423.0,5.5,False
2027.0,5.5,False
2072.0,5.7,False
1851.0,5.8,False
1793.0,5.9,False
1854.0,6.0,False
2025.0,6.1,False
2246.0,6.5,False
2418.0,8.5,False
2520.0,11.3,False
2485.0,13.2,False
2391.0,14.4,False
2511.0,15.4,False
2644.0,15.8,False
2431.0,15.8,False
2364.0,15.7,False
2229.0,15.5,False
2155.0,15.3,False
2134.0,14.6,False
2211.0,13.5,False
2198.0,12.4,False
1959.0,10.8,False
2176.0,9.4,False
2251.0,9.0,False
2336.0,8.6,True
1979.0,8.3,True
1995.0,7.7,True
1734.0,7.3,True
1708.0,7.4,True
1590.0,7.7,True
1643.0,7.7,True
1674.0,8.0,True
1785.0,9.6,True
1884.0,11.5,True
1948.0,13.0,True
1943.0,14.1,True
2057.0,15.0,True
2102.0,15.8,True
1878.0,16.0,True
1782.0,16.4,True
1692.0,16.4,True
1616.0,16.0,True
1657.0,15.3,True
1832.0,14.5,True
1906.0,13.1,True
1802.0,11.3,True
1968.0,9.5,True
2092.0,8.3,True
2169.0,7.7,True
1874.0,7.5,True
1900.0,7.4,True
1658.0,7.5,True
1603.0,7.4,True
1656.0,7.2,True
1768.0,7.3,True
1857.0,7.6,True
2048.0,9.3,True
2123.0,11.7,True
2167.0,13.1,True
2152.0,14.5,True
2211.0,15.3,True
2297.0,15.8,True
2158.0,16.2,True
2013.0,16.3,True
1949.0,15.8,True
1886.0,15.3,True
1932.0,14.8,True
2068.0,14.3,True
2032.0,13.0,True
1885.0,11.3,True
2023.0,9.4,True
2140.0,8.3,True
2220.0,8.5,True
1893.0,8.0,True
1868.0,7.8,True
1639.0,7.8,True
1565.0,7.7,True
1563.0,7.6,True
1595.0,7.4,True
1631.0,7.4,True
1764.0,9.0,True
1907.0,11.0,True
1946.0,12.6,True
1937.0,14.0,True
1980.0,15.1,True
2074.0,15.7,True
1959.0,16.3,True
1729.0,16.4,True
1668.0,16.2,True
1715.0,15.6,True
1716.0,15.1,True
1805.0,14.6,True
1814.0,13.8,True
1719.0,12.3,True
1856.0,10.3,True
2005.0,9.7,True
2098.0,9.9,True
1771.0,9.6,True
1784.0,9.3,True
1515.0,9.0,True
1408.0,8.9,True
1380.0,8.8,True
1407.0,8.7,True
1390.0,8.6,True
1514.0,10.6,True
1641.0,11.3,True
1738.0,12.0,True
1833.0,13.1,True
1905.0,14.1,True
1987.0,14.3,True
1787.0,17.1,True
1658.0,16.9,True
1595.0,16.4,True
1520.0,15.8,True
1659.0,15.2,True
1726.0,15.0,True
1835.0,14.8,True
1754.0,13.4,True
1849.0,12.5,True
1905.0,11.7,True
2006.0,10.9,False
1729.0,10.6,False
1763.0,11.3,False
1568.0,11.5,False
1516.0,11.7,False
1583.0,12.5,False
1829.0,12.3,False
2054.0,12.0,False
2233.0,12.4,False
2297.0,12.6,False
2278.0,13.5,False
2377.0,14.6,False
2469.0,16.1,False
2470.0,17.0,False
2349.0,16.0,False
2250.0,15.8,False
2168.0,16.0,False
2098.0,16.6,False
2009.0,16.4,False
2279.0,15.8,False
2207.0,14.7,False
2010.0,13.2,False
2081.0,12.6,False
2175.0,11.7,False
2220.0,11.5,False
1989.0,11.5,False
1906.0,10.9,False
1697.0,11.4,False
1629.0,13.1,False
1677.0,12.9,False
1862.0,12.6,False
2087.0,10.9,False
2277.0,11.2,False
2360.0,12.7,False
2340.0,13.9,False
2360.0,15.0,False
2417.0,15.9,False
2447.0,16.6,False
2301.0,16.7,False
2235.0,16.9,False
2161.0,16.8,False
2100.0,16.3,False
2114.0,15.2,False
2166.0,14.6,False
2183.0,13.1,False
2024.0,11.5,False
2089.0,10.4,False
2096.0,9.9,False
2223.0,9.9,False
1962.0,9.5,False
1888.0,9.1,False
1719.0,8.6,False
1646.0,8.6,False
1681.0,8.4,False
1833.0,8.3,False
1936.0,8.4,False
2252.0,9.8,False
2349.0,11.8,False
2337.0,13.4,False
2504.0,14.7,False
2524.0,15.9,False
2443.0,16.8,False
2325.0,17.0,False
2243.0,17.3,False
2171.0,17.3,False
2092.0,17.0,False
2088.0,16.3,False
2228.0,15.2,False
2139.0,13.9,False
2023.0,12.7,False
2123.0,11.6,False
2055.0,10.9,False
2261.0,10.5,False
1874.0,9.8,False
1920.0,10.4,False
1680.0,10.1,False
1629.0,9.7,False
1692.0,9.2,False
1849.0,9.1,False
2077.0,9.5,False
2254.0,11.2,False
2297.0,12.9,False
2420.0,14.1,False
2336.0,15.2,False
2405.0,16.0,False
2449.0,16.9,False
2373.0,17.5,False
2171.0,18.2,False
2232.0,18.4,False
2149.0,18.1,False
2100.0,17.3,False
2189.0,16.7,False
2190.0,15.6,False
2001.0,14.2,False
2109.0,12.8,False
2161.0,11.9,False
2218.0,11.5,False
1992.0,11.3,False
1900.0,10.3,False
1648.0,10.0,False
1621.0,9.8,False
1680.0,9.4,False
1844.0,9.0,False
2075.0,9.0,False
2261.0,10.4,False
2334.0,12.2,False
2365.0,14.0,False
2367.0,15.5,False
2429.0,16.8,False
2480.0,17.8,False
2305.0,18.8,False
2225.0,19.4,False
2128.0,19.6,False
2056.0,19.3,False
1943.0,18.5,False
2124.0,17.3,False
2100.0,15.6,False
1946.0,13.8,False
2051.0,12.6,False
2170.0,11.6,False
2216.0,10.8,False
1855.0,10.3,False
1831.0,9.7,False
1585.0,9.4,False
1463.0,9.2,False
1453.0,9.0,False
1479.0,8.7,False
1539.0,8.9,False
1775.0,10.6,False
1805.0,12.6,False
1882.0,14.6,False
1875.0,16.5,False
1950.0,17.9,False
2104.0,19.1,False
1898.0,20.2,False
1799.0,21.0,False
1680.0,21.7,False
1679.0,21.9,False
1697.0,21.1,False
1800.0,19.0,False
1750.0,17.5,False
1671.0,15.1,False
1779.0,13.2,False
1928.0,11.9,False
2018.0,11.3,False
1708.0,10.8,False
1829.0,10.9,False
1460.0,10.6,False
1336.0,10.2,False
1294.0,9.9,False
1302.0,9.7,False
1303.0,9.9,False
1413.0,11.6,False
1524.0,13.5,False
1664.0,15.3,False
1712.0,16.8,False
1801.0,17.9,False
1869.0,19.0,False
1694.0,19.9,False
1599.0,20.4,False
1512.0,20.4,False
1504.0,20.0,False
1471.0,19.4,False
1648.0,18.6,False
1723.0,17.4,False
1649.0,15.6,False
1786.0,14.1,False
1899.0,13.2,False
2001.0,12.6,False
1632.0,12.0,False
1674.0,11.8,False
1414.0,11.3,False
1341.0,10.9,False
1289.0,10.7,False
1327.0,10.5,False
1311.0,11.1,False
1446.0,12.5,False
1614.0,13.5,False
1790.0,15.0,False
1780.0,16.6,False
1887.0,18.1,False
1964.0,19.2,False
1849.0,20.3,False
1735.0,20.9,False
1690.0,21.3,False
1514.0,21.3,False
1713.0,20.2,False
1841.0,18.9,False
1819.0,16.7,False
1703.0,14.3,False
1859.0,12.7,False
2011.0,12.0,False
2056.0,11.5,False
1725.0,10.8,False
1743.0,10.4,False
1519.0,10.0,False
1484.0,10.0,False
1521.0,10.1,False
1706.0,10.2,False
1943.0,9.5,False
2145.0,10.5,False
2334.0,12.2,False
2310.0,13.7,False
2314.0,15.3,False
2390.0,16.8,False
2433.0,18.2,False
2372.0,19.1,False
2272.0,19.8,False
2205.0,20.2,False
2116.0,20.1,False
2190.0,20.0,False
2253.0,18.8,False
2163.0,17.0,False
1982.0,15.3,False
2061.0,13.4,False
2183.0,12.2,False
2348.0,11.3,False
1861.0,10.5,False
1888.0,10.3,False
1668.0,9.8,False
1605.0,9.2,False
1646.0,9.0,False
1781.0,9.7,False
1980.0,10.2,False
2200.0,11.4,False
2320.0,12.8,False
2337.0,14.3,False
2367.0,15.9,False
2465.0,17.5,False
2487.0,18.8,False
2369.0,20.1,False
2275.0,21.1,False
2232.0,21.5,False
2144.0,21.5,False
2118.0,20.6,False
2292.0,19.9,False
2180.0,18.9,False
2013.0,17.2,False
2088.0,15.5,False
2200.0,13.9,False
2244.0,13.0,False
1870.0,12.7,False
1912.0,12.4,False
1665.0,12.2,False
1522.0,12.0,False
1659.0,11.7,False
1825.0,11.5,False
2160.0,11.6,False
2227.0,12.9,False
2427.0,14.6,False
2361.0,16.6,False
2376.0,18.4,False
2427.0,20.0,False
2486.0,21.1,False
2399.0,22.0,False
2296.0,23.0,False
2235.0,23.5,False
2138.0,23.1,False
2158.0,21.6,False
2281.0,20.0,False
2171.0,18.6,False
1989.0,16.4,False
2172.0,14.1,False
2051.0,13.0,False
2227.0,12.1,False
1848.0,11.3,False
1862.0,11.2,False
1685.0,10.7,False
1618.0,10.3,False
1646.0,9.8,False
1799.0,9.4,False
1975.0,9.3,False
2195.0,10.6,False
2282.0,12.3,False
2457.0,14.3,False
2351.0,16.1,False
2401.0,17.7,False
2445.0,19.0,False
2352.0,19.7,False
2268.0,20.3,False
2112.0,20.6,False
2043.0,20.4,False
2132.0,19.6,False
2115.0,18.5,False
2056.0,16.2,False
1891.0,14.3,False
2013.0,12.6,False
2109.0,11.3,False
2178.0,10.3,False
1796.0,9.5,False
1787.0,8.8,False
1741.0,8.6,False
1519.0,8.5,False
1468.0,8.5,False
1479.0,8.7,False
1526.0,9.5,False
1649.0,10.6,False
1784.0,12.2,False
1871.0,14.1,False
1878.0,16.0,False
2003.0,17.4,False
2058.0,18.5,False
1924.0,20.2,False
1822.0,20.6,False
1682.0,20.6,False
1690.0,19.7,False
1729.0,18.9,False
1736.0,18.1,False
1780.0,17.6,False
1675.0,16.0,False
1792.0,14.5,False
1889.0,13.2,False
1971.0,12.4,False
1647.0,11.7,False
1659.0,11.3,False
1513.0,10.6,False
1331.0,10.3,False
1294.0,10.0,False
1300.0,9.9,False
1289.0,10.3,False
1403.0,12.1,False
1525.0,14.1,False
1678.0,16.0,False
1731.0,17.8,False
1880.0,19.4,False
1918.0,20.7,False
1737.0,21.8,False
1649.0,22.5,False
1535.0,23.1,False
1568.0,23.0,False
1568.0,21.8,False
1692.0,20.5,False
1787.0,18.9,False
1701.0,16.9,False
1775.0,15.0,False
1896.0,13.4,False
1971.0,12.5,False
1644.0,11.9,False
1663.0,11.4,False
1471.0,10.9,False
1422.0,10.8,False
1499.0,10.7,False
1692.0,10.4,False
1924.0,10.6,False
2109.0,12.5,False
2198.0,14.5,False
2303.0,16.5,False
2298.0,18.2,False
2357.0,19.8,False
2372.0,21.1,False
2349.0,21.9,False
2253.0,22.6,False
2225.0,23.0,False
2142.0,23.0,False
2171.0,22.1,False
2237.0,20.4,False
2136.0,18.4,False
1940.0,16.5,False
2036.0,14.5,False
2111.0,13.1,False
2145.0,12.3,False
1795.0,11.8,False
1825.0,11.2,False
1742.0,10.9,False
1575.0,10.6,False
1607.0,10.3,False
1782.0,10.0,False
1868.0,10.3,False
2157.0,12.5,False
2284.0,14.7,False
2335.0,16.7,False
2376.0,18.4,False
2396.0,19.9,False
2427.0,20.9,False
2359.0,21.5,False
2323.0,22.3,False
2224.0,23.0,False
2168.0,22.0,False
2218.0,21.0,False
2246.0,20.0,False
2119.0,18.8,False
1980.0,16.9,False
2054.0,14.9,False
2135.0,13.4,False
2154.0,12.6,False
1836.0,12.4,False
1850.0,12.7,False
1661.0,12.8,False
1616.0,13.8,False
1652.0,14.0,False
1772.0,12.2,False
1948.0,13.6,False
2139.0,14.5,False
2246.0,16.6,False
2339.0,18.4,False
2367.0,20.4,False
2430.0,21.7,False
2431.0,23.7,False
2362.0,24.9,False
2442.0,25.4,False
2264.0,25.7,False
2234.0,25.8,False
2234.0,25.6,False
2319.0,25.1,False
2182.0,21.0,False
2034.0,19.6,False
2105.0,18.3,False
2192.0,18.1,False
2200.0,17.6,False
1846.0,18.3,False
1860.0,18.1,False
1666.0,18.3,False
1614.0,18.7,False
1631.0,18.0,False
1802.0,18.0,False
2001.0,17.5,False
2200.0,16.9,False
2313.0,17.3,False
2354.0,17.7,False
2530.0,20.1,False
2428.0,21.7,False
2456.0,22.7,False
2389.0,20.8,False
2346.0,21.8,False
2303.0,18.1,False
2252.0,17.9,False
2315.0,18.4,False
2376.0,17.9,False
2226.0,17.0,False
2036.0,17.7,False
2112.0,16.4,False
2151.0,16.4,False
2213.0,15.9,False
1907.0,16.2,False
1881.0,16.6,False
1656.0,16.7,False
1621.0,16.4,False
1669.0,15.4,False
1806.0,15.0,False
2034.0,14.9,False
2258.0,16.1,False
2395.0,16.8,False
2348.0,17.7,False
2457.0,17.9,False
2526.0,17.1,False
2514.0,17.6,False
2405.0,24.8,False
2306.0,22.9,False
2244.0,21.2,False
2187.0,21.4,False
2194.0,21.9,False
2225.0,21.4,False
2142.0,18.8,False
1971.0,18.0,False
1989.0,17.6,False
2177.0,17.3,False
2193.0,16.7,False
1804.0,16.8,False
1968.0,16.2,False
1608.0,15.9,False
1513.0,15.5,False
1466.0,15.4,False
1502.0,15.2,False
1551.0,15.1,False
1666.0,16.2,False
1820.0,16.6,False
1898.0,17.7,False
1943.0,19.4,False
2020.0,21.5,False
2105.0,22.8,False
1947.0,23.8,False
1811.0,23.9,False
1770.0,23.7,False
1728.0,23.3,False
1757.0,23.1,False
1796.0,22.7,False
1789.0,21.2,False
1703.0,19.1,False
1795.0,16.5,False
1927.0,15.1,False
2003.0,14.5,False
1667.0,14.0,False
1675.0,13.5,False
1453.0,13.4,False
1358.0,13.3,False
1306.0,14.5,False
1315.0,14.9,False
1340.0,15.2,False
1434.0,15.0,False
1547.0,15.7,False
1685.0,16.5,False
1739.0,17.7,False
1843.0,20.1,False
1914.0,21.6,False
1728.0,22.0,False
1660.0,22.7,False
1600.0,23.3,False
1575.0,23.0,False
1636.0,22.2,False
1647.0,21.8,False
1793.0,19.1,False
1690.0,18.1,False
1799.0,16.1,False
1926.0,14.5,False
1949.0,13.5,False
1623.0,13.1,False
1661.0,13.1,False
1470.0,12.8,False
1456.0,12.4,False
1519.0,12.3,False
1661.0,12.2,False
1925.0,12.6,False
2101.0,14.3,False
2292.0,16.3,False
2310.0,18.1,False
2320.0,19.8,False
2438.0,21.2,False
2433.0,22.4,False
2406.0,23.1,False
2293.0,23.4,False
2225.0,23.2,False
2159.0,22.5,False
2158.0,22.6,False
2209.0,21.3,False
2154.0,19.5,False
1979.0,18.1,False
2044.0,15.6,False
2148.0,13.7,False
2195.0,13.0,False
1806.0,12.8,False
1827.0,12.9,False
1639.0,12.9,False
1604.0,13.0,False
1631.0,13.2,False
1774.0,13.4,False
2012.0,14.4,False
2186.0,15.3,False
2313.0,16.9,False
2340.0,18.6,False
2367.0,20.8,False
2506.0,22.6,False
2454.0,24.1,False
2385.0,24.1,False
2319.0,24.8,False
2284.0,25.1,False
2172.0,25.4,False
2232.0,25.0,False
2356.0,23.3,False
2172.0,20.3,False
2008.0,19.8,False
2046.0,17.0,False
2149.0,17.2,False
2170.0,15.2,False
1798.0,14.8,False
1845.0,14.8,False
1637.0,14.4,False
1599.0,14.3,False
1647.0,14.3,False
1797.0,14.4,False
1972.0,15.0,False
2134.0,17.4,False
2313.0,19.7,False
2347.0,21.7,False
2396.0,23.4,False
2487.0,24.7,False
2503.0,25.7,False
2442.0,26.1,False
2341.0,26.4,False
2296.0,23.1,False
2209.0,22.9,False
2222.0,25.6,False
2308.0,24.7,False
2203.0,22.8,False
2019.0,20.0,False
1961.0,17.3,False
2246.0,16.6,False
2204.0,15.7,False
1749.0,16.8,False
1895.0,15.0,False
1681.0,14.8,False
1648.0,14.5,False
1683.0,14.3,False
1820.0,14.0,False
2025.0,14.3,False
2190.0,16.0,False
2266.0,17.7,False
2345.0,19.2,False
2372.0,21.0,False
2451.0,22.4,False
2489.0,23.4,False
2408.0,24.0,False
2316.0,24.6,False
2257.0,24.9,False
2226.0,24.9,False
2220.0,23.0,False
2285.0,22.2,False
2175.0,20.9,False
2022.0,19.6,False
2052.0,16.5,False
2175.0,15.4,False
2198.0,14.9,False
1880.0,14.7,False
1909.0,13.9,False
1700.0,13.9,False
1656.0,14.4,False
1698.0,13.4,False
1825.0,13.1,False
2037.0,13.1,False
2177.0,15.3,False
2333.0,17.8,False
2321.0,20.0,False
2388.0,21.4,False
2445.0,22.8,False
2321.0,24.2,False
2389.0,24.1,False
2313.0,24.7,False
2239.0,25.0,False
2149.0,25.2,False
2213.0,25.0,False
2213.0,24.3,False
2130.0,24.0,False
1923.0,20.6,False
2028.0,17.3,False
2153.0,15.6,False
2188.0,16.7,False
1802.0,17.0,False
1815.0,16.7,False
1621.0,16.6,False
1515.0,15.1,False
1462.0,16.2,False
1475.0,16.2,False
1518.0,16.3,False
1629.0,17.0,False
1887.0,18.9,False
1866.0,20.5,False
1901.0,22.1,False
1995.0,23.7,False
2070.0,24.9,False
1930.0,23.2,False
1876.0,24.3,False
1807.0,26.5,False
1719.0,27.1,False
1767.0,25.7,False
1842.0,24.3,False
1819.0,20.7,False
1683.0,20.0,False
1791.0,18.7,False
1877.0,17.2,False
1990.0,16.3,False
1644.0,15.5,False
1643.0,14.5,False
1452.0,14.3,False
1376.0,14.3,False
1339.0,14.2,False
1314.0,14.4,False
1344.0,15.0,False
1542.0,16.5,False
1564.0,18.0,False
1689.0,19.1,False
1751.0,18.7,False
1903.0,18.8,False
1913.0,19.3,False
1743.0,16.6,False
1629.0,16.9,False
1547.0,15.7,False
1534.0,15.1,False
1589.0,14.4,False
1744.0,15.9,False
1771.0,18.2,False
1675.0,17.2,False
1772.0,15.3,False
1880.0,15.2,False
1964.0,14.2,False
1589.0,12.7,False
1665.0,12.2,False
1469.0,12.4,False
1469.0,12.4,False
1551.0,12.3,False
1719.0,12.5,False
1940.0,13.3,False
2129.0,14.8,False
2293.0,16.4,False
2318.0,17.8,False
2332.0,19.2,False
2417.0,20.1,False
2442.0,21.5,False
2402.0,18.1,False
2318.0,20.0,False
2275.0,17.9,False
2230.0,18.0,False
2208.0,16.6,False
2311.0,16.6,False
2220.0,19.7,False
2020.0,18.3,False
2060.0,18.1,False
2161.0,16.9,False
2176.0,16.3,False
1800.0,16.4,False
1879.0,14.4,False
1665.0,13.7,False
1630.0,12.9,False
1689.0,12.7,False
1807.0,12.6,False
2007.0,13.0,False
2198.0,15.5,False
2309.0,16.5,False
2326.0,16.5,False
2359.0,17.9,False
2446.0,19.9,False
2422.0,21.6,False
2358.0,21.5,False
2311.0,21.0,False
2233.0,20.6,False
2195.0,22.2,False
2205.0,22.4,False
2255.0,21.6,False
2160.0,20.5,False
1996.0,18.1,False
2060.0,15.4,False
2146.0,13.9,False
2159.0,13.6,False
1795.0,13.2,False
1847.0,12.8,False
1673.0,12.6,False
1618.0,12.3,False
1668.0,12.0,False
1810.0,11.8,False
2001.0,12.5,False
2162.0,14.9,False
2336.0,17.0,False
2357.0,18.8,False
2414.0,20.3,False
2450.0,21.5,False
2460.0,22.8,False
2412.0,23.9,False
2330.0,24.7,False
2284.0,25.0,False
2228.0,25.1,False
2277.0,24.9,False
2313.0,21.7,False
2167.0,20.7,False
2006.0,19.4,False
2054.0,17.0,False
2162.0,14.9,False
2194.0,14.8,False
1821.0,14.5,False
1872.0,13.6,False
1672.0,13.4,False
1635.0,12.9,False
1668.0,12.7,False
1833.0,12.6,False
2017.0,13.3,False
2184.0,15.1,False
2300.0,17.0,False
2353.0,18.7,False
2405.0,20.2,False
2501.0,21.6,False
2508.0,22.6,False
2410.0,23.6,False
2298.0,24.2,False
2270.0,24.5,False
2170.0,24.6,False
2190.0,24.3,False
2305.0,23.4,False
2198.0,22.1,False
2031.0,19.9,False
2091.0,16.6,False
2209.0,14.8,False
2205.0,13.8,False
1824.0,13.1,False
1843.0,12.6,False
1675.0,12.2,False
1640.0,11.9,False
1685.0,11.5,False
1816.0,11.4,False
2035.0,12.0,False
2187.0,14.1,False
2297.0,16.3,False
2344.0,18.4,False
2386.0,19.9,False
2448.0,21.2,False
2467.0,22.2,False
2421.0,23.8,False
2305.0,24.4,False
2221.0,25.0,False
2153.0,25.4,False
2181.0,25.4,False
2221.0,25.1,False
2141.0,23.9,False
1957.0,20.6,False
2040.0,15.7,False
2150.0,14.3,False
2177.0,13.9,False
1794.0,13.5,False
1800.0,13.2,False
1533.0,12.9,False
1457.0,12.9,False
1429.0,12.8,False
1468.0,12.7,False
1494.0,13.2,False
1744.0,15.5,False
1785.0,18.2,False
1890.0,20.8,False
1938.0,22.9,False
2015.0,24.6,False
2076.0,25.9,False
1928.0,26.9,False
1854.0,27.7,False
1814.0,28.2,False
1750.0,28.4,False
1827.0,28.5,False
1868.0,28.1,False
1832.0,27.1,False
1711.0,24.6,False
1727.0,21.4,False
1938.0,19.2,False
2008.0,18.4,False
1651.0,17.6,False
1657.0,17.1,False
1424.0,16.6,False
1397.0,15.9,False
1308.0,15.3,False
1325.0,15.0,False
1326.0,15.7,False
1464.0,18.2,False
1580.0,21.1,False
1674.0,23.7,False
1766.0,25.9,False
1884.0,27.4,False
1944.0,27.9,False
1755.0,27.9,False
1633.0,28.3,False
1575.0,27.6,False
1561.0,26.7,False
1636.0,25.6,False
1723.0,24.0,False
1799.0,22.4,False
1734.0,20.3,False
1779.0,17.6,False
1962.0,14.5,False
1951.0,13.2,False
1759.0,12.5,False
1660.0,12.1,False
1481.0,11.7,False
1454.0,11.5,False
1531.0,11.2,False
1667.0,11.0,False
1866.0,11.3,False
2117.0,13.2,False
2222.0,15.6,False
2268.0,17.6,False
2321.0,18.9,False
2416.0,20.2,False
2433.0,21.3,False
2379.0,22.0,False
2290.0,22.8,False
2231.0,23.3,False
2141.0,23.8,False
2150.0,23.9,False
2265.0,22.4,False
2176.0,18.6,False
1942.0,17.2,False
2042.0,15.5,False
2133.0,13.3,False
2148.0,12.1,False
1771.0,11.6,False
1826.0,11.6,False
1642.0,11.5,False
1591.0,11.1,False
1636.0,10.7,False
1787.0,10.3,False
2002.0,10.9,False
2165.0,13.3,False
2303.0,15.4,False
2329.0,17.4,False
2397.0,18.9,False
2468.0,20.2,False
2463.0,21.8,False
2234.0,23.1,False
2313.0,24.1,False
2246.0,24.4,False
2196.0,24.8,False
2239.0,24.9,False
2290.0,24.8,False
2187.0,21.8,False
2007.0,18.7,False
2050.0,15.4,False
2185.0,13.8,False
2200.0,13.3,False
1817.0,12.9,False
1849.0,12.5,False
1668.0,12.3,False
1616.0,12.0,False
1651.0,11.8,False
1811.0,11.6,False
1994.0,12.2,False
2153.0,14.9,False
2327.0,17.3,False
2374.0,19.3,False
2407.0,21.1,False
2533.0,22.8,False
2499.0,23.9,False
2416.0,24.6,False
2349.0,25.4,False
2283.0,25.5,False
2234.0,21.8,False
2240.0,23.0,False
2310.0,23.5,False
2220.0,23.1,False
2052.0,21.2,False
2147.0,18.1,False
2209.0,17.8,False
2241.0,16.6,False
1854.0,15.3,False
1902.0,14.2,False
1704.0,13.9,False
1652.0,13.6,False
1706.0,13.5,False
1825.0,14.4,False
2034.0,15.5,False
2192.0,16.0,False
2316.0,15.6,False
2344.0,15.9,False
2379.0,16.3,False
2444.0,16.6,False
2428.0,18.0,False
2363.0,21.5,False
2246.0,22.2,False
2175.0,22.4,False
2142.0,20.4,False
2165.0,21.2,False
2219.0,20.0,False
2097.0,18.5,False
1954.0,16.8,False
2062.0,14.2,False
2163.0,12.4,False
2181.0,10.9,False
1818.0,10.2,False
1845.0,9.2,False
1639.0,9.2,False
1599.0,9.0,False
1634.0,8.7,False
1734.0,8.6,False
1936.0,9.2,False
2127.0,12.1,False
2257.0,14.9,False
2291.0,15.5,False
2375.0,17.9,False
2423.0,17.5,False
2415.0,17.9,False
2316.0,17.4,False
2222.0,17.0,False
2119.0,17.0,False
2079.0,17.6,False
2084.0,18.1,False
2167.0,18.4,False
2087.0,17.2,False
1917.0,16.8,False
2016.0,16.6,False
2146.0,16.3,False
2320.0,16.1,False
1801.0,16.3,False
1820.0,16.1,False
1590.0,15.9,False
1473.0,15.8,False
1484.0,15.9,False
1493.0,16.2,False
1525.0,16.1,False
1634.0,16.1,False
1770.0,17.4,False
1847.0,18.9,False
1885.0,20.2,False
2005.0,21.5,False
2087.0,22.3,False
1932.0,22.3,False
1871.0,22.9,False
1768.0,23.5,False
1662.0,23.6,False
1797.0,23.1,False
1829.0,21.9,False
1777.0,20.3,False
1675.0,18.4,False
1751.0,15.1,False
1906.0,12.8,False
2000.0,11.8,False
1660.0,11.5,False
1665.0,11.4,False
1450.0,11.1,False
1367.0,10.9,False
1324.0,10.6,False
1321.0,10.3,False
1344.0,10.5,False
1435.0,12.8,False
1525.0,15.0,False
1650.0,15.8,False
1790.0,17.0,False
1918.0,18.9,False
1964.0,20.4,False
1777.0,21.3,False
1679.0,20.7,False
1629.0,20.1,False
1595.0,19.3,False
1677.0,19.7,False
1816.0,19.4,False
1839.0,19.8,False
1737.0,18.6,False
1795.0,17.7,False
1946.0,16.8,False
2031.0,16.0,False
1678.0,15.8,False
1704.0,16.3,False
1499.0,16.0,False
1476.0,15.4,False
1537.0,15.3,False
1732.0,15.2,False
1921.0,15.2,False
2122.0,14.9,False
2262.0,16.1,False
2289.0,17.4,False
2312.0,19.0,False
2432.0,19.6,False
2447.0,22.1,False
2375.0,22.4,False
2291.0,23.2,False
2250.0,23.7,False
2198.0,23.9,False
2174.0,23.7,False
2259.0,22.9,False
2187.0,21.4,False
1993.0,19.4,False
2055.0,15.3,False
2173.0,12.1,False
2216.0,10.7,False
1833.0,10.2,False
1869.0,10.1,False
1671.0,9.8,False
1616.0,9.5,False
1679.0,9.4,False
1716.0,9.2,False
2012.0,11.8,False
2212.0,13.0,False
2363.0,15.5,False
2365.0,17.4,False
2496.0,18.8,False
2468.0,18.6,False
2485.0,18.8,False
2398.0,13.9,False
2359.0,14.5,False
2266.0,17.2,False
2148.0,18.0,False
2141.0,15.9,False
2329.0,18.0,False
2225.0,19.8,False
2004.0,17.9,False
2081.0,15.3,False
2164.0,14.5,False
2182.0,14.0,False
1818.0,13.0,False
1867.0,10.5,False
1669.0,9.8,False
1611.0,9.3,False
1683.0,9.0,False
1828.0,8.7,False
1987.0,8.9,False
2130.0,12.1,False
2313.0,14.9,False
2357.0,17.0,False
2412.0,18.5,False
2501.0,19.8,False
2501.0,20.0,False
2438.0,19.3,False
2339.0,19.6,False
2253.0,18.8,False
2178.0,20.6,False
2196.0,20.1,False
2209.0,19.8,False
2222.0,18.2,False
2039.0,17.8,False
2075.0,14.7,False
2203.0,12.4,False
2318.0,11.3,False
1859.0,10.6,False
1900.0,10.5,False
1697.0,10.2,False
1635.0,9.8,False
1651.0,9.5,False
1780.0,9.3,False
2052.0,9.7,False
2195.0,12.2,False
2344.0,14.2,False
2361.0,16.1,False
2394.0,17.8,False
2439.0,19.4,False
2478.0,20.9,False
2423.0,21.7,False
2357.0,22.7,False
2289.0,23.4,False
2191.0,23.2,False
2221.0,22.4,False
2331.0,21.6,False
2198.0,20.3,False
2036.0,18.1,False
2108.0,14.6,False
2233.0,12.6,False
2271.0,11.6,False
1839.0,11.2,False
1883.0,11.4,False
1698.0,11.1,False
1640.0,11.1,False
1665.0,11.2,False
1795.0,10.8,False
2009.0,11.2,False
2192.0,13.7,False
2338.0,16.4,False
2439.0,19.2,False
2415.0,21.7,False
2508.0,23.7,False
2522.0,25.6,False
2441.0,26.3,False
2384.0,27.5,False
2236.0,28.4,False
2183.0,29.1,False
2227.0,29.5,False
2258.0,26.6,False
2238.0,25.6,False
2020.0,23.6,False
2082.0,19.8,False
2217.0,17.2,False
2240.0,15.6,True
1864.0,14.8,True
1882.0,14.2,True
1631.0,14.3,True
1565.0,15.6,True
1494.0,16.0,True
1533.0,16.0,True
1572.0,16.3,True
1667.0,17.5,True
1830.0,20.4,True
1903.0,22.2,True
1943.0,23.4,True
2057.0,22.5,True
2114.0,24.0,True
1990.0,23.8,True
1882.0,24.3,True
1823.0,23.9,True
1748.0,24.7,True
1769.0,24.7,True
1647.0,23.3,True
1823.0,21.2,True
1732.0,20.2,True
1792.0,18.6,True
1944.0,16.0,True
2018.0,16.4,True
1643.0,15.9,True
1654.0,13.8,True
1424.0,14.0,True
1342.0,14.2,True
1467.0,14.4,True
1321.0,15.1,True
1359.0,14.9,True
1454.0,15.6,True
1581.0,17.6,True
1689.0,19.4,True
1776.0,20.3,True
1907.0,21.4,True
1990.0,22.4,True
1783.0,22.3,True
1686.0,23.1,True
1615.0,23.7,True
1557.0,23.6,True
1650.0,22.6,True
1787.0,22.2,True
1838.0,21.2,True
1738.0,19.8,True
1644.0,16.7,True
2009.0,14.6,True
1990.0,13.9,True
1652.0,13.5,True
1669.0,13.3,True
1476.0,13.2,True
1447.0,13.2,True
1502.0,13.1,True
1696.0,13.2,True
1891.0,13.5,True
2086.0,15.1,True
2256.0,17.6,True
2293.0,19.9,True
2377.0,21.7,True
2449.0,23.0,True
2507.0,23.9,True
2465.0,24.1,True
2365.0,24.3,True
2280.0,24.1,True
2207.0,23.7,True
2238.0,22.9,True
2306.0,22.0,True
2238.0,21.4,True
2071.0,20.1,True
2114.0,17.7,True
2218.0,15.5,True
2094.0,15.0,True
1874.0,14.8,True
1882.0,14.9,True
1709.0,15.2,True
1659.0,15.4,True
1682.0,15.5,True
1805.0,15.8,True
2031.0,16.6,True
2178.0,17.5,True
2373.0,18.9,True
2449.0,20.7,True
2499.0,22.0,True
2537.0,23.6,True
2567.0,24.6,True
2482.0,22.2,True
2406.0,23.0,True
2332.0,23.7,True
2260.0,21.8,True
2281.0,20.9,True
2341.0,17.5,True
2261.0,14.2,True
2071.0,14.1,True
2124.0,14.5,True
1981.0,15.3,True
2213.0,13.8,True
1903.0,13.1,True
1876.0,11.7,True
1764.0,11.3,True
1646.0,11.0,True
1703.0,10.8,True
1799.0,10.6,True
1992.0,10.8,True
2163.0,12.5,True
2285.0,14.8,True
2385.0,16.8,True
2444.0,18.9,True
2514.0,20.8,True
2501.0,22.5,True
2464.0,23.2,True
2373.0,24.1,True
2267.0,24.5,True
2228.0,24.4,True
2243.0,23.8,True
2292.0,22.8,True
2245.0,21.0,True
2043.0,19.0,True
2113.0,16.1,True
2251.0,13.3,True
2271.0,12.1,True
1859.0,11.6,True
1896.0,11.8,True
1690.0,11.9,True
1658.0,12.0,True
1678.0,11.5,True
1823.0,11.3,True
1979.0,11.4,True
2175.0,13.3,True
2338.0,15.8,True
2408.0,18.0,True
2469.0,19.8,True
2536.0,21.2,True
2554.0,22.0,True
2464.0,23.4,True
2344.0,23.8,True
2297.0,24.2,True
2192.0,23.9,True
2207.0,23.8,True
2208.0,22.6,True
2155.0,20.9,True
1976.0,19.0,True
2056.0,15.9,True
2173.0,13.0,True
2232.0,12.3,True
1865.0,13.0,True
1845.0,12.8,True
1612.0,13.1,True
1508.0,14.1,True
1448.0,14.6,True
1454.0,14.0,True
1449.0,14.1,True
1553.0,16.7,True
1662.0,17.9,True
1784.0,20.2,True
1888.0,21.7,True
2196.0,23.1,True
2169.0,21.2,True
1969.0,22.4,True
1888.0,23.3,True
1816.0,22.0,True
1816.0,22.1,True
1814.0,20.5,True
1849.0,18.5,True
1908.0,18.3,True
1760.0,17.9,True
1888.0,16.3,True
1989.0,16.1,True
2162.0,14.4,True
1690.0,13.8,True
1705.0,12.7,True
1493.0,12.6,True
1434.0,12.8,True
1419.0,13.9,True
1485.0,14.7,True
1448.0,15.7,True
1585.0,15.4,True
1741.0,15.7,True
1788.0,16.7,True
1923.0,16.2,True
2137.0,18.9,True
2113.0,20.3,True
1970.0,20.4,True
1868.0,20.6,True
1786.0,20.6,True
1617.0,20.3,True
1796.0,19.8,True
1881.0,19.2,True
1710.0,18.2,True
1680.0,16.5,True
1864.0,14.8,True
1936.0,14.2,True
2007.0,15.2,True
1657.0,15.2,True
1684.0,14.2,True
1510.0,14.8,True
1395.0,13.4,True
1345.0,12.0,True
1337.0,11.5,True
1355.0,11.3,True
1460.0,15.3,True
1568.0,15.9,True
1713.0,17.0,True
1785.0,18.4,True
1930.0,18.6,True
1991.0,19.1,True
1831.0,21.7,True
1709.0,21.7,True
1649.0,21.5,True
1624.0,21.4,True
1581.0,21.1,True
1816.0,20.3,True
1699.0,19.1,True
1750.0,17.7,True
1856.0,15.3,True
1919.0,12.6,True
1999.0,11.6,True
1657.0,11.1,True
1690.0,10.9,True
1506.0,10.8,True
1468.0,10.6,True
1523.0,10.4,True
1698.0,10.3,True
1871.0,10.3,True
2077.0,12.4,True
2256.0,14.6,True
2461.0,16.8,True
2398.0,18.7,True
2465.0,20.2,True
2509.0,21.5,True
2430.0,22.2,True
2320.0,23.6,True
2252.0,24.4,True
2129.0,24.4,True
2164.0,24.2,True
2272.0,23.7,True
2215.0,22.7,True
2026.0,18.9,True
2098.0,14.2,True
2207.0,12.6,True
2223.0,11.6,True
1834.0,11.3,True
1865.0,11.1,True
1660.0,11.1,True
1601.0,10.8,True
1663.0,10.7,True
1794.0,10.7,True
1902.0,11.8,True
2118.0,14.1,True
2309.0,16.4,True
2373.0,18.8,True
2384.0,20.8,True
2464.0,22.8,True
2532.0,24.3,True
2459.0,24.9,True
2353.0,26.0,True
2279.0,26.6,True
2216.0,26.7,True
2215.0,26.5,True
2291.0,25.3,True
2232.0,22.9,True
2079.0,19.6,True
2137.0,16.2,True
2166.0,13.8,True
2158.0,13.3,True
1848.0,13.3,True
1861.0,12.5,True
1698.0,12.4,True
1636.0,12.4,True
1680.0,13.1,True
1822.0,14.6,True
1954.0,14.8,True
2117.0,15.8,True
2325.0,16.4,True
2402.0,17.8,True
2447.0,19.6,True
2520.0,21.3,True
2518.0,22.8,True
2443.0,24.4,True
2361.0,25.3,True
2287.0,25.8,True
2236.0,25.4,True
2230.0,24.5,True
2307.0,23.5,True
2224.0,21.5,True
2066.0,19.6,True
2159.0,16.1,True
2229.0,14.1,True
2233.0,12.5,True
1850.0,11.9,True
1884.0,11.8,True
1721.0,11.7,True
1643.0,11.5,True
1673.0,11.5,True
1811.0,11.8,True
1956.0,12.5,True
2131.0,13.9,True
2324.0,15.2,True
2362.0,16.3,True
2429.0,16.5,True
2484.0,17.5,True
2547.0,19.2,True
2467.0,21.8,True
2371.0,22.6,True
2274.0,22.3,True
2227.0,21.8,True
2229.0,20.3,True
2281.0,18.1,True
2239.0,18.3,True
2029.0,17.5,True
2136.0,16.0,True
2207.0,15.1,True
2237.0,13.1,True
1799.0,11.7,True
1871.0,10.6,True
1687.0,12.0,True
1628.0,11.3,True
1684.0,10.0,True
1834.0,9.4,True
1973.0,9.3,True
2109.0,12.1,True
2292.0,14.8,True
2362.0,16.9,True
2414.0,18.4,True
2491.0,20.0,True
2497.0,21.1,True
2356.0,22.1,True
2281.0,23.3,True
2182.0,23.5,True
2122.0,23.6,True
2184.0,23.3,True
2193.0,22.2,True
2117.0,20.3,True
1973.0,19.0,True
2093.0,15.1,True
2188.0,12.2,True
2213.0,10.7,True
1813.0,10.2,True
1788.0,9.9,True
1587.0,10.0,True
1486.0,9.7,True
1443.0,9.6,True
1480.0,9.5,True
1645.0,9.7,True
1626.0,11.1,True
1801.0,13.6,True
1862.0,16.2,True
1928.0,18.2,True
1997.0,19.7,True
2053.0,19.2,True
1921.0,21.0,True
1818.0,21.6,True
1788.0,19.7,True
1744.0,18.1,True
1780.0,18.6,True
1867.0,16.9,True
1865.0,16.8,True
1737.0,16.0,True
1877.0,15.6,True
1959.0,15.5,True
2026.0,15.7,True
1730.0,15.8,True
1703.0,16.0,True
1481.0,16.2,True
1387.0,16.3,True
1353.0,16.3,True
1361.0,16.4,True
1348.0,16.4,True
1462.0,16.5,True
1607.0,16.6,True
1739.0,16.8,True
1890.0,16.9,True
2031.0,17.1,True
2077.0,17.1,True
1863.0,17.8,True
1730.0,18.8,True
1683.0,19.6,True
1628.0,17.6,True
1754.0,17.4,True
1870.0,17.6,True
1862.0,16.4,True
1778.0,16.3,True
1681.0,15.7,True
1956.0,14.9,True
2055.0,14.4,True
1678.0,13.7,True
1703.0,15.1,True
1457.0,15.0,True
1440.0,14.6,True
1519.0,12.1,True
1665.0,11.3,True
1795.0,13.1,True
2059.0,15.1,True
2230.0,16.6,True
2308.0,18.2,True
2382.0,19.8,True
2523.0,20.9,True
2519.0,20.3,True
2386.0,18.9,True
2355.0,20.6,True
2224.0,21.1,True
2155.0,20.3,True
2155.0,17.2,True
2297.0,14.4,True
2264.0,17.1,True
2032.0,15.9,True
2087.0,14.3,True
2234.0,13.8,True
2238.0,13.1,True
1871.0,11.9,True
1886.0,13.7,True
1675.0,12.9,True
1594.0,11.9,True
1612.0,11.7,True
1717.0,11.1,True
1886.0,10.6,True
2107.0,12.9,True
2273.0,15.0,True
2369.0,16.9,True
2415.0,18.2,True
2447.0,19.4,True
2521.0,20.7,True
2297.0,21.6,True
2340.0,21.2,True
2132.0,19.0,True
2149.0,21.1,True
2148.0,22.0,True
2243.0,19.3,True
2215.0,18.6,True
2025.0,17.3,True
2071.0,14.6,True
2251.0,13.1,True
2329.0,11.8,True
1883.0,11.4,True
1868.0,10.2,True
1649.0,10.1,True
1614.0,9.9,True
1600.0,10.2,True
1744.0,12.1,True
1901.0,12.5,True
2098.0,12.2,True
2271.0,14.5,True
2367.0,16.9,True
2418.0,18.6,True
2488.0,19.4,True
2559.0,20.6,True
2440.0,21.3,True
2356.0,21.8,True
2250.0,21.2,True
2204.0,21.8,True
2188.0,20.6,True
2299.0,21.4,True
2264.0,20.7,True
2049.0,19.5,True
2126.0,17.8,True
2245.0,15.6,True
2278.0,14.8,True
1874.0,14.6,True
1880.0,15.1,True
1709.0,14.5,True
1618.0,14.5,True
1647.0,14.7,True
1773.0,14.7,True
1914.0,14.8,True
2114.0,16.4,True
2326.0,17.3,True
2396.0,18.4,True
2467.0,19.1,True
2566.0,19.5,True
2637.0,19.1,True
2492.0,16.8,True
2421.0,16.9,True
2323.0,17.0,True
2289.0,17.0,True
2247.0,17.2,True
2309.0,17.1,True
2254.0,17.7,True
2091.0,17.5,True
2099.0,17.4,True
2267.0,17.2,True
2283.0,17.2,True
1908.0,17.2,True
1902.0,17.2,True
1703.0,17.5,True
1634.0,17.5,True
1640.0,17.7,True
1755.0,17.8,True
1875.0,17.7,True
2105.0,17.4,True
2280.0,17.8,True
2371.0,19.5,True
2416.0,20.1,True
2464.0,21.6,True
2498.0,23.1,True
2372.0,22.4,True
2246.0,21.7,True
2166.0,23.0,True
2062.0,22.6,True
2059.0,22.1,True
2176.0,21.3,True
2162.0,20.5,True
1973.0,19.3,True
2022.0,16.8,True
2191.0,15.4,True
2220.0,15.1,True
1839.0,14.9,True
1798.0,15.1,True
1561.0,15.5,True
1486.0,14.8,True
1442.0,14.7,True
1481.0,14.6,True
1516.0,14.5,True
1603.0,16.4,True
1758.0,17.2,True
1898.0,18.3,True
1963.0,19.3,True
2040.0,20.6,True
2170.0,21.4,True
1953.0,22.6,True
1871.0,22.9,True
1784.0,23.0,True
1764.0,22.5,True
1802.0,21.2,True
1893.0,19.3,True
1841.0,19.3,True
1720.0,17.4,True
1787.0,14.6,True
1978.0,13.0,True
2024.0,12.1,True
1660.0,11.7,True
1674.0,11.2,True
1442.0,11.0,True
1369.0,10.7,True
1313.0,10.4,True
1291.0,10.2,True
1307.0,10.3,True
1422.0,11.7,True
1573.0,14.5,True
1713.0,16.9,True
1802.0,18.5,True
1900.0,19.8,True
2001.0,20.8,True
1817.0,21.3,True
1712.0,20.6,True
1622.0,20.1,True
1570.0,20.0,True
1642.0,19.6,True
1793.0,19.7,True
1821.0,19.3,True
1753.0,17.5,True
1808.0,15.5,True
1967.0,14.5,True
2028.0,14.4,True
1664.0,14.6,True
1688.0,15.4,True
1477.0,15.6,True
1416.0,15.6,True
1464.0,15.9,True
1575.0,15.7,True
1711.0,16.2,True
1943.0,16.8,True
2145.0,17.2,True
2230.0,17.7,True
2314.0,18.9,True
2431.0,18.4,True
2498.0,20.6,True
2372.0,18.5,True
2284.0,18.7,True
2176.0,18.5,True
2122.0,18.5,True
2117.0,18.5,True
2273.0,17.8,True
2262.0,17.9,True
2026.0,17.8,True
2089.0,17.7,True
2168.0,17.6,True
2191.0,17.5,True
1813.0,17.5,True
1836.0,17.5,True
1633.0,17.5,True
1586.0,17.5,True
1578.0,17.2,True
1665.0,17.2,True
1814.0,16.1,True
2026.0,14.9,True
2191.0,15.9,True
2293.0,17.0,True
2313.0,19.0,True
2424.0,20.4,True
2482.0,21.2,True
2361.0,22.9,True
2285.0,23.6,True
2220.0,23.6,True
2148.0,21.5,True
2205.0,19.4,True
2298.0,18.6,True
2249.0,17.9,True
2023.0,17.1,True
2039.0,17.2,True
2166.0,17.3,True
2222.0,17.4,True
1845.0,17.6,True
1844.0,17.9,True
1687.0,18.1,True
1585.0,18.2,True
1591.0,18.2,True
1687.0,16.7,True
1801.0,15.1,True
1973.0,15.9,True
2161.0,15.0,True
2292.0,15.4,True
2353.0,16.7,True
2440.0,17.7,True
2511.0,18.0,True
2385.0,19.1,True
2292.0,18.7,True
2206.0,16.2,True
2143.0,17.2,True
2170.0,17.9,True
2238.0,17.8,True
2149.0,17.0,True
2032.0,16.3,True
2099.0,16.0,True
2221.0,15.8,True
2213.0,15.7,True
1823.0,15.5,True
1858.0,14.9,True
1654.0,14.7,True
1598.0,15.0,True
1593.0,15.2,True
1704.0,14.5,True
1808.0,14.9,True
2048.0,14.9,True
2223.0,16.0,True
2351.0,16.3,True
2410.0,17.4,True
2451.0,17.9,True
2559.0,18.5,True
2419.0,18.7,True
2299.0,18.0,True
2130.0,17.9,True
2142.0,17.2,True
2139.0,16.6,True
2219.0,16.5,True
2130.0,15.8,True
1983.0,14.7,True
2026.0,13.4,True
2187.0,12.8,True
2245.0,12.6,True
1820.0,12.3,True
1843.0,11.9,True
1642.0,11.7,True
1544.0,11.7,True
1569.0,11.7,True
1675.0,11.9,True
1806.0,12.1,True
1990.0,13.0,True
2189.0,14.8,True
2291.0,16.5,True
2301.0,18.0,True
2360.0,18.9,True
2421.0,19.2,True
2284.0,19.6,True
2168.0,19.4,True
2045.0,20.0,True
2019.0,20.3,True
2033.0,20.1,True
2124.0,19.1,True
2082.0,17.0,True
1915.0,15.1,True
2033.0,14.0,True
2175.0,12.4,True
2192.0,11.2,True
1775.0,11.3,True
1813.0,12.1,True
1550.0,12.4,True
1450.0,12.5,True
1412.0,12.7,True
1432.0,12.9,True
1483.0,13.1,True
1571.0,13.3,True
1754.0,14.0,True
1853.0,13.6,True
1944.0,14.4,True
2019.0,15.6,True
2108.0,17.5,True
1899.0,20.3,True
1839.0,20.3,True
1763.0,20.1,True
1738.0,19.2,True
1720.0,18.8,True
1839.0,18.0,True
1846.0,17.1,True
1722.0,15.3,True
1829.0,14.0,True
1988.0,13.2,True
2058.0,12.8,True
1658.0,13.0,True
1653.0,12.3,True
1436.0,12.3,True
1362.0,12.2,True
1292.0,11.9,True
1306.0,11.8,True
1326.0,11.7,True
1414.0,11.7,True
1571.0,14.1,True
1677.0,16.3,True
1798.0,18.0,True
1865.0,19.2,True
2056.0,20.4,True
1773.0,20.8,True
1665.0,21.5,True
1571.0,21.7,True
1564.0,21.6,True
1620.0,21.3,True
1751.0,20.2,True
1808.0,18.6,True
1732.0,16.2,True
1820.0,13.1,True
2036.0,11.7,True
2048.0,11.0,True
1691.0,10.5,True
1703.0,10.4,True
1472.0,10.1,True
1413.0,9.9,True
1460.0,9.8,True
1575.0,9.6,True
1707.0,9.5,True
1896.0,10.8,True
2064.0,13.2,True
2188.0,14.9,True
2223.0,16.6,True
2286.0,17.9,True
2415.0,19.3,True
2264.0,19.9,True
2140.0,20.8,True
2053.0,21.3,True
1998.0,21.6,True
2035.0,21.6,True
2129.0,21.2,True
2158.0,18.1,True
1990.0,16.4,True
2047.0,14.1,True
2213.0,13.9,True
2218.0,14.0,True
1843.0,13.9,True
1840.0,13.2,True
1612.0,12.3,True
1532.0,13.0,True
1526.0,12.9,True
1629.0,13.4,True
1797.0,12.3,True
1944.0,13.6,True
2105.0,14.6,True
2206.0,15.8,True
2227.0,16.6,True
2299.0,19.2,True
2391.0,20.9,True
2248.0,18.6,True
2179.0,20.4,True
2091.0,22.1,True
1993.0,22.6,True
2080.0,22.5,True
2195.0,21.8,True
2147.0,19.2,True
2008.0,18.9,True
2076.0,18.6,True
2223.0,17.7,True
2219.0,15.9,True
1864.0,15.4,True
1837.0,14.8,True
1631.0,15.6,True
1560.0,16.5,True
1566.0,15.8,True
1670.0,15.0,True
1787.0,14.7,True
1934.0,14.3,True
2120.0,16.6,True
2212.0,18.9,True
2247.0,21.1,True
2350.0,22.9,True
2418.0,24.5,True
2292.0,25.7,True
2194.0,26.7,True
2086.0,27.6,True
2047.0,28.3,True
2052.0,28.4,True
2176.0,28.0,True
2145.0,27.4,True
1997.0,24.2,True
2091.0,21.4,True
2262.0,19.0,True
2264.0,18.3,True
1879.0,18.3,True
1852.0,17.4,True
1649.0,17.4,True
1552.0,17.4,True
1576.0,17.8,True
1670.0,17.0,True
1773.0,16.6,True
1959.0,17.7,True
2127.0,20.3,True
2234.0,22.7,True
2282.0,24.7,True
2370.0,26.1,True
2419.0,27.2,True
2291.0,28.8,True
2232.0,29.4,True
2153.0,28.9,True
2083.0,28.7,True
2121.0,27.4,True
2172.0,26.1,True
2156.0,23.9,True
2015.0,21.4,True
2114.0,18.5,True
2251.0,16.7,True
2260.0,18.0,True
1882.0,16.5,True
1896.0,16.1,True
1674.0,16.4,True
1591.0,17.6,True
1614.0,17.8,True
1702.0,18.3,True
1826.0,18.4,True
1959.0,18.4,True
2113.0,19.0,True
2277.0,20.0,True
2323.0,20.4,True
2439.0,19.7,True
2500.0,22.1,True
2344.0,20.8,True
2253.0,22.9,True
2162.0,24.7,True
2121.0,24.6,True
2129.0,23.9,True
2204.0,22.7,True
2188.0,20.0,True
1971.0,18.9,True
2087.0,17.8,True
2219.0,17.3,True
2225.0,16.6,True
1835.0,15.9,True
1833.0,14.0,True
1598.0,13.6,True
1499.0,13.3,True
1458.0,13.2,True
1475.0,13.0,True
1516.0,13.1,True
1612.0,13.4,True
1768.0,15.2,True
1903.0,16.7,True
1945.0,18.3,True
2001.0,19.9,True
2166.0,21.4,True
1940.0,20.7,True
1873.0,21.0,True
1770.0,20.6,True
1780.0,21.3,True
1827.0,20.6,True
1869.0,20.3,True
1854.0,18.8,True
1757.0,17.1,True
1871.0,15.0,True
2016.0,14.3,True
2055.0,14.0,True
1693.0,13.8,True
1690.0,13.7,True
1459.0,13.6,True
1375.0,13.7,True
1337.0,13.6,True
1330.0,13.4,True
1340.0,13.1,True
1421.0,13.6,True
1581.0,15.5,True
1730.0,17.4,True
1797.0,19.1,True
1884.0,20.4,True
2018.0,21.6,True
1792.0,22.3,True
1672.0,22.9,True
1641.0,23.0,True
1560.0,22.6,True
1609.0,22.0,True
1745.0,21.1,True
1837.0,18.8,True
1749.0,16.5,True
1862.0,14.5,True
2025.0,13.4,True
2052.0,12.7,True
1672.0,12.4,True
1691.0,12.5,True
1483.0,12.4,True
1415.0,12.9,True
1448.0,13.0,True
1561.0,12.7,True
1662.0,12.3,True
1775.0,13.3,True
1967.0,15.8,True
2059.0,18.1,True
2121.0,20.2,True
2252.0,21.5,True
2364.0,22.4,True
2184.0,21.4,True
2132.0,22.2,True
2062.0,21.6,True
1998.0,19.6,True
2024.0,17.5,True
2130.0,17.8,True
2123.0,18.3,True
1914.0,17.2,True
2013.0,15.9,True
2140.0,15.3,True
2173.0,14.6,True
1799.0,13.7,True
1804.0,13.3,True
1582.0,12.8,True
1470.0,12.3,True
1426.0,13.0,True
1429.0,13.6,True
1459.0,13.6,True
1538.0,11.4,True
1680.0,13.9,True
1776.0,15.9,True
1865.0,18.0,True
1969.0,19.5,True
2054.0,20.8,True
1854.0,22.9,True
1772.0,23.5,True
1709.0,23.8,True
1665.0,23.9,True
1734.0,23.7,True
1833.0,22.4,True
1875.0,18.6,True
1771.0,17.5,True
1919.0,14.9,True
2074.0,13.4,True
2096.0,13.0,True
1730.0,12.8,True
1741.0,12.7,True
1543.0,12.5,True
1490.0,12.5,True
1514.0,12.5,True
1611.0,12.4,True
1698.0,12.3,True
1908.0,12.8,True
2059.0,15.7,True
2148.0,18.3,True
2206.0,19.9,True
2291.0,21.9,True
2408.0,23.7,True
2267.0,24.4,True
2189.0,25.3,True
2102.0,24.9,True
2031.0,23.4,True
2045.0,21.9,True
2142.0,21.1,True
2131.0,19.1,True
1974.0,18.1,True
2096.0,18.0,True
2216.0,17.1,True
2222.0,16.7,True
1839.0,17.4,True
1869.0,18.1,True
1664.0,18.1,True
1592.0,17.8,True
1604.0,17.7,True
1693.0,17.6,True
1802.0,17.6,True
1978.0,18.0,True
2142.0,18.6,True
2255.0,21.2,True
2290.0,22.8,True
2362.0,24.4,True
2485.0,26.0,True
2337.0,27.2,True
2246.0,28.2,True
2193.0,28.0,True
2109.0,27.5,True
2151.0,27.4,True
2253.0,25.8,True
2219.0,23.1,True
2056.0,19.6,True
2167.0,17.1,True
2301.0,16.5,True
2271.0,15.6,True
1897.0,14.7,True
1908.0,15.6,True
1698.0,16.3,True
1634.0,16.3,True
1636.0,17.0,True
1727.0,17.0,True
1830.0,16.6,True
1992.0,16.8,True
2159.0,17.2,True
2252.0,16.5,True
2293.0,17.5,True
2392.0,20.6,True
2480.0,22.9,True
2356.0,21.4,True
2284.0,25.8,True
2181.0,27.0,True
2124.0,26.5,True
2199.0,24.0,True
2216.0,21.2,True
2168.0,19.1,True
2003.0,19.1,True
2111.0,19.0,True
2232.0,18.2,True
2219.0,20.0,True
1853.0,20.0,True
1830.0,18.5,True
1616.0,19.2,True
1510.0,18.4,True
1493.0,16.2,True
1529.0,14.8,True
1535.0,14.0,True
1643.0,15.7,True
1791.0,16.4,True
1904.0,17.5,True
1969.0,18.9,True
2023.0,21.6,True
2116.0,23.3,True
1956.0,24.6,True
1863.0,24.9,True
1828.0,24.9,True
1785.0,24.6,True
1833.0,23.9,True
1880.0,22.7,True
1880.0,21.2,True
1788.0,17.9,True
1897.0,15.4,True
2016.0,14.5,True
2063.0,14.0,True
1636.0,13.6,True
1685.0,13.4,True
1466.0,13.2,True
1375.0,13.0,True
1336.0,12.8,True
1344.0,12.7,True
1370.0,12.6,True
1427.0,13.6,True
1559.0,16.1,True
1697.0,18.5,True
1778.0,20.7,True
1866.0,22.4,True
2002.0,24.1,True
1792.0,25.5,True
1695.0,26.5,True
1613.0,26.9,True
1607.0,26.9,True
1651.0,26.6,True
1791.0,26.0,True
1874.0,23.7,True
1775.0,18.0,True
1923.0,15.6,True
2013.0,14.6,True
2047.0,14.1,True
1689.0,14.1,True
1667.0,13.9,True
1495.0,13.8,True
1459.0,13.6,True
1504.0,13.5,True
1656.0,13.4,True
1804.0,13.2,True
1992.0,14.1,True
2157.0,17.2,True
2235.0,20.1,True
2318.0,22.5,True
2404.0,24.7,True
2471.0,26.8,True
2370.0,27.9,True
2306.0,28.8,True
2248.0,29.0,True
2159.0,29.0,True
2179.0,29.1,True
2269.0,28.3,True
2210.0,24.3,True
2062.0,18.9,True
2168.0,17.0,True
2275.0,15.2,True
2266.0,14.6,True
1911.0,14.3,True
1929.0,14.2,True
1698.0,14.0,True
1659.0,13.8,True
1652.0,13.6,True
1775.0,13.5,True
1931.0,13.4,True
2096.0,14.5,True
2259.0,17.5,True
2365.0,20.2,True
2383.0,22.4,True
2497.0,24.3,True
2552.0,26.0,True
2432.0,27.5,True
2346.0,28.5,True
2242.0,29.1,True
2222.0,29.5,True
2230.0,29.0,True
2225.0,25.9,True
2244.0,23.2,True
2086.0,19.6,True
2176.0,17.3,True
2279.0,16.6,True
2281.0,16.3,True
1954.0,16.0,True
1890.0,15.3,True
1682.0,14.9,True
1629.0,14.6,True
1657.0,14.4,True
1775.0,14.1,True
1944.0,14.1,True
2096.0,15.5,True
2270.0,18.3,True
2344.0,20.8,True
2392.0,23.5,True
2463.0,25.7,True
2527.0,27.5,True
2405.0,28.9,True
2372.0,30.4,True
2263.0,31.4,True
2219.0,31.9,True
2256.0,32.1,True
2344.0,31.1,True
2291.0,23.6,True
2086.0,22.2,True
2181.0,21.8,True
2289.0,21.1,True
2305.0,21.3,True
1921.0,21.2,True
1936.0,21.2,True
1739.0,20.7,True
1656.0,19.5,True
1609.0,19.2,True
1721.0,18.8,True
1928.0,18.7,True
2108.0,19.1,True
2293.0,20.3,True
2403.0,19.5,True
2443.0,19.5,True
2531.0,22.8,True
2540.0,23.9,True
2434.0,29.3,True
2364.0,30.6,True
2249.0,31.3,True
2228.0,29.3,True
2213.0,27.0,True
2312.0,25.2,True
2259.0,22.1,True
2067.0,19.1,True
2164.0,17.3,True
2287.0,15.9,True
2252.0,15.0,True
1874.0,13.9,True
1877.0,13.7,True
1675.0,13.4,True
1632.0,13.0,True
1630.0,12.7,True
1756.0,12.4,True
1915.0,11.9,True
2062.0,12.0,True
2234.0,14.1,True
2311.0,16.5,True
2353.0,18.4,True
2397.0,20.1,True
2466.0,21.5,True
2294.0,22.1,True
2206.0,20.3,True
2109.0,20.6,True
2042.0,20.4,True
2049.0,21.5,True
2125.0,20.6,True
2119.0,18.9,True
1979.0,16.1,True
2054.0,13.2,True
2174.0,11.8,True
2206.0,11.0,True
1810.0,10.9,True
1830.0,11.3,True
1602.0,11.2,True
1512.0,10.9,True
1467.0,10.9,True
1481.0,10.8,True
1559.0,10.6,True
1619.0,11.0,True
1738.0,13.4,True
1892.0,15.9,True
1936.0,17.9,True
2000.0,19.5,True
2095.0,20.9,True
1895.0,19.8,True
1817.0,19.6,True
1804.0,19.3,True
1725.0,18.9,True
1774.0,17.4,True
1845.0,16.5,True
1828.0,15.4,True
1736.0,13.1,True
1837.0,11.9,True
1960.0,10.9,True
1976.0,10.5,True
1654.0,10.0,True
1639.0,10.0,True
1415.0,9.8,True
1350.0,9.8,True
1293.0,9.8,True
1305.0,9.7,True
1358.0,9.8,True
1375.0,10.3,True
1545.0,12.7,True
1660.0,15.2,True
1756.0,16.8,True
1890.0,18.9,True
1957.0,19.8,True
1787.0,19.0,True
1665.0,19.4,True
1592.0,20.3,True
1546.0,20.3,True
1587.0,19.8,True
1788.0,19.1,True
1801.0,16.6,True
1739.0,14.3,True
1823.0,15.3,True
1956.0,15.1,True
1994.0,14.8,True
1658.0,14.5,True
1663.0,14.5,True
1473.0,14.4,True
1406.0,14.9,True
1476.0,15.2,True
1643.0,15.3,True
1844.0,14.9,True
2070.0,16.1,True
2197.0,15.8,True
2289.0,16.3,True
2355.0,17.3,True
2421.0,18.6,True
2472.0,20.2,True
2389.0,21.7,True
2250.0,22.2,True
2136.0,21.9,True
2098.0,21.3,True
2054.0,20.1,True
2207.0,18.3,True
2186.0,16.5,True
2043.0,15.3,True
2081.0,15.1,True
2204.0,15.2,True
2246.0,15.3,True
1874.0,15.2,True
1902.0,15.1,True
1659.0,15.2,True
1602.0,13.1,True
1642.0,11.0,True
1738.0,10.9,True
1992.0,11.5,True
2146.0,11.5,True
2302.0,13.5,True
2366.0,15.9,True
2429.0,17.3,True
2493.0,19.0,True
2519.0,20.5,True
2393.0,21.6,True
2324.0,23.0,True
2251.0,23.4,True
2161.0,23.5,True
2166.0,23.3,True
2287.0,20.7,True
2244.0,18.8,True
2099.0,17.4,True
2102.0,16.0,True
2234.0,15.9,True
2261.0,15.3,True
1882.0,15.2,True
1908.0,14.5,True
1717.0,13.9,True
1657.0,14.5,True
1684.0,14.3,True
1798.0,13.8,True
2032.0,11.6,True
2200.0,9.8,True
2325.0,11.9,True
2380.0,14.1,True
2391.0,15.7,True
2492.0,17.4,True
2534.0,19.2,True
2406.0,21.0,True
2307.0,22.2,True
2218.0,22.6,True
2152.0,22.4,True
2152.0,22.1,True
2258.0,21.6,True
2245.0,19.3,True
2083.0,15.0,True
2165.0,12.6,True
2228.0,11.0,True
2241.0,10.3,True
1872.0,9.7,True
1908.0,12.1,True
1695.0,13.0,True
1646.0,11.7,True
1677.0,14.0,True
1781.0,13.3,True
2027.0,14.2,True
2208.0,12.7,True
2397.0,15.5,True
2457.0,17.5,True
2484.0,19.2,True
2543.0,18.3,True
2587.0,20.6,True
2457.0,21.4,True
2313.0,23.0,True
2295.0,23.5,True
2163.0,21.1,True
2136.0,20.2,True
2272.0,19.3,True
2283.0,18.5,True
2142.0,17.4,True
2136.0,17.2,True
2215.0,17.2,True
2256.0,17.3,True
1890.0,16.6,True
1924.0,16.5,True
1702.0,16.2,True
1656.0,16.0,True
1694.0,15.5,True
1821.0,15.7,True
1999.0,15.0,True
2193.0,16.5,True
2334.0,17.0,True
2412.0,17.8,True
2482.0,17.7,True
2512.0,18.8,True
2546.0,20.2,True
2409.0,22.9,True
2328.0,21.7,True
2226.0,21.4,True
2156.0,22.6,True
2167.0,21.7,True
2222.0,19.6,True
2187.0,17.0,True
2049.0,16.2,True
2071.0,15.6,True
2193.0,14.2,True
2213.0,13.4,True
1830.0,13.0,True
1837.0,13.1,True
1611.0,13.4,True
1522.0,12.7,True
1482.0,12.5,True
1506.0,12.4,True
1570.0,12.1,True
1629.0,12.8,True
1803.0,14.6,True
1902.0,17.0,True
1949.0,18.9,True
2016.0,20.9,True
2132.0,22.8,True
1974.0,24.4,True
1904.0,25.5,True
1858.0,25.6,True
1799.0,25.6,True
1811.0,24.8,True
1872.0,23.2,True
1839.0,21.1,True
1752.0,18.1,True
1843.0,17.0,True
1990.0,16.9,True
2016.0,17.0,True
1666.0,16.7,True
1670.0,16.2,True
1468.0,16.0,True
1386.0,16.0,True
1337.0,15.8,True
1321.0,15.5,True
1423.0,15.8,True
1444.0,15.8,True
1570.0,17.5,True
1703.0,20.4,True
1783.0,23.7,True
1902.0,26.1,True
2049.0,28.2,True
1839.0,30.4,True
1764.0,31.2,True
1691.0,31.7,True
1668.0,32.0,True
1681.0,31.6,True
1827.0,29.8,True
1858.0,25.0,True
1807.0,23.6,True
1841.0,22.7,True
1992.0,21.9,True
2036.0,21.9,False
1695.0,21.2,False
1702.0,22.5,False
1508.0,22.0,False
1485.0,21.5,False
1519.0,20.3,False
1680.0,20.0,False
1942.0,20.2,False
2190.0,19.3,False
2258.0,20.9,False
2352.0,23.8,False
2421.0,26.7,False
2494.0,29.1,False
2561.0,30.5,False
2456.0,31.7,False
2410.0,32.5,False
2344.0,33.0,False
2251.0,33.1,False
2298.0,32.6,False
2356.0,31.7,False
2296.0,29.2,False
2154.0,26.3,False
2165.0,24.8,False
2234.0,23.9,False
2249.0,22.0,False
1872.0,20.2,False
1890.0,20.2,False
1737.0,19.1,False
1681.0,20.7,False
1716.0,20.4,False
1864.0,19.4,False
2128.0,19.7,False
2324.0,19.4,False
2395.0,21.8,False
2436.0,24.5,False
2509.0,27.0,False
2558.0,29.2,False
2643.0,30.8,False
2536.0,32.1,False
2468.0,32.5,False
2367.0,32.5,False
2321.0,32.1,False
2319.0,31.3,False
2374.0,29.9,False
2335.0,26.7,False
2185.0,23.1,False
2234.0,21.0,False
2291.0,20.2,False
2282.0,19.2,False
1909.0,19.1,False
1896.0,18.9,False
1690.0,18.7,False
1662.0,18.5,False
1680.0,18.3,False
1828.0,18.2,False
2099.0,18.4,False
2246.0,18.4,False
2417.0,20.4,False
2431.0,23.0,False
2491.0,25.8,False
2554.0,27.2,False
2643.0,29.4,False
2546.0,28.6,False
2461.0,29.9,False
2411.0,30.8,False
2378.0,30.2,False
2373.0,32.8,False
2443.0,30.9,False
2337.0,28.6,False
2219.0,23.6,False
2210.0,21.6,False
2281.0,21.1,False
2288.0,20.8,False
1925.0,21.0,False
1927.0,21.5,False
1767.0,21.4,False
1687.0,21.4,False
1727.0,20.9,False
1889.0,20.6,False
2162.0,20.1,False
2315.0,18.6,False
2437.0,21.0,False
2491.0,23.0,False
2543.0,24.3,False
2611.0,27.8,False
2639.0,28.6,False
2532.0,32.0,False
2445.0,33.1,False
2435.0,33.4,False
2392.0,33.8,False
2369.0,32.8,False
2414.0,30.6,False
2315.0,26.6,False
2243.0,23.4,False
2237.0,22.5,False
2320.0,21.7,False
2294.0,20.9,False
1896.0,20.3,False
1931.0,20.4,False
1755.0,20.1,False
1709.0,19.8,False
1721.0,19.5,False
1855.0,19.1,False
2130.0,19.3,False
2276.0,19.7,False
2400.0,21.7,False
2466.0,23.6,False
2505.0,24.8,False
2538.0,26.7,False
2594.0,28.7,False
2482.0,30.7,False
2424.0,31.7,False
2342.0,32.9,False
2298.0,33.1,False
2283.0,32.8,False
2354.0,30.8,False
2253.0,27.5,False
2147.0,22.6,False
2146.0,20.9,False
2217.0,20.5,False
2233.0,20.2,False
1837.0,20.0,False
1859.0,20.0,False
1642.0,20.3,False
1546.0,20.1,False
1494.0,19.6,False
1538.0,19.3,False
1636.0,18.9,False
1685.0,19.3,False
1828.0,21.7,False
1922.0,25.0,False
1995.0,27.3,False
2042.0,29.7,False
2195.0,30.7,False
2009.0,32.1,False
1923.0,32.2,False
1890.0,29.2,False
1831.0,29.2,False
1855.0,29.4,False
1921.0,29.5,False
1906.0,23.5,False
1880.0,21.2,False
1910.0,21.2,False
2020.0,21.1,False
2066.0,20.9,False
1682.0,20.7,False
1690.0,18.6,False
1497.0,18.5,False
1415.0,17.8,False
1395.0,17.5,False
1381.0,17.7,False
1413.0,18.6,False
1487.0,17.6,False
1589.0,18.1,False
1745.0,19.9,False
1808.0,21.6,False
1919.0,23.7,False
2038.0,26.3,False
1846.0,28.0,False
1737.0,29.2,False
1673.0,29.7,False
1654.0,29.6,False
1723.0,28.0,False
1887.0,26.2,False
1901.0,23.7,False
1887.0,20.2,False
1898.0,18.9,False
2026.0,18.0,False
2010.0,17.1,False
1691.0,16.7,False
1707.0,16.4,False
1521.0,16.1,False
1512.0,15.7,False
1548.0,15.7,False
1740.0,15.3,False
2047.0,14.9,False
2231.0,15.5,False
2342.0,17.4,False
2425.0,19.5,False
2426.0,21.2,False
2497.0,22.8,False
2531.0,24.4,False
2439.0,26.4,False
2390.0,27.3,False
2304.0,27.7,False
2219.0,27.7,False
2198.0,27.5,False
2355.0,21.6,False
2183.0,18.8,False
2160.0,18.3,False
2087.0,18.1,False
2196.0,18.2,False
2233.0,17.2,False
1850.0,16.7,False
1886.0,15.2,False
1709.0,15.0,False
1657.0,14.8,False
1689.0,14.5,False
1827.0,14.2,False
2155.0,14.0,False
2280.0,14.5,False
2387.0,15.9,False
2444.0,17.2,False
2467.0,17.7,False
2540.0,18.5,False
2543.0,19.5,False
2441.0,23.5,False
2389.0,24.2,False
2311.0,23.2,False
2246.0,22.5,False
2100.0,21.3,False
2236.0,20.0,False
2232.0,18.9,False
2160.0,17.8,False
2123.0,16.8,False
2115.0,15.8,False
2162.0,14.2,False
1812.0,13.6,False
1849.0,15.8,False
1689.0,15.7,False
1629.0,15.6,False
1661.0,15.5,False
1745.0,15.5,False
2116.0,15.4,False
2203.0,15.8,False
2321.0,16.2,False
2377.0,16.8,False
2409.0,17.6,False
2489.0,18.4,False
2539.0,20.3,False
2420.0,20.3,False
2347.0,22.6,False
2285.0,23.1,False
2173.0,22.8,False
2193.0,21.5,False
2287.0,21.1,False
2230.0,18.6,False
2147.0,16.5,False
2129.0,15.3,False
2186.0,14.6,False
2195.0,14.3,False
1858.0,14.2,False
1890.0,10.9,False
1702.0,10.7,False
1655.0,10.5,False
1653.0,10.3,False
1803.0,10.2,False
2107.0,10.1,False
2267.0,12.3,False
2345.0,14.4,False
2437.0,17.5,False
2369.0,19.4,False
2469.0,20.7,False
2513.0,22.1,False
2404.0,23.2,False
2360.0,24.2,False
2291.0,24.9,False
2200.0,25.4,False
2113.0,25.4,False
2279.0,24.9,False
2231.0,19.7,False
2164.0,15.3,False
2119.0,13.7,False
2173.0,13.2,False
2171.0,13.2,False
1859.0,13.3,False
1873.0,12.9,False
1685.0,12.9,False
1643.0,12.7,False
1670.0,12.5,False
1770.0,12.0,False
2010.0,11.6,False
2206.0,11.7,False
2297.0,14.4,False
2327.0,18.2,False
2344.0,21.9,False
2401.0,24.3,False
2513.0,26.0,False
2359.0,27.1,False
2303.0,27.8,False
2259.0,27.9,False
2189.0,27.7,False
2227.0,27.3,False
2272.0,26.3,False
2201.0,22.2,False
2130.0,18.1,False
1999.0,17.3,False
2179.0,17.9,False
2155.0,17.3,False
1783.0,17.2,False
1846.0,17.7,False
1592.0,16.7,False
1515.0,15.7,False
1504.0,15.2,False
1511.0,15.2,False
1613.0,15.1,False
1676.0,16.9,False
1804.0,17.7,False
1913.0,19.0,False
1978.0,19.6,False
2044.0,22.3,False
2176.0,24.9,False
1977.0,22.6,False
1906.0,22.0,False
1813.0,25.5,False
1790.0,26.8,False
1819.0,26.4,False
1890.0,19.3,False
1865.0,21.2,False
1810.0,19.1,False
1827.0,18.6,False
1936.0,18.4,False
1975.0,17.3,False
1609.0,17.5,False
1629.0,16.6,False
1439.0,16.8,False
1350.0,17.0,False
1321.0,17.1,False
1323.0,17.8,False
1373.0,17.0,False
1440.0,16.9,False
1561.0,16.8,False
1678.0,17.6,False
1804.0,18.9,False
1929.0,21.5,False
1989.0,23.4,False
1740.0,22.4,False
1668.0,23.5,False
1593.0,24.6,False
1587.0,24.8,False
1685.0,24.1,False
1822.0,22.7,False
1855.0,18.7,False
1853.0,16.8,False
1792.0,16.7,False
1927.0,15.6,False
1963.0,15.6,False
1631.0,15.2,False
1662.0,16.1,False
1514.0,14.8,False
1458.0,14.6,False
1506.0,14.2,False
1717.0,13.8,False
2002.0,13.5,False
2214.0,13.8,False
2319.0,15.1,False
2383.0,17.1,False
2410.0,18.9,False
2447.0,20.4,False
2459.0,21.2,False
2318.0,19.3,False
2285.0,20.1,False
2243.0,19.7,False
2167.0,19.5,False
2166.0,19.2,False
2297.0,18.3,False
2206.0,16.1,False
2077.0,14.6,False
2083.0,14.1,False
2185.0,13.3,False
2144.0,12.9,False
1796.0,12.7,False
1863.0,14.4,False
1670.0,12.5,False
1629.0,11.9,False
1662.0,11.3,False
1803.0,11.0,False
2130.0,10.9,False
2278.0,11.2,False
2354.0,12.7,False
2374.0,15.1,False
2397.0,17.2,False
2457.0,18.6,False
2487.0,19.4,False
2416.0,20.1,False
2266.0,19.9,False
2232.0,19.3,False
2162.0,19.1,False
2187.0,18.5,False
2359.0,17.6,False
2263.0,16.7,False
2152.0,15.5,False
2112.0,16.7,False
2185.0,17.1,False
2208.0,16.8,False
1834.0,16.7,False
1850.0,15.5,False
1725.0,15.7,False
1614.0,15.9,False
1656.0,16.0,False
1804.0,16.4,False
2076.0,16.4,False
2231.0,16.7,False
2365.0,17.2,False
2386.0,18.0,False
2421.0,19.1,False
2478.0,20.3,False
2541.0,21.2,False
2384.0,21.6,False
2315.0,21.1,False
2264.0,20.7,False
2268.0,19.2,False
2304.0,17.0,False
2358.0,16.7,False
2304.0,17.0,False
2210.0,16.8,False
2140.0,15.8,False
2227.0,14.2,False
2230.0,13.8,False
1875.0,13.5,False
1882.0,13.6,False
1712.0,13.5,False
1635.0,13.7,False
1665.0,12.3,False
1831.0,11.6,False
2124.0,10.8,False
2273.0,10.9,False
2385.0,11.8,False
2406.0,12.9,False
2434.0,13.7,False
2478.0,15.5,False
2491.0,15.7,False
2373.0,16.7,False
2305.0,15.2,False
2206.0,13.7,False
2119.0,15.3,False
2175.0,14.3,False
2305.0,13.7,False
2239.0,12.1,False
2013.0,10.6,False
2113.0,10.1,False
2191.0,9.8,False
2199.0,9.8,False
1848.0,9.9,False
1890.0,10.2,False
1698.0,9.4,False
1611.0,8.7,False
1674.0,8.4,False
1774.0,8.1,False
2104.0,8.0,False
2286.0,8.0,False
2352.0,9.0,False
2394.0,11.4,False
2372.0,13.8,False
2380.0,15.4,False
2440.0,17.0,False
2313.0,18.1,False
2152.0,18.9,False
2079.0,18.9,False
2029.0,18.4,False
2117.0,16.5,False
2200.0,14.6,False
2167.0,12.0,False
2104.0,10.5,False
2052.0,9.5,False
2166.0,9.0,False
2190.0,8.3,False
1848.0,7.9,False
1848.0,7.0,False
1630.0,6.6,False
1526.0,6.8,False
1487.0,6.8,False
1553.0,7.0,False
1661.0,7.4,False
1744.0,7.3,False
1854.0,8.6,False
1928.0,10.9,False
1999.0,13.0,False
2042.0,14.4,False
2122.0,16.0,False
1919.0,16.8,False
1804.0,17.6,False
1676.0,17.8,False
1679.0,17.6,False
1713.0,16.8,False
1853.0,15.7,False
1840.0,12.8,False
1830.0,11.4,False
1809.0,11.1,False
1974.0,11.0,False
2026.0,10.9,False
1696.0,11.1,False
1689.0,11.5,False
1477.0,11.7,False
1369.0,11.9,False
1327.0,12.0,False
1340.0,12.1,False
1408.0,12.0,False
1436.0,11.4,False
1572.0,12.3,False
1697.0,14.7,False
1741.0,17.6,False
1932.0,19.1,False
2043.0,19.8,False
1796.0,20.1,False
1678.0,20.0,False
1629.0,19.9,False
1595.0,19.5,False
1635.0,18.9,False
1814.0,17.4,False
1860.0,15.6,False
1840.0,14.3,False
1806.0,13.7,False
1998.0,13.8,False
2033.0,14.0,False
1712.0,14.5,False
1731.0,15.7,False
1527.0,16.4,False
1477.0,16.5,False
1506.0,16.3,False
1690.0,16.2,False
2031.0,16.2,False
2210.0,16.4,False
2315.0,16.9,False
2348.0,18.0,False
2363.0,19.3,False
2431.0,20.7,False
2458.0,21.6,False
2363.0,21.9,False
2274.0,22.1,False
2196.0,22.5,False
2142.0,21.9,False
2126.0,20.9,False
2294.0,19.0,False
2237.0,17.0,False
2099.0,16.0,False
2062.0,15.7,False
2177.0,15.8,False
2194.0,14.9,False
1839.0,14.6,False
1849.0,14.8,False
1668.0,15.6,False
1617.0,15.1,False
1636.0,14.9,False
1772.0,14.7,False
2115.0,14.7,False
2312.0,15.2,False
2340.0,15.8,False
2363.0,17.7,False
2382.0,19.1,False
2438.0,20.7,False
2478.0,21.7,False
2368.0,22.5,False
2301.0,22.2,False
2245.0,22.1,False
2157.0,21.7,False
2182.0,20.7,False
2319.0,19.2,False
2320.0,16.2,False
2153.0,14.7,False
2099.0,14.8,False
2172.0,14.9,False
2205.0,14.1,False
1850.0,14.0,False
1891.0,15.1,False
1699.0,14.9,False
1633.0,14.5,False
1656.0,14.8,False
1811.0,14.6,False
2111.0,14.7,False
2258.0,13.8,False
2373.0,14.3,False
2403.0,16.1,False
2389.0,17.4,False
2453.0,19.1,False
2542.0,20.6,False
2425.0,21.7,False
2300.0,21.3,False
2244.0,20.2,False
2138.0,20.5,False
2248.0,18.1,False
2400.0,18.0,False
2332.0,15.8,False
2236.0,12.7,False
2094.0,11.8,False
2185.0,11.4,False
2206.0,11.4,False
1882.0,11.6,False
1883.0,11.7,False
1700.0,11.4,False
1640.0,11.4,False
1654.0,11.2,False
1794.0,10.8,False
2157.0,10.9,False
2384.0,11.1,False
2391.0,12.0,False
2391.0,14.4,False
2405.0,16.8,False
2459.0,18.8,False
2556.0,19.2,False
2390.0,19.3,False
2323.0,17.8,False
2229.0,18.7,False
2201.0,19.9,False
2207.0,20.3,False
2370.0,19.3,False
2342.0,18.2,False
2171.0,17.5,False
2102.0,17.1,False
2217.0,17.9,False
2241.0,17.9,False
1903.0,18.4,False
1900.0,18.3,False
1725.0,18.4,False
1681.0,17.0,False
1660.0,17.1,False
1808.0,16.9,False
2130.0,17.0,False
2324.0,17.0,False
2409.0,16.3,False
2427.0,16.4,False
2421.0,17.4,False
2444.0,18.5,False
2485.0,19.6,False
2340.0,20.3,False
2270.0,20.8,False
2155.0,21.0,False
2101.0,20.9,False
2084.0,20.5,False
2267.0,18.2,False
2221.0,14.3,False
2105.0,12.4,False
2067.0,11.8,False
2165.0,11.6,False
2175.0,11.5,False
1831.0,11.0,False
1836.0,10.6,False
1598.0,10.3,False
1507.0,10.0,False
1491.0,9.8,False
1522.0,9.6,False
1602.0,9.3,False
1707.0,9.4,False
1842.0,10.5,False
1923.0,13.4,False
1929.0,16.1,False
1987.0,18.5,False
2117.0,20.3,False
1918.0,21.4,False
1836.0,22.1,False
1757.0,22.6,False
1726.0,22.5,False
1762.0,21.7,False
1876.0,19.6,False
1915.0,16.3,False
1819.0,14.7,False
1838.0,13.9,False
1975.0,13.5,False
2033.0,13.4,False
1678.0,13.4,False
1675.0,14.6,False
1448.0,14.5,False
1358.0,14.4,False
1328.0,14.3,False
1318.0,14.0,False
1376.0,13.7,False
1469.0,13.0,False
1542.0,14.0,False
1691.0,16.9,False
1786.0,19.9,False
1904.0,22.5,False
2063.0,24.3,False
1837.0,25.6,False
1743.0,25.7,False
1646.0,25.7,False
1603.0,25.5,False
1687.0,24.5,False
1857.0,22.0,False
1932.0,19.1,False
1849.0,17.9,False
1800.0,17.3,False
1927.0,16.7,False
1986.0,16.3,False
1647.0,16.1,False
1663.0,16.2,False
1479.0,16.0,False
1426.0,15.7,False
1475.0,15.3,False
1663.0,14.9,False
1995.0,14.9,False
2189.0,15.5,False
2228.0,16.4,False
2303.0,18.6,False
2348.0,20.2,False
2433.0,21.7,False
2483.0,24.5,False
2399.0,26.1,False
2346.0,26.4,False
2234.0,25.3,False
2179.0,24.7,False
2194.0,23.8,False
2326.0,21.8,False
2303.0,19.0,False
2119.0,17.2,False
2086.0,17.2,False
2154.0,17.0,False
2164.0,17.4,False
1800.0,18.0,False
1841.0,17.9,False
1669.0,17.6,False
1578.0,17.6,False
1617.0,16.5,False
1734.0,15.3,False
2081.0,14.6,False
2273.0,14.2,False
2308.0,13.1,False
2323.0,13.5,False
2335.0,13.9,False
2408.0,17.0,False
2446.0,18.1,False
2330.0,19.1,False
2222.0,19.2,False
2153.0,18.5,False
2112.0,18.8,False
2092.0,17.9,False
2267.0,16.5,False
2242.0,12.6,False
2103.0,11.2,False
2041.0,10.6,False
2156.0,10.0,False
2160.0,9.7,False
1815.0,9.4,False
1838.0,9.3,False
1671.0,9.2,False
1603.0,9.0,False
1624.0,8.7,False
1788.0,8.8,False
2109.0,9.1,False
2287.0,9.1,False
2400.0,10.0,False
2281.0,11.7,False
2393.0,13.5,False
2460.0,14.8,False
2517.0,16.3,False
2333.0,17.2,False
2277.0,17.9,False
2192.0,18.4,False
2124.0,18.7,False
2131.0,18.4,False
2305.0,16.3,False
2325.0,12.9,False
2140.0,11.8,False
2092.0,10.9,False
2173.0,10.8,False
2218.0,9.8,False
1867.0,9.6,False
1890.0,10.3,False
1683.0,9.7,False
1642.0,9.3,False
1654.0,8.7,False
1806.0,8.4,False
2149.0,8.2,False
2368.0,8.3,False
2405.0,9.6,False
2428.0,11.7,False
2386.0,13.8,False
2418.0,15.5,False
2465.0,17.6,False
2355.0,18.7,False
2262.0,19.4,False
2181.0,19.9,False
2145.0,20.0,False
2132.0,19.4,False
2286.0,16.7,False
2314.0,13.9,False
2116.0,12.7,False
2065.0,11.9,False
2185.0,11.6,False
2210.0,11.1,False
1852.0,10.9,False
1838.0,10.6,False
1662.0,10.5,False
1616.0,10.2,False
1643.0,9.7,False
1798.0,9.6,False
2140.0,9.5,False
2374.0,9.0,False
2387.0,10.0,False
2395.0,13.0,False
2383.0,15.7,False
2422.0,18.0,False
2491.0,19.9,False
2343.0,20.5,False
2258.0,21.5,False
2157.0,22.2,False
2050.0,22.3,False
2099.0,21.8,False
2188.0,18.7,False
2267.0,15.1,False
2063.0,13.7,False
2024.0,13.1,False
2137.0,12.5,False
2171.0,12.4,False
1797.0,12.1,False
1799.0,11.6,False
1598.0,11.4,False
1495.0,11.3,False
1457.0,11.2,False
1491.0,11.1,False
1590.0,11.0,False
1717.0,11.2,False
1796.0,12.1,False
1861.0,15.2,False
1892.0,18.0,False
1978.0,20.3,False
2109.0,22.3,False
1900.0,23.7,False
1822.0,25.0,False
1763.0,25.4,False
1709.0,25.3,False
1728.0,24.8,False
1866.0,21.4,False
1943.0,18.5,False
1773.0,17.1,False
1742.0,16.2,False
1903.0,15.5,False
1970.0,15.0,False
1644.0,14.8,False
1645.0,14.5,False
1422.0,14.2,False
1347.0,13.9,False
1306.0,13.8,False
1307.0,13.7,False
1388.0,13.4,False
1489.0,13.4,False
1585.0,13.8,False
1685.0,16.7,False
1752.0,19.8,False
1876.0,22.4,False
1988.0,24.5,False
1768.0,25.6,False
1666.0,26.5,False
1623.0,26.9,False
1549.0,26.7,False
1631.0,25.7,False
1804.0,21.8,False
1972.0,19.0,False
1829.0,18.2,False
1774.0,17.4,False
1927.0,16.4,False
1961.0,15.7,False
1659.0,15.1,False
1669.0,14.4,False
1483.0,14.0,False
1434.0,13.8,False
1484.0,13.7,False
1659.0,13.6,False
2003.0,13.6,False
2272.0,14.4,False
2300.0,15.0,False
2303.0,18.0,False
2329.0,21.1,False
2403.0,23.4,False
2467.0,25.3,False
2376.0,26.4,False
2313.0,27.2,False
2198.0,27.7,False
2141.0,27.4,False
2148.0,26.3,False
2292.0,22.8,False
2303.0,19.8,False
2105.0,18.4,False
2063.0,17.8,False
2178.0,17.0,False
2208.0,16.4,False
1842.0,16.0,False
1864.0,16.0,False
1695.0,15.7,False
1613.0,15.2,False
1654.0,14.9,False
1788.0,14.7,False
2113.0,14.4,False
2418.0,14.3,False
2399.0,14.8,False
2397.0,17.7,False
2396.0,20.7,False
2456.0,23.0,False
2500.0,24.7,False
2422.0,25.7,False
2311.0,26.5,False
2260.0,26.4,False
2205.0,25.5,False
2200.0,23.6,False
2355.0,19.7,False
2415.0,16.5,False
2156.0,15.1,False
2112.0,14.3,False
2227.0,13.7,False
2237.0,13.4,False
1865.0,13.3,False
1922.0,12.7,False
1720.0,12.5,False
1668.0,12.6,False
1676.0,12.6,False
1822.0,12.8,False
2130.0,13.0,False
2352.0,13.4,False
2424.0,14.1,False
2413.0,16.4,False
2413.0,19.2,False
2459.0,21.5,False
2473.0,23.6,False
2370.0,24.4,False
2292.0,24.8,False
2239.0,25.1,False
2179.0,24.3,False
2202.0,22.8,False
2348.0,20.1,False
2441.0,17.2,False
2201.0,16.2,False
2118.0,15.6,False
2191.0,15.7,False
2220.0,15.8,False
1872.0,15.9,False
1918.0,16.0,False
1719.0,16.3,False
1633.0,16.6,False
1650.0,16.7,False
1800.0,16.7,False
2160.0,16.9,False
2399.0,14.8,False
2435.0,15.3,False
2437.0,17.2,False
2471.0,19.5,False
2517.0,21.5,False
2521.0,23.3,False
2442.0,22.7,False
2392.0,22.7,False
2270.0,22.0,False
2214.0,21.9,False
2250.0,21.2,False
2404.0,19.1,False
2435.0,17.4,False
2159.0,16.9,False
2122.0,16.2,False
2216.0,15.8,False
2194.0,15.7,False
1830.0,16.1,False
1876.0,17.5,False
1685.0,16.4,False
1632.0,15.7,False
1651.0,17.8,False
1772.0,15.9,False
2105.0,15.4,False
2369.0,15.9,False
2422.0,17.8,False
2434.0,19.3,False
2459.0,20.3,False
2505.0,20.3,False
2543.0,18.9,False
2430.0,21.8,False
2338.0,19.4,False
2233.0,17.7,False
2135.0,18.4,False
2212.0,17.5,False
2288.0,17.7,False
2310.0,16.3,False
2107.0,16.2,False
2083.0,16.2,False
2148.0,16.3,False
2179.0,14.5,False
1807.0,13.0,False
1810.0,13.0,False
1623.0,13.1,False
1529.0,13.0,False
1467.0,12.6,False
1519.0,12.6,False
1606.0,12.7,False
1793.0,12.4,False
1838.0,12.3,False
1914.0,12.4,False
1941.0,12.7,False
2025.0,12.9,False
2189.0,13.4,False
1989.0,14.3,False
1823.0,14.5,False
1790.0,14.5,False
1719.0,14.5,False
1790.0,14.2,False
1907.0,12.8,False
2030.0,9.3,False
1863.0,8.6,False
1810.0,8.3,False
1940.0,7.9,False
2094.0,7.6,False
1744.0,7.5,False
1754.0,7.1,False
1543.0,6.9,False
1455.0,6.7,False
1411.0,7.0,False
1406.0,7.1,False
1490.0,7.1,False
1614.0,7.9,False
1681.0,8.0,False
1770.0,9.8,False
1900.0,10.8,False
2001.0,12.0,False
2136.0,13.3,False
1901.0,13.9,False
1727.0,14.3,False
1686.0,14.5,False
1675.0,14.1,False
1732.0,13.8,False
1932.0,12.7,False
2088.0,10.0,False
1907.0,9.2,False
1905.0,9.6,False
2040.0,9.0,False
2123.0,8.5,False
1806.0,8.4,False
1800.0,7.2,False
1619.0,6.9,False
1570.0,6.9,False
1639.0,6.9,False
1822.0,6.7,False
2161.0,6.0,False
2476.0,5.6,False
2512.0,5.8,False
2560.0,7.5,False
2474.0,9.6,False
2548.0,11.7,False
2572.0,13.2,False
2434.0,14.5,False
2325.0,15.2,False
2250.0,15.3,False
2220.0,15.3,False
2219.0,14.7,False
2399.0,12.9,False
2492.0,10.3,False
2235.0,9.5,False
2189.0,10.2,False
2301.0,9.9,False
2301.0,9.8,False
1993.0,9.5,False
2019.0,8.8,False
1825.0,8.7,False
1763.0,8.8,False
1810.0,8.9,False
1969.0,9.0,False
2309.0,9.5,False
2612.0,9.5,False
2618.0,9.8,False
2640.0,10.7,False
2607.0,11.5,False
2642.0,12.3,False
2618.0,13.9,False
2485.0,15.5,False
2355.0,18.7,False
2257.0,18.9,False
2216.0,20.6,False
2249.0,20.8,False
2443.0,19.4,False
2494.0,18.7,False
2245.0,18.0,False
2223.0,18.1,False
2279.0,17.3,False
2295.0,16.3,False
1930.0,15.9,False
1975.0,16.5,False
1762.0,15.7,False
1698.0,15.6,False
1708.0,15.7,False
1871.0,15.6,False
2144.0,15.4,False
2399.0,15.0,False
2461.0,15.2,False
2553.0,15.3,False
2576.0,15.6,False
2602.0,16.7,False
2655.0,16.2,False
2515.0,17.9,False
2470.0,17.5,False
2377.0,16.9,False
2302.0,16.7,False
2364.0,15.4,False
2501.0,14.8,False
2542.0,14.4,False
2284.0,14.5,False
2185.0,13.6,False
2276.0,13.9,False
2335.0,14.6,False
1970.0,15.0,False
1973.0,16.1,False
1799.0,15.6,False
1750.0,15.1,False
1739.0,14.8,False
1893.0,15.0,False
2190.0,14.8,False
2428.0,14.9,False
2539.0,14.2,False
2496.0,15.1,False
2519.0,15.4,False
2610.0,15.4,False
2601.0,16.1,False
2427.0,16.2,False
2424.0,16.3,False
2340.0,16.3,False
2272.0,15.7,False
2314.0,14.9,False
2442.0,13.8,False
2520.0,12.9,False
2241.0,12.7,False
2193.0,12.5,False
2286.0,12.0,False
2326.0,11.7,False
1954.0,11.7,False
1967.0,11.1,False
1821.0,10.9,False
1758.0,10.7,False
1780.0,10.6,False
1917.0,10.5,False
2246.0,10.6,False
2513.0,10.6,False
2564.0,10.6,False
2570.0,11.9,False
2580.0,13.5,False
2612.0,15.1,False
2637.0,16.5,False
2476.0,17.1,False
2343.0,17.7,False
2248.0,16.9,False
2189.0,14.1,False
2210.0,14.0,False
2363.0,12.8,False
2449.0,11.9,False
2174.0,11.7,False
2169.0,11.5,False
2285.0,11.3,False
2337.0,11.1,True
1972.0,11.0,True
1947.0,10.9,True
1763.0,11.1,True
1656.0,12.8,True
1651.0,12.4,True
1667.0,11.7,True
1790.0,11.3,True
1938.0,11.2,True
2044.0,11.1,True
2198.0,11.0,True
2224.0,11.5,True
2353.0,12.9,True
2462.0,13.8,True
2241.0,11.6,True
2145.0,11.6,True
2089.0,12.3,True
2030.0,13.1,True
2103.0,12.3,True
2262.0,11.4,True
2304.0,11.4,True
2084.0,11.6,True
2086.0,11.1,True
2214.0,9.8,True
2278.0,11.2,True
1960.0,11.4,True
1961.0,11.6,True
1736.0,10.0,True
1636.0,8.9,True
1602.0,8.6,True
1627.0,8.3,True
1722.0,8.3,True
1880.0,8.2,True
1941.0,8.2,True
2040.0,9.9,True
2071.0,12.4,True
2121.0,14.3,True
2217.0,15.5,True
1966.0,16.4,True
1814.0,16.5,True
1716.0,16.4,True
1701.0,16.1,True
1772.0,15.1,True
1968.0,12.2,True
2196.0,11.1,True
1984.0,10.7,True
1949.0,10.3,True
2087.0,10.3,True
2149.0,10.2,True
1866.0,10.0,True
1877.0,10.2,True
1704.0,10.4,True
1646.0,10.4,True
1696.0,11.0,True
1880.0,11.4,True
2215.0,11.6,True
2510.0,11.9,True
2616.0,11.5,True
2679.0,11.4,True
2692.0,10.0,True
2811.0,9.4,True
2834.0,9.8,True
2675.0,8.9,True
2597.0,9.1,True
2458.0,9.7,True
2365.0,10.8,True
2428.0,11.0,True
2620.0,10.4,True
2697.0,10.1,True
2424.0,10.0,True
2345.0,9.4,True
2469.0,9.7,True
2492.0,8.9,True
2164.0,8.4,True
2187.0,7.8,True
1999.0,7.5,True
1933.0,7.3,True
1959.0,7.3,True
2105.0,7.2,True
2464.0,7.1,True
2717.0,7.1,True
2806.0,7.6,True
2797.0,9.5,True
2719.0,12.2,True
2819.0,13.9,True
2849.0,14.8,True
2696.0,14.8,True
2596.0,12.0,True
2553.0,11.3,True
2532.0,11.0,True
2562.0,10.2,True
2734.0,10.1,True
2734.0,10.6,True
2479.0,10.6,True
2423.0,12.2,True
2487.0,13.7,True
2565.0,13.7,True
2196.0,14.1,True
2220.0,8.6,True
1996.0,8.7,True
1923.0,8.4,True
1941.0,8.1,True
2091.0,8.3,True
2344.0,8.6,True
2643.0,9.6,True
2719.0,10.6,True
2710.0,10.1,True
2732.0,10.9,True
2830.0,11.7,True
2857.0,13.0,True
2699.0,13.3,True
2587.0,14.6,True
2446.0,14.6,True
2453.0,14.3,True
2512.0,12.7,True
2723.0,12.2,True
2747.0,12.4,True
2441.0,12.7,True
2388.0,13.2,True
2448.0,14.0,True
2448.0,14.6,True
2140.0,14.3,True
2183.0,13.5,True
1964.0,12.7,True
1865.0,12.2,True
1907.0,11.9,True
2066.0,11.2,True
2301.0,11.5,True
2612.0,11.7,True
2729.0,11.5,True
2761.0,11.8,True
2775.0,12.0,True
2879.0,11.6,True
2883.0,11.8,True
2715.0,12.9,True
2614.0,13.5,True
2519.0,13.6,True
2464.0,14.1,True
2492.0,13.0,True
2696.0,11.4,True
2733.0,10.7,True
2429.0,10.9,True
2371.0,10.7,True
2520.0,10.6,True
2513.0,10.6,True
2177.0,10.2,True
2212.0,10.3,True
1993.0,10.1,True
1934.0,9.9,True
1961.0,9.7,True
2137.0,9.1,True
2397.0,8.4,True
2683.0,10.9,True
2797.0,10.8,True
2817.0,10.5,True
2845.0,11.8,True
2913.0,12.8,True
2991.0,13.9,True
2769.0,13.7,True
2594.0,13.9,True
2490.0,13.0,True
2393.0,13.1,True
2456.0,12.3,True
2678.0,11.3,True
2662.0,10.9,True
2389.0,10.8,True
2378.0,10.9,True
2532.0,11.5,True
2600.0,10.4,True
2263.0,9.7,True
2246.0,10.2,True
2046.0,9.8,True
1909.0,10.0,True
1878.0,9.9,True
1939.0,10.4,True
2082.0,10.4,True
2190.0,10.0,True
2306.0,10.4,True
2375.0,12.5,True
2420.0,13.3,True
2522.0,13.8,True
2679.0,12.9,True
2402.0,13.3,True
2288.0,13.6,True
2275.0,13.7,True
2216.0,13.5,True
2274.0,13.1,True
2411.0,13.1,True
2466.0,12.4,True
2237.0,11.8,True
2266.0,11.2,True
2393.0,11.1,True
2456.0,10.5,True
2148.0,10.0,True
2148.0,9.9,True
2148.0,9.5,True
1831.0,9.6,True
1749.0,10.7,True
1772.0,10.0,True
1785.0,10.3,True
1964.0,9.8,True
2058.0,10.0,True
2141.0,10.8,True
2162.0,10.8,True
2231.0,12.1,True
2349.0,13.0,True
2413.0,13.2,True
2118.0,13.9,True
2014.0,13.8,True
1934.0,13.1,True
1979.0,12.2,True
2150.0,10.7,True
2485.0,9.8,True
2404.0,10.1,True
2217.0,10.0,True
2265.0,10.3,True
2393.0,10.3,True
2498.0,10.6,True
2167.0,9.3,True
2184.0,9.3,True
1971.0,9.1,True
1909.0,9.3,True
1959.0,9.0,True
2188.0,9.0,True
2458.0,8.1,True
2720.0,8.1,True
2866.0,9.1,True
2913.0,11.0,True
2897.0,12.3,True
2953.0,12.9,True
2943.0,13.9,True
2768.0,14.5,True
2621.0,14.6,True
2512.0,13.9,True
2373.0,12.9,True
2588.0,11.7,True
2920.0,11.3,True
2760.0,11.4,True
2497.0,11.3,True
2466.0,11.8,True
2574.0,10.9,True
2662.0,10.5,True
2315.0,10.3,True
2323.0,9.9,True
2104.0,10.1,True
2047.0,10.0,True
2087.0,9.7,True
2251.0,10.0,True
2532.0,9.9,True
2742.0,9.7,True
2862.0,11.0,True
2812.0,12.5,True
2753.0,13.3,True
2823.0,13.4,True
2877.0,12.4,True
2747.0,13.3,True
2637.0,13.9,True
2568.0,14.6,True
2584.0,13.8,True
2662.0,12.9,True
2806.0,12.7,True
2717.0,12.9,True
2431.0,13.0,True
2427.0,13.1,True
2518.0,12.7,True
2555.0,13.0,True
2216.0,12.9,True
2206.0,13.8,True
1971.0,12.7,True
1827.0,12.3,True
1819.0,11.7,True
1862.0,11.3,True
1993.0,10.6,True
2033.0,10.1,True
2207.0,10.5,True
2189.0,11.0,True
2238.0,10.7,True
2368.0,12.1,True
2430.0,13.5,True
2214.0,13.2,True
2084.0,12.8,True
2009.0,12.1,True
2085.0,11.4,True
2306.0,11.2,True
2547.0,11.1,True
2421.0,10.9,True
2200.0,11.5,True
2154.0,12.3,True
2280.0,12.3,True
2346.0,12.9,True
2036.0,12.4,True
1968.0,10.6,True
1686.0,9.9,True
1421.0,9.7,True
1368.0,9.4,True
1473.0,8.7,True
1639.0,8.9,True
1787.0,8.4,True
1959.0,8.0,True
2081.0,8.9,True
2151.0,10.2,True
2237.0,11.0,True
2262.0,11.5,True
2222.0,11.9,True
2173.0,11.3,True
2181.0,10.1,True
2221.0,8.9,True
2396.0,8.1,True
2622.0,7.0,True
2506.0,6.0,True
2274.0,5.6,True
2267.0,6.0,True
2377.0,6.0,True
2404.0,5.6,True
2122.0,5.8,True
2174.0,5.1,True
2035.0,4.9,True
1995.0,4.8,True
2002.0,5.5,True
2168.0,5.4,True
2384.0,6.0,True
2616.0,7.3,True
2727.0,7.4,True
2724.0,10.5,True
2678.0,11.9,True
2663.0,12.1,True
2705.0,12.6,True
2567.0,12.4,True
2426.0,12.1,True
2392.0,11.5,True
2383.0,10.5,True
2520.0,9.6,True
2787.0,9.3,True
2666.0,9.0,True
2455.0,8.6,True
2442.0,9.8,True
2545.0,10.0,True
2598.0,9.3,True
2249.0,9.0,True
2260.0,9.6,True
2050.0,8.8,True
1956.0,9.9,True
1870.0,12.0,True
1933.0,14.2,True
2036.0,13.5,True
2106.0,10.1,True
2261.0,9.9,True
2346.0,10.9,True
2387.0,11.4,True
2449.0,11.7,True
2593.0,11.7,True
2319.0,11.3,True
2219.0,10.6,True
2238.0,10.7,True
2239.0,10.5,True
2417.0,9.9,True
2589.0,10.3,True
2464.0,10.2,True
2254.0,10.4,True
2270.0,10.0,True
2375.0,9.8,True
2463.0,9.7,True
2168.0,10.1,True
2189.0,10.2,True
1978.0,9.5,True
1812.0,10.0,True
1809.0,9.9,True
1856.0,10.2,True
1917.0,9.1,True
2014.0,9.2,True
2114.0,9.6,True
2192.0,10.5,True
2241.0,11.7,True
2305.0,12.4,True
2384.0,12.7,True
2173.0,12.4,True
2004.0,12.1,True
2000.0,11.7,True
2027.0,10.9,True
2277.0,9.8,True
2543.0,9.4,True
2470.0,8.6,True
2296.0,8.0,True
2310.0,8.5,True
2471.0,8.4,True
2498.0,8.2,False
2234.0,8.5,False
2266.0,8.0,False
2085.0,8.2,False
2028.0,7.4,False
2086.0,7.5,False
2298.0,7.4,False
2693.0,8.4,False
2923.0,7.2,False
3001.0,8.3,False
3041.0,9.1,False
2955.0,9.9,False
2978.0,11.6,False
3051.0,12.8,False
2883.0,12.9,False
2792.0,12.5,False
2643.0,11.6,False
2725.0,10.2,False
2923.0,9.6,False
3198.0,9.0,False
2974.0,9.0,False
2745.0,9.2,False
2688.0,7.4,False
2828.0,6.1,False
2874.0,6.0,False
2562.0,5.4,False
2598.0,5.4,False
2425.0,5.4,False
2377.0,5.5,False
2429.0,5.3,False
2677.0,5.2,False
3029.0,5.1,False
3293.0,5.1,False
3343.0,5.9,False
3217.0,8.1,False
3097.0,10.1,False
3008.0,11.3,False
3007.0,12.0,False
2838.0,12.2,False
2663.0,12.2,False
2620.0,11.7,False
2635.0,10.1,False
2895.0,7.8,False
3197.0,7.1,False
3056.0,7.0,False
2871.0,7.0,False
2748.0,6.8,False
2838.0,6.7,False
2859.0,7.0,False
2522.0,7.2,False
2552.0,7.8,False
2331.0,7.5,False
2266.0,9.5,False
2269.0,10.6,False
2472.0,10.7,False
2824.0,11.3,False
3015.0,11.3,False
3095.0,11.7,False
3079.0,11.9,False
3056.0,11.9,False
3130.0,12.1,False
3202.0,12.1,False
3077.0,12.2,False
2968.0,12.1,False
2880.0,12.7,False
2884.0,10.3,False
3077.0,9.7,False
3254.0,9.3,False
3035.0,9.2,False
2768.0,9.0,False
2709.0,8.6,False
2796.0,8.3,False
2810.0,7.2,False
2492.0,6.7,False
2522.0,6.2,False
2312.0,6.8,False
2277.0,6.7,False
2324.0,7.2,False
2504.0,7.6,False
2898.0,8.4,False
3109.0,7.9,False
3210.0,8.0,False
3147.0,9.3,False
3141.0,9.4,False
3096.0,10.6,False
3150.0,8.6,False
2961.0,8.7,False
2836.0,8.7,False
2788.0,8.5,False
2862.0,7.1,False
3133.0,6.1,False
3316.0,7.4,False
3102.0,6.9,False
2822.0,6.7,False
2863.0,6.7,False
2935.0,7.1,False
2975.0,6.8,False
2643.0,6.6,False
2679.0,7.2,False
2505.0,8.7,False
2409.0,8.7,False
2477.0,8.9,False
2655.0,9.0,False
3045.0,8.5,False
3212.0,8.2,False
3256.0,8.4,False
3196.0,9.5,False
3109.0,10.3,False
3102.0,11.1,False
3171.0,11.8,False
2953.0,11.5,False
2824.0,11.4,False
2690.0,10.9,False
2682.0,10.3,False
3016.0,10.0,False
3145.0,7.3,False
3073.0,6.7,False
2768.0,6.4,False
2744.0,6.3,False
2867.0,6.5,False
2896.0,6.2,False
2559.0,5.9,False
2583.0,5.9,False
2369.0,5.6,False
2306.0,5.5,False
2275.0,5.4,False
2377.0,5.5,False
2514.0,5.4,False
2627.0,5.4,False
2751.0,6.1,False
2821.0,7.8,False
2804.0,8.5,False
2842.0,10.1,False
2984.0,11.3,False
2714.0,10.9,False
2543.0,11.2,False
2435.0,10.8,False
2456.0,9.9,False
2688.0,9.0,False
2860.0,9.1,False
2706.0,9.0,False
2483.0,8.8,False
2498.0,9.0,False
2665.0,11.4,False
2691.0,13.2,False
2342.0,12.8,False
2366.0,12.0,False
2080.0,12.1,False
1961.0,12.0,False
1906.0,12.1,False
1930.0,12.0,False
2036.0,12.3,False
2109.0,11.7,False
2202.0,10.7,False
2283.0,12.2,False
2406.0,13.3,False
2537.0,11.9,False
2634.0,14.3,False
2378.0,14.2,False
2206.0,13.5,False
2126.0,13.2,False
2123.0,12.4,False
2383.0,11.5,False
2618.0,12.0,False
2544.0,12.4,False
2313.0,12.4,False
2306.0,14.0,False
2412.0,14.2,False
2471.0,14.4,False
2159.0,14.5,False
2167.0,14.7,False
1964.0,14.8,False
1875.0,15.0,False
1919.0,15.0,False
2138.0,15.1,False
2503.0,15.3,False
2717.0,15.2,False
2794.0,15.1,False
2869.0,15.2,False
2858.0,15.0,False
2882.0,15.6,False
2917.0,15.8,False
2735.0,15.4,False
2723.0,14.9,False
2611.0,14.0,False
2629.0,13.0,False
2794.0,12.4,False
3022.0,11.5,False
2814.0,11.7,False
2552.0,11.9,False
2509.0,11.6,False
2630.0,11.3,False
2641.0,11.1,False
2318.0,11.9,False
2360.0,12.0,False
2164.0,12.0,False
2082.0,11.7,False
2076.0,11.0,False
2281.0,10.9,False
2660.0,11.6,False
2877.0,12.1,False
2932.0,13.2,False
2985.0,13.5,False
2964.0,13.3,False
3016.0,13.3,False
2893.0,13.7,False
2748.0,13.9,False
2617.0,13.3,False
2608.0,12.6,False
2645.0,11.7,False
2825.0,10.8,False
3038.0,10.1,False
2883.0,9.6,False
2619.0,9.3,False
2577.0,8.7,False
2685.0,8.1,False
2734.0,7.8,False
2405.0,7.7,False
2447.0,7.5,False
2254.0,7.4,False
2235.0,7.4,False
2259.0,7.4,False
2455.0,7.2,False
2857.0,7.3,False
3093.0,7.2,False
3116.0,7.6,False
3028.0,9.1,False
2935.0,10.8,False
2958.0,12.2,False
3044.0,12.6,False
2848.0,12.4,False
2786.0,12.0,False
2773.0,12.0,False
2779.0,10.6,False
2997.0,9.5,False
3164.0,10.0,False
2973.0,9.7,False
2738.0,9.2,False
2651.0,9.2,False
2732.0,9.5,False
2782.0,9.5,False
2459.0,8.8,False
2501.0,9.2,False
2287.0,9.7,False
2198.0,10.4,False
2225.0,10.4,False
2390.0,11.5,False
2695.0,14.0,False
2952.0,13.2,False
3004.0,12.9,False
3008.0,13.1,False
2943.0,13.3,False
3003.0,12.7,False
3014.0,12.5,False
2895.0,12.4,False
2808.0,11.7,False
2816.0,11.3,False
2829.0,10.4,False
3063.0,9.7,False
3202.0,10.9,False
3009.0,10.8,False
2781.0,10.4,False
2701.0,8.4,False
2764.0,7.3,False
2793.0,6.6,False
2489.0,6.3,False
2564.0,6.2,False
2384.0,6.6,False
2357.0,8.0,False
2395.0,6.7,False
2620.0,6.6,False
3019.0,6.1,False
3230.0,6.0,False
3300.0,6.3,False
3194.0,7.9,False
3070.0,9.5,False
3019.0,10.9,False
3076.0,11.6,False
2921.0,10.7,False
2835.0,9.9,False
2744.0,9.4,False
2754.0,9.1,False
3026.0,8.8,False
3105.0,8.9,False
2978.0,8.6,False
2705.0,8.9,False
2682.0,9.6,False
2791.0,11.0,False
2787.0,11.4,False
2471.0,11.6,False
2406.0,11.8,False
2122.0,12.1,False
2063.0,12.6,False
1972.0,13.2,False
2042.0,13.3,False
2168.0,13.1,False
2290.0,13.4,False
2383.0,13.6,False
2468.0,14.0,False
2484.0,14.1,False
2572.0,14.2,False
2660.0,14.6,False
2438.0,14.4,False
2359.0,14.0,False
2282.0,14.0,False
2230.0,14.1,False
2483.0,14.2,False
2570.0,13.8,False
2439.0,14.1,False
2226.0,13.9,False
2204.0,13.2,False
2389.0,12.5,False
2453.0,12.1,False
2136.0,11.9,False
2143.0,11.5,False
1949.0,11.2,False
1822.0,10.9,False
1806.0,10.8,False
1852.0,10.8,False
1931.0,11.0,False
2040.0,10.8,False
2144.0,10.8,False
2229.0,11.5,False
2259.0,12.5,False
2357.0,13.3,False
2373.0,13.8,False
2137.0,13.8,False
2069.0,13.3,False
1976.0,12.7,False
2073.0,11.6,False
2342.0,10.6,False
2554.0,9.9,False
2490.0,11.0,False
2320.0,11.4,False
2295.0,11.5,False
2438.0,11.3,False
2530.0,11.3,False
2229.0,10.6,False
2286.0,9.2,False
2109.0,7.8,False
2031.0,7.5,False
2110.0,7.5,False
2319.0,7.7,False
2698.0,9.1,False
3002.0,8.5,False
3020.0,8.0,False
2974.0,9.4,False
2933.0,10.3,False
3009.0,10.7,False
2924.0,10.7,False
2843.0,10.7,False
2793.0,11.3,False
2748.0,12.0,False
2741.0,11.4,False
2975.0,10.8,False
3104.0,10.3,False
2932.0,10.1,False
2617.0,9.5,False
2571.0,9.5,False
2664.0,9.8,False
2690.0,9.8,False
2391.0,9.6,False
2427.0,9.8,False
2251.0,9.9,False
2169.0,9.9,False
2211.0,9.9,False
2392.0,10.3,False
2828.0,10.2,False
3057.0,10.0,False
3078.0,10.3,False
3027.0,10.6,False
2989.0,11.8,False
2993.0,12.2,False
2944.0,12.9,False
2895.0,12.7,False
2828.0,12.1,False
2773.0,11.1,False
2834.0,10.2,False
3042.0,10.3,False
3208.0,9.4,False
3045.0,9.5,False
2784.0,9.7,False
2688.0,9.9,False
2784.0,8.9,False
2794.0,8.3,False
2454.0,9.7,False
2511.0,9.3,False
2341.0,8.1,False
2220.0,7.8,False
2284.0,7.8,False
2361.0,7.9,False
2869.0,9.0,False
3107.0,9.4,False
3123.0,8.6,False
3076.0,9.2,False
3019.0,10.4,False
3021.0,11.2,False
2894.0,11.7,False
2774.0,11.7,False
2710.0,11.6,False
2655.0,10.9,False
2694.0,9.3,False
2970.0,8.1,False
3247.0,7.3,False
3043.0,7.0,False
2862.0,7.0,False
2731.0,7.0,False
2862.0,6.9,False
2873.0,6.8,False
2537.0,7.2,False
2574.0,7.2,False
2413.0,7.0,False
2283.0,6.8,False
2284.0,6.7,False
2490.0,6.8,False
2882.0,7.0,False
3060.0,7.9,False
3178.0,10.1,False
3132.0,10.9,False
3108.0,11.5,False
3178.0,11.9,False
3057.0,12.2,False
3021.0,12.1,False
2965.0,11.8,False
2919.0,11.5,False
2905.0,11.4,False
3112.0,10.8,False
3232.0,8.1,False
3035.0,7.3,False
2736.0,6.7,False
2708.0,6.4,False
2801.0,6.5,False
2856.0,6.7,False
2510.0,7.4,False
2568.0,6.9,False
2389.0,6.7,False
2271.0,6.8,False
2295.0,7.1,False
2497.0,7.3,False
2828.0,7.4,False
3087.0,7.7,False
3079.0,8.3,False
3077.0,10.4,False
3024.0,11.5,False
3048.0,11.6,False
2959.0,12.9,False
2835.0,12.0,False
2795.0,10.2,False
2708.0,9.8,False
2718.0,9.2,False
3008.0,9.0,False
3087.0,9.2,False
2942.0,9.1,False
2743.0,8.6,False
2714.0,8.8,False
2854.0,8.9,False
2913.0,6.8,False
2601.0,8.5,False
2644.0,7.1,False
2499.0,7.0,False
2370.0,6.4,False
2398.0,4.0,False
2482.0,3.5,False
2707.0,2.5,False
2902.0,2.3,False
3036.0,2.4,False
3075.0,3.9,False
2976.0,5.3,False
2889.0,6.4,False
2786.0,6.7,False
2569.0,7.1,False
2511.0,7.3,False
2430.0,7.1,False
2429.0,5.2,False
2885.0,3.9,False
3089.0,3.5,False
3000.0,3.1,False
2823.0,2.6,False
2839.0,2.4,False
3021.0,2.5,False
3096.0,2.1,False
2837.0,2.1,False
2915.0,1.5,False
2724.0,1.4,False
2588.0,1.6,False
2541.0,1.3,False
2580.0,1.2,False
2680.0,1.1,False
2800.0,1.5,False
2754.0,2.0,False
2954.0,3.1,False
3024.0,4.5,False
3006.0,5.5,False
2895.0,6.0,False
2683.0,6.5,False
2589.0,6.8,False
2528.0,7.0,False
2541.0,6.2,False
2858.0,5.7,False
3077.0,5.7,False
2944.0,6.0,False
2759.0,6.5,False
2773.0,6.9,False
2805.0,7.7,False
2853.0,8.2,False
2604.0,9.4,False
2632.0,10.1,False
2427.0,10.0,False
2305.0,8.3,False
2336.0,7.9,False
2528.0,8.1,False
2925.0,9.3,False
3190.0,9.0,False
3238.0,8.4,False
3288.0,9.2,False
3286.0,10.5,False
3308.0,10.2,False
3195.0,10.0,False
3097.0,11.5,False
3038.0,11.3,False
2916.0,11.0,False
2939.0,10.6,False
3227.0,9.5,False
3371.0,10.4,False
3202.0,9.1,False
3005.0,7.7,False
2824.0,7.2,False
2990.0,8.5,False
3010.0,8.2,False
2709.0,7.6,False
2806.0,6.6,False
2667.0,7.1,False
2592.0,7.0,False
2633.0,6.9,False
2861.0,6.8,False
3241.0,7.2,False
3591.0,6.7,False
3591.0,6.7,False
3526.0,6.9,False
3338.0,7.7,False
3290.0,7.6,False
3111.0,7.9,False
3028.0,8.0,False
2984.0,8.0,False
2961.0,7.8,False
2975.0,7.2,False
3289.0,6.9,False
3518.0,8.0,False
3379.0,8.0,False
3149.0,7.9,False
3089.0,7.8,False
3208.0,7.3,False
3249.0,6.4,False
3051.0,3.4,False
3069.0,3.2,False
2953.0,3.3,False
2878.0,2.9,False
2912.0,2.8,False
3153.0,2.8,False
3474.0,3.1,False
3747.0,3.0,False
3826.0,3.0,False
3726.0,4.0,False
3627.0,5.5,False
3613.0,6.3,False
3425.0,6.3,False
3310.0,5.9,False
3290.0,5.7,False
3229.0,5.2,False
3248.0,4.9,False
3492.0,4.6,False
3613.0,4.1,False
3367.0,4.0,False
3142.0,3.8,False
3074.0,3.4,False
3210.0,3.2,False
3190.0,2.6,False
2881.0,4.1,False
2988.0,3.7,False
2836.0,3.8,False
2730.0,3.8,False
2774.0,3.7,False
2980.0,3.3,False
3404.0,3.7,False
3657.0,3.7,False
3712.0,3.5,False
3709.0,3.8,False
3630.0,3.7,False
3611.0,3.5,False
3454.0,4.3,False
3383.0,4.4,False
3267.0,4.8,False
3213.0,5.3,False
3318.0,5.1,False
3521.0,5.0,False
3678.0,4.8,False
3516.0,4.7,False
3249.0,4.7,False
3157.0,4.5,False
3281.0,3.9,False
3306.0,4.1,False
2974.0,3.3,False
3096.0,3.0,False
2925.0,2.8,False
2781.0,3.3,False
2832.0,3.4,False
3013.0,3.4,False
3426.0,3.1,False
3685.0,3.6,False
3729.0,3.2,False
3714.0,3.6,False
3612.0,4.0,False
3575.0,4.3,False
3377.0,5.2,False
3249.0,5.7,False
3191.0,5.8,False
3115.0,5.1,False
3188.0,3.3,False
3529.0,1.8,False
3659.0,1.4,False
3554.0,1.1,False
3336.0,0.8,False
3333.0,0.5,False
3448.0,0.7,False
3505.0,0.8,False
3146.0,1.4,False
3236.0,0.2,False
3091.0,-0.1,False
2943.0,0.1,False
2953.0,0.6,False
3036.0,0.7,False
3231.0,0.2,False
3431.0,1.3,False
3576.0,1.5,False
3609.0,1.4,False
3476.0,1.1,False
3384.0,1.4,False
3188.0,4.9,False
2987.0,5.3,False
2919.0,5.5,False
2914.0,5.5,False
3022.0,3.9,False
3335.0,3.1,False
3494.0,3.7,False
3355.0,3.5,False
3180.0,3.1,False
3141.0,3.0,False
3321.0,2.8,False
3360.0,2.7,False
3080.0,3.6,False
3068.0,3.1,False
2912.0,3.6,False
2735.0,3.7,False
2679.0,3.9,False
2715.0,4.0,False
2781.0,6.1,False
2918.0,6.1,False
2917.0,7.1,False
3066.0,8.0,False
3085.0,8.9,False
3071.0,9.6,False
2947.0,9.7,False
2758.0,10.2,False
2760.0,10.0,False
2721.0,9.2,False
2781.0,9.0,False
2983.0,8.9,False
3189.0,9.0,False
3132.0,8.6,False
3043.0,8.2,False
2874.0,8.6,False
3032.0,8.8,False
3088.0,9.4,False
2758.0,9.6,False
2826.0,9.6,False
2665.0,9.4,False
2529.0,10.7,False
2561.0,10.0,False
2790.0,10.6,False
3127.0,9.3,False
3421.0,9.2,False
3424.0,8.9,False
3385.0,9.4,False
3362.0,8.9,False
3367.0,8.5,False
3294.0,8.6,False
3278.0,8.4,False
3308.0,8.2,False
3273.0,7.5,False
3332.0,6.3,False
3595.0,5.7,False
3742.0,6.4,False
3544.0,6.4,False
3253.0,6.5,False
3232.0,6.4,False
3297.0,6.2,False
3328.0,5.5,False
3044.0,5.7,False
3111.0,5.7,False
2965.0,5.8,False
2874.0,5.8,False
2904.0,5.8,False
3089.0,5.7,False
3579.0,5.2,False
3806.0,5.5,False
3821.0,6.3,False
3761.0,6.3,False
3607.0,7.2,False
3501.0,8.3,False
3329.0,8.9,False
3275.0,9.1,False
3207.0,8.8,False
3187.0,7.9,False
3264.0,6.6,False
3582.0,5.2,False
3738.0,4.7,False
3579.0,4.4,False
3316.0,4.2,False
3274.0,4.2,False
3376.0,4.2,False
3413.0,4.0,False
3138.0,3.3,False
3227.0,3.1,False
3086.0,3.0,False
3012.0,2.9,False
3038.0,2.9,False
3307.0,2.6,False
3713.0,2.9,False
4005.0,2.9,False
4097.0,2.9,False
4004.0,3.7,False
3850.0,4.9,False
3837.0,6.3,False
3643.0,7.1,False
3599.0,7.4,False
3544.0,7.2,False
3498.0,7.0,False
3554.0,6.1,False
3725.0,6.0,False
3872.0,5.8,False
3671.0,5.6,False
3377.0,6.2,False
3254.0,6.6,False
3340.0,6.6,False
3406.0,7.1,False
3052.0,6.3,False
3139.0,6.4,False
2960.0,5.3,False
2815.0,4.4,False
2839.0,4.3,False
3029.0,4.4,False
3434.0,7.9,False
3658.0,7.7,False
3782.0,7.9,False
3742.0,8.2,False
3766.0,8.9,False
3820.0,9.3,False
3700.0,9.6,False
3619.0,9.8,False
3566.0,10.0,False
3493.0,11.3,False
3477.0,11.8,False
3614.0,10.6,False
3680.0,9.2,False
3465.0,9.0,False
3148.0,8.7,False
3055.0,8.5,False
3171.0,8.1,False
3198.0,7.7,False
2901.0,7.9,False
2939.0,7.0,False
2741.0,6.6,False
2622.0,6.3,False
2666.0,6.1,False
2840.0,6.0,False
3230.0,6.1,False
3504.0,6.3,False
3549.0,6.2,False
3493.0,6.7,False
3337.0,8.7,False
3255.0,9.9,False
3097.0,10.9,False
2979.0,11.0,False
2978.0,10.7,False
2868.0,9.9,False
2941.0,9.1,False
3215.0,8.6,False
3307.0,7.6,False
3184.0,7.8,False
2910.0,8.3,False
2867.0,8.4,False
3001.0,9.1,False
3021.0,9.0,False
2693.0,9.4,False
2737.0,10.2,False
2508.0,10.4,False
2352.0,10.4,False
2321.0,10.9,False
2346.0,11.2,False
2449.0,13.2,False
2550.0,13.5,False
2643.0,13.3,False
2722.0,13.3,False
2704.0,13.4,False
2781.0,13.8,False
2742.0,14.0,False
2557.0,13.7,False
2502.0,12.7,False
2434.0,11.6,False
2463.0,10.2,False
2751.0,9.4,False
2820.0,9.2,False
2780.0,9.3,False
2605.0,9.1,False
2606.0,9.1,False
2755.0,8.9,False
2824.0,8.6,False
2530.0,8.6,False
2587.0,8.4,False
2393.0,8.2,False
2249.0,8.6,False
2199.0,8.4,False
2215.0,7.7,False
2306.0,7.1,False
2422.0,7.5,False
2489.0,8.3,False
2628.0,9.8,False
2707.0,11.3,False
2833.0,11.7,False
2772.0,13.3,False
2504.0,13.7,False
2435.0,13.9,False
2334.0,13.7,False
2318.0,13.5,False
2564.0,13.2,False
2762.0,13.2,False
2695.0,13.3,False
2518.0,13.2,False
2461.0,13.3,False
2622.0,13.1,False
2692.0,13.0,False
2419.0,11.1,False
2479.0,10.5,False
2303.0,10.1,False
2162.0,9.6,False
2223.0,9.5,False
2437.0,9.8,False
2790.0,11.5,False
3070.0,11.6,False
3055.0,11.0,False
3120.0,11.3,False
3108.0,11.5,False
3156.0,11.9,False
3049.0,13.2,False
3032.0,13.3,False
2983.0,13.1,False
2876.0,12.7,False
2871.0,12.2,False
3070.0,11.7,False
3160.0,12.7,False
2999.0,11.8,False
2711.0,11.9,False
2591.0,11.6,False
2774.0,11.4,False
2756.0,11.4,False
2445.0,12.2,False
2504.0,12.6,False
2299.0,11.8,False
2167.0,11.9,False
2272.0,11.6,False
2430.0,11.9,False
2775.0,11.9,False
3093.0,11.7,False
3113.0,10.8,False
3075.0,10.6,False
3071.0,11.3,False
3099.0,11.7,False
2976.0,12.0,False
2922.0,11.9,False
2859.0,11.6,False
2809.0,10.9,False
2831.0,9.9,False
3123.0,9.4,False
3271.0,9.2,False
3138.0,8.9,False
2875.0,8.8,False
2785.0,8.7,False
2905.0,8.4,False
2961.0,8.2,False
2647.0,8.3,False
2708.0,8.9,False
2556.0,9.4,False
2432.0,8.8,False
2475.0,7.3,False
2690.0,7.1,False
3012.0,9.3,False
3318.0,8.1,False
3366.0,9.4,False
3273.0,8.8,False
3290.0,9.5,False
3324.0,10.2,False
3184.0,10.5,False
3137.0,10.2,False
3143.0,9.1,False
3102.0,9.0,False
3136.0,8.3,False
3394.0,7.6,False
3555.0,8.2,False
3381.0,7.7,False
3082.0,7.4,False
3035.0,7.5,False
3133.0,7.4,False
3151.0,7.4,False
2849.0,7.6,False
2943.0,7.0,False
2800.0,5.1,False
2704.0,4.7,False
2746.0,4.8,False
2954.0,5.2,False
3295.0,5.9,False
3651.0,6.5,False
3621.0,6.7,False
3607.0,7.0,False
3522.0,8.2,False
3595.0,8.9,False
3458.0,9.1,False
3351.0,11.3,False
3318.0,11.7,False
3225.0,11.6,False
3220.0,9.9,False
3373.0,8.5,False
3505.0,7.9,False
3288.0,7.6,False
3047.0,8.5,False
2944.0,9.2,False
3055.0,8.0,False
3061.0,6.9,False
2771.0,6.1,False
2809.0,5.8,False
2664.0,5.6,False
2555.0,5.2,False
2608.0,4.9,False
2742.0,4.8,False
3199.0,5.6,False
3433.0,5.4,False
3460.0,5.3,False
3416.0,6.1,False
3368.0,7.9,False
3332.0,9.3,False
3198.0,9.7,False
3107.0,9.9,False
3082.0,9.6,False
3022.0,8.9,False
3040.0,7.2,False
3287.0,6.0,False
3346.0,5.4,False
3257.0,5.1,False
3056.0,4.8,False
3030.0,4.5,False
3139.0,4.3,False
3204.0,4.1,False
2911.0,3.9,False
3005.0,3.7,False
2830.0,3.5,False
2710.0,3.3,False
2723.0,3.1,False
2828.0,2.9,False
3021.0,3.0,False
3199.0,2.8,False
3343.0,2.6,False
3389.0,3.3,False
3215.0,4.9,False
3100.0,6.3,False
2933.0,8.0,False
2710.0,8.6,False
2647.0,8.7,False
2499.0,8.0,False
2639.0,6.1,False
2970.0,5.0,False
3171.0,4.2,False
3108.0,3.8,False
3056.0,3.5,False
3013.0,3.2,False
3189.0,3.1,False
3289.0,3.0,False
3023.0,2.8,False
3098.0,2.6,False
2948.0,2.5,False
2800.0,2.5,False
2778.0,2.4,False
2821.0,2.3,False
2948.0,2.1,False
3115.0,2.0,False
3204.0,2.0,False
3342.0,3.0,False
3379.0,5.1,False
3444.0,7.1,False
3354.0,7.8,False
3129.0,8.7,False
3079.0,8.9,False
3010.0,8.1,False
3048.0,6.3,False
3304.0,5.1,False
3478.0,4.3,False
3376.0,4.0,False
3162.0,3.8,False
3096.0,3.7,False
3211.0,3.6,False
3265.0,3.6,False
3002.0,3.3,False
3043.0,3.3,False
2866.0,3.4,False
2758.0,3.4,False
2805.0,3.5,False
3034.0,3.5,False
3414.0,3.7,False
3624.0,3.7,False
3726.0,3.8,False
3670.0,4.6,False
3696.0,6.4,False
3720.0,8.2,False
3621.0,10.4,False
3503.0,11.1,False
3534.0,11.0,False
3446.0,10.2,False
3442.0,8.5,False
3633.0,7.8,False
3744.0,9.4,False
3520.0,9.3,False
3255.0,9.4,False
3135.0,9.6,False
3187.0,9.9,False
3213.0,10.0,False
2901.0,9.2,False
2966.0,10.3,False
2776.0,10.4,False
2646.0,9.9,False
2667.0,9.9,False
2869.0,10.7,False
3233.0,9.2,False
3504.0,9.2,False
3523.0,9.5,False
3494.0,10.1,False
3467.0,10.6,False
3433.0,11.5,False
3364.0,12.4,False
3351.0,12.1,False
3332.0,11.6,False
3212.0,11.5,False
3200.0,11.7,False
3380.0,11.8,False
3492.0,11.6,False
3325.0,11.5,False
3112.0,9.8,False
3023.0,9.7,False
3106.0,9.4,False
3200.0,9.4,False
2835.0,7.2,False
2950.0,6.6,False
2810.0,5.9,False
2651.0,5.3,False
2719.0,7.0,False
2956.0,6.5,False
3340.0,6.1,False
3567.0,7.5,False
3665.0,7.4,False
3573.0,7.5,False
3476.0,8.3,False
3417.0,9.6,False
3310.0,10.4,False
3168.0,10.6,False
3185.0,10.8,False
3112.0,10.3,False
3133.0,10.1,False
3344.0,10.1,False
3522.0,9.9,False
3333.0,9.8,False
3054.0,9.4,False
3020.0,9.5,False
3069.0,9.5,False
3079.0,9.8,False
2815.0,10.0,False
2875.0,10.2,False
2683.0,10.3,False
2547.0,10.6,False
2569.0,10.5,False
2721.0,10.4,False
3083.0,10.7,False
3314.0,11.0,False
3338.0,11.0,False
3394.0,11.0,False
3340.0,11.2,False
3374.0,11.6,False
3282.0,11.3,False
3248.0,11.2,False
3232.0,11.5,False
3189.0,11.1,False
3124.0,11.2,False
3294.0,10.9,False
3385.0,11.1,False
3234.0,11.3,False
2947.0,11.1,False
2922.0,11.3,False
3027.0,11.2,False
3013.0,11.1,False
2677.0,11.1,False
2718.0,11.0,False
2550.0,11.0,False
2436.0,10.9,False
2454.0,11.0,False
2630.0,10.9,False
2976.0,10.4,False
3203.0,10.2,False
3259.0,10.3,False
3282.0,10.4,False
3226.0,10.7,False
3235.0,10.5,False
3125.0,10.2,False
3011.0,10.2,False
2945.0,10.2,False
2900.0,10.0,False
2908.0,9.8,False
3172.0,9.9,False
3192.0,9.5,False
3090.0,9.4,False
2863.0,9.1,False
2831.0,9.1,False
2957.0,7.9,False
2971.0,7.7,True
2620.0,8.8,True
2681.0,8.9,True
2486.0,7.9,True
2348.0,7.9,True
2309.0,10.0,True
2370.0,8.3,True
2493.0,8.6,True
2623.0,8.8,True
2750.0,10.5,True
2801.0,9.9,True
2793.0,10.0,True
2819.0,10.1,True
2779.0,11.9,True
2630.0,12.1,True
2625.0,11.8,True
2538.0,11.0,True
2564.0,9.7,True
2759.0,10.5,True
2864.0,9.9,True
2747.0,9.4,True
2581.0,7.7,True
2590.0,7.4,True
2757.0,7.5,True
2815.0,7.4,True
2515.0,7.4,True
2553.0,7.7,True
2391.0,7.8,True
2184.0,7.8,True
2149.0,7.8,True
2174.0,7.8,True
2284.0,7.8,True
2396.0,7.9,True
2477.0,8.0,True
2561.0,8.6,True
2613.0,10.1,True
2638.0,11.4,True
2624.0,12.5,True
2478.0,12.9,True
2463.0,12.3,True
2405.0,11.7,True
2422.0,11.3,True
2606.0,10.2,True
2637.0,10.0,True
2545.0,9.8,True
2365.0,9.7,True
2402.0,9.9,True
2578.0,10.7,True
2755.0,11.0,True
2495.0,11.0,True
2538.0,11.1,True
2311.0,11.1,True
2112.0,11.2,True
1999.0,11.3,True
2019.0,11.1,True
2095.0,11.2,True
2151.0,11.2,True
2166.0,11.2,True
2285.0,10.9,True
2397.0,11.6,True
2484.0,12.0,True
2419.0,12.1,True
2286.0,12.3,True
2266.0,12.1,True
2194.0,11.8,True
2233.0,11.4,True
2461.0,11.5,True
2576.0,11.2,True
2557.0,11.2,True
2403.0,11.2,True
2411.0,11.2,True
2579.0,11.2,True
2634.0,11.3,True
2360.0,11.2,True
2417.0,11.2,True
2231.0,11.2,True
2122.0,11.2,True
2132.0,11.3,True
2262.0,11.2,True
2474.0,11.0,True
2637.0,11.1,True
2727.0,11.0,True
2790.0,11.0,True
2847.0,11.4,True
2968.0,11.4,True
2868.0,11.3,True
2775.0,11.4,True
2776.0,11.2,True
2688.0,11.8,True
2687.0,11.1,True
2892.0,10.5,True
2986.0,10.7,True
2857.0,10.7,True
2629.0,11.0,True
2604.0,11.1,True
2720.0,11.2,True
2753.0,11.3,True
2461.0,11.4,True
2493.0,11.4,True
2336.0,11.6,True
2175.0,11.0,True
2202.0,10.7,True
2354.0,10.5,True
2528.0,10.2,True
2732.0,10.1,True
2823.0,10.2,True
2887.0,10.5,True
2963.0,10.9,True
3059.0,11.8,True
3003.0,12.1,True
2919.0,12.0,True
2932.0,12.4,True
2852.0,12.5,True
2851.0,12.3,True
3010.0,11.9,True
3056.0,10.8,True
2961.0,11.0,True
2723.0,10.4,True
2692.0,10.4,True
2816.0,10.5,True
2864.0,10.3,True
2557.0,9.6,True
2612.0,9.3,True
2460.0,9.2,True
2339.0,9.1,True
2308.0,9.0,True
2449.0,8.9,True
2675.0,8.9,True
2852.0,8.9,True
2959.0,9.0,True
2921.0,9.5,True
2929.0,10.4,True
2989.0,11.2,True
2934.0,11.4,True
2824.0,11.5,True
2750.0,11.2,True
2672.0,10.8,True
2676.0,10.0,True
2958.0,9.7,True
3092.0,10.6,True
2958.0,10.7,True
2749.0,10.7,True
2715.0,10.9,True
2841.0,11.0,True
2872.0,11.0,True
2569.0,10.8,True
2669.0,10.7,True
2464.0,10.8,True
2322.0,10.9,True
2323.0,11.0,True
2447.0,10.9,True
2624.0,10.8,True
2810.0,10.6,True
2940.0,10.3,True
2936.0,9.9,True
2936.0,10.8,True
2978.0,11.5,True
2896.0,11.9,True
2793.0,12.3,True
2715.0,12.0,True
2646.0,11.2,True
2651.0,10.2,True
2913.0,8.9,True
3049.0,8.3,True
2921.0,7.6,True
2749.0,7.2,True
2773.0,6.9,True
2825.0,6.8,True
2920.0,6.7,True
2610.0,,True
2646.0,,True
2483.0,,True
2314.0,,True
2259.0,,True
2297.0,,True
2448.0,,True
2531.0,,True
2630.0,,True
2689.0,,True
2715.0,,True
2739.0,,True
2721.0,,True
2620.0,,True
2607.0,,True
2543.0,,True
2559.0,,True
2761.0,,True
2918.0,,True
2806.0,,True
2595.0,,True
2579.0,,True
2719.0,,True
2749.0,,True
2554.0,,True
2604.0,,True
2430.0,,True
2271.0,,True
2250.0,,True
2292.0,,True
2415.0,,True
2554.0,,True
2657.0,,True
2772.0,,True
2865.0,,True
2898.0,,True
2876.0,,True
2717.0,,True
2669.0,,True
2582.0,,True
2669.0,,True
2921.0,,True
2996.0,,True
2880.0,,True
2741.0,,True
2773.0,,True
2956.0,,True
3067.0,,True
2842.0,,True
2875.0,,True
2729.0,,True
2529.0,,True
2445.0,,True
2435.0,,True
2509.0,,True
2529.0,,True
2535.0,,True
2565.0,,True
2586.0,,True
2603.0,,True
2616.0,,True
2485.0,,True
2508.0,,True
2492.0,,True
2535.0,,True
2735.0,,True
2857.0,,True
2786.0,,True
2650.0,,True
2605.0,,True
2730.0,,True
2782.0,,True
2455.0,,True
2484.0,,True
2322.0,,True
2181.0,,True
2179.0,,True
2312.0,,True
2545.0,,True
2705.0,,True
2875.0,,True
2946.0,,True
3020.0,,True
3086.0,,True
3102.0,,True
2948.0,,True
2843.0,,True
2752.0,,True
2760.0,,True
2938.0,,True
3134.0,,True
3035.0,,True
2820.0,,True
2746.0,,True
2907.0,,True
2942.0,,True
2643.0,,True
2715.0,,True
2503.0,,True
2362.0,,True
2348.0,,True
2494.0,,True
2759.0,,True
2971.0,,True
3138.0,,True
3173.0,,True
3213.0,,True
3251.0,,True
3194.0,,True
3006.0,,True
2987.0,,True
2926.0,,True
2945.0,,True
3112.0,,True
3317.0,,True
3247.0,,True
2977.0,,True
2928.0,,True
3066.0,,True
3109.0,,True
2809.0,,True
2820.0,,True
2685.0,,True
2507.0,,True
2531.0,,True
2683.0,,True
2947.0,,True
3150.0,,True
3298.0,,True
3270.0,,True
3297.0,,True
3339.0,,True
3328.0,,True
3219.0,,True
3186.0,,True
3110.0,,True
3119.0,,True
3292.0,,True
3505.0,,True
3412.0,,True
3145.0,,True
3082.0,,True
3194.0,,True
3257.0,,True
2966.0,,True
2980.0,,True
2837.0,,True
2713.0,,True
2714.0,,True
2873.0,,True
3205.0,,True
3448.0,,True
3643.0,,True
3649.0,,True
3523.0,,True
3435.0,,True
3314.0,,True
3152.0,,True
3092.0,,True
3018.0,,True
3025.0,,True
3242.0,,True
3441.0,,True
3378.0,,True
3176.0,,True
3119.0,,True
3276.0,,True
3336.0,,True
3046.0,,True
3047.0,,True
2893.0,,True
2708.0,,True
2660.0,,True
2690.0,,True
2838.0,,True
2971.0,,True
3091.0,,True
3196.0,,True
3165.0,,True
3119.0,,True
3033.0,,True
2836.0,,True
2762.0,,True
2719.0,,True
2712.0,,True
2969.0,,True
3207.0,,True
3177.0,,True
3038.0,,True
3042.0,,True
3235.0,,True
3300.0,,True
3049.0,,True
3063.0,,True
2917.0,,True
2746.0,,True
2671.0,,True
2713.0,,True
2820.0,,True
2937.0,,True
3071.0,,True
3174.0,,True
3200.0,,True
3177.0,,True
3153.0,,True
2910.0,,True
2848.0,,True
2727.0,,True
2806.0,,True
3084.0,,True
3408.0,,True
3395.0,,True
3238.0,,True
3210.0,,True
3357.0,,True
3401.0,,False
3194.0,,False
3211.0,,False
3114.0,,False
2998.0,,False
3035.0,,False
3274.0,,False
3653.0,,False
4003.0,,False
4202.0,,False
4229.0,,False
4086.0,,False
3990.0,,False
3809.0,,False
3663.0,,False
3628.0,,False
3607.0,,False
3700.0,,False
4013.0,,False
4337.0,,False
4250.0,,False
4034.0,,False
3948.0,,False
4081.0,,False
4133.0,,False
3872.0,,False
3918.0,,False
3832.0,,False
3701.0,,False
3705.0,,False
3895.0,,False
4331.0,,False
4592.0,,False
4712.0,,False
4700.0,,False
4643.0,,False
4624.0,,False
4523.0,,False
4412.0,,False
4381.0,,False
4344.0,,False
4353.0,,False
4522.0,,False
4689.0,,False
4545.0,,False
4285.0,,False
4166.0,,False
4230.0,,False
4271.0,,False
3976.0,,False
4031.0,,False
3926.0,,False
3785.0,,False
3807.0,,False
3996.0,,False
4366.0,,False
4615.0,,False
4781.0,,False
4782.0,,False
4780.0,,False
4829.0,,False
4718.0,,False
4592.0,,False
4554.0,,False
4466.0,,False
4419.0,,False
4537.0,,False
4778.0,,False
4611.0,,False
4305.0,,False
4177.0,,False
4268.0,,False
4313.0,,False
4046.0,,False
4105.0,,False
4031.0,,False
3876.0,,False
3901.0,,False
4081.0,,False
4504.0,,False
4697.0,,False
4826.0,,False
4766.0,,False
4622.0,,False
4532.0,,False
4302.0,,False
4098.0,,False
3950.0,,False
3818.0,,False
3830.0,,False
4094.0,,False
4380.0,,False
4285.0,,False
4025.0,,False
3920.0,,False
4005.0,,False
4072.0,,False
3791.0,,False
3853.0,,False
3747.0,,False
3616.0,,False
3606.0,,False
3741.0,,False
4110.0,,False
4351.0,,False
4458.0,,False
4369.0,,False
4278.0,,False
4298.0,,False
4234.0,,False
4142.0,,False
4063.0,,False
3990.0,,False
3934.0,,False
4068.0,,False
4227.0,,False
4109.0,,False
3868.0,,False
3790.0,,False
3916.0,,False
3947.0,,False
3676.0,,False
3727.0,,False
3590.0,,False
3464.0,,False
3420.0,,False
3494.0,,False
3661.0,,False
3816.0,,False
3993.0,,False
4127.0,,False
4057.0,,False
4148.0,,False
4123.0,,False
3923.0,,False
3847.0,,False
3767.0,,False
3810.0,,False
3969.0,,False
4184.0,,False
4120.0,,False
3895.0,,False
3855.0,,False
3992.0,,False
4046.0,,False
3813.0,,False
3820.0,,False
3660.0,,False
3475.0,,False
3387.0,,False
3394.0,,False
3466.0,,False
3548.0,,False
3669.0,,False
3793.0,,False
3819.0,,False
3946.0,,False
3885.0,,False
3607.0,,False
3492.0,,False
3398.0,,False
3382.0,,False
3584.0,,False
3851.0,,False
3818.0,,False
3614.0,,False
3536.0,,False
3660.0,,False
3695.0,,False
3462.0,,False
3486.0,,False
3372.0,,False
3211.0,,False
3222.0,,False
3436.0,,False
3754.0,,False
4054.0,,False
4197.0,,False
4177.0,,False
4095.0,,False
4013.0,,False
3836.0,,False
3693.0,,False
3640.0,,False
3551.0,,False
3599.0,,False
3817.0,,False
4188.0,,False
4089.0,,False
3872.0,,False
3805.0,,False
3942.0,,False
4001.0,,False
3746.0,,False
3795.0,,False
3711.0,,False
3580.0,,False
3592.0,,False
3814.0,,False
4215.0,,False
4485.0,,False
4609.0,,False
4580.0,,False
4426.0,,False
4281.0,,False
4093.0,,False
4010.0,,False
4072.0,,False
4058.0,,False
4095.0,,False
4255.0,,False
4492.0,,False
4347.0,,False
4053.0,,False
3955.0,,False
4071.0,,False
4086.0,,False
3808.0,,False
3832.0,,False
3663.0,,False
3486.0,,False
3471.0,,False
3572.0,,False
3861.0,,False
4104.0,,False
4201.0,,False
4149.0,,False
4119.0,,False
4179.0,,False
4093.0,,False
3944.0,,False
3874.0,,False
3778.0,,False
3751.0,,False
3849.0,,False
4086.0,,False
3938.0,,False
3680.0,,False
3593.0,,False
3733.0,,False
3782.0,,False
3558.0,,False
3584.0,,False
3471.0,,False
3322.0,,False
3323.0,,False
3494.0,,False
3851.0,,False
4150.0,,False
4295.0,,False
4276.0,,False
4182.0,,False
4085.0,,False
3886.0,,False
3703.0,,False
3584.0,,False
3487.0,,False
3536.0,,False
3821.0,,False
4242.0,,False
4195.0,,False
3989.0,,False
3930.0,,False
4082.0,,False
4169.0,,False
3968.0,,False
4009.0,,False
3923.0,,False
3838.0,,False
3833.0,,False
4003.0,,False
4483.0,,False
4759.0,,False
4923.0,,False
4801.0,,False
4532.0,,False
4342.0,,False
4066.0,,False
3797.0,,False
3668.0,,False
3551.0,,False
3530.0,,False
3823.0,,False
4221.0,,False
4185.0,,False
4033.0,,False
4012.0,,False
4174.0,,False
4246.0,,False
4031.0,,False
4067.0,,False
3960.0,,False
3829.0,,False
3766.0,,False
3805.0,,False
3993.0,,False
4104.0,,False
4312.0,,False
4378.0,,False
4245.0,,False
4072.0,,False
3850.0,1.0,False
3575.0,2.2,False
3440.0,2.7,False
3356.0,2.9,False
3394.0,2.1,False
3656.0,0.9,False
3946.0,-0.0,False
3936.0,-0.1,False
3763.0,-0.1,False
3709.0,0.1,False
3863.0,0.5,False
3897.0,1.7,False
3634.0,3.5,False
3638.0,3.8,False
3436.0,4.6,False
3186.0,5.3,False
3039.0,6.0,False
2979.0,6.8,False
3016.0,8.0,False
3053.0,7.4,False
3136.0,7.0,False
3214.0,7.7,False
3274.0,8.8,False
3316.0,9.7,False
3235.0,10.6,False
2973.0,11.1,False
2879.0,11.5,False
2813.0,11.2,False
2801.0,11.1,False
2938.0,11.0,False
3261.0,10.6,False
3167.0,10.7,False
2992.0,11.0,False
2928.0,10.9,False
3053.0,11.0,False
3106.0,11.9,False
2828.0,11.7,False
2865.0,11.7,False
2714.0,11.9,False
2542.0,12.2,False
2507.0,12.2,False
2709.0,11.3,False
3075.0,10.6,False
3365.0,9.6,False
3486.0,8.8,False
3446.0,8.3,False
3345.0,8.7,False
3340.0,9.7,False
3230.0,10.3,False
3056.0,10.5,False
3037.0,10.5,False
2952.0,10.4,False
2982.0,9.8,False
3150.0,8.8,False
3455.0,7.7,False
3361.0,7.2,False
3097.0,7.0,False
3033.0,6.7,False
3165.0,6.8,False
3211.0,7.0,False
2932.0,7.4,False
2951.0,7.4,False
2820.0,7.6,False
2635.0,7.8,False
2642.0,8.2,False
2814.0,8.5,False
3162.0,9.8,False
3364.0,10.0,False
3474.0,10.0,False
3459.0,10.3,False
3422.0,10.9,False
3473.0,11.9,False
3388.0,12.4,False
3280.0,12.5,False
3241.0,12.6,False
3145.0,12.6,False
3103.0,12.6,False
3171.0,12.5,False
3393.0,11.9,False
3283.0,11.8,False
3041.0,12.0,False
2910.0,12.0,False
3010.0,12.2,False
3023.0,12.1,False
2731.0,12.1,False
2736.0,12.1,False
2590.0,12.1,False
2423.0,12.0,False
2373.0,12.1,False
2518.0,12.1,False
2870.0,11.8,False
3112.0,11.7,False
3239.0,11.6,False
3200.0,11.7,False
3148.0,11.7,False
3188.0,11.8,False
3110.0,11.7,False
3028.0,11.9,False
3021.0,12.1,False
2932.0,12.2,False
2893.0,11.8,False
2953.0,11.5,False
3245.0,11.4,False
3125.0,11.2,False
2839.0,10.8,False
2751.0,10.6,False
2895.0,10.5,False
2947.0,10.6,False
2645.0,10.9,False
2689.0,10.7,False
2540.0,10.7,False
2387.0,10.6,False
2359.0,10.5,False
2507.0,10.3,False
2812.0,10.7,False
3097.0,10.5,False
3163.0,10.0,False
3154.0,10.2,False
3126.0,10.8,False
3164.0,11.2,False
3122.0,9.9,False
2956.0,10.2,False
2941.0,11.1,False
2847.0,12.5,False
2785.0,12.2,False
2887.0,11.2,False
3167.0,10.7,False
3064.0,10.5,False
2818.0,10.5,False
2719.0,10.4,False
2839.0,10.5,False
2910.0,10.6,False
2619.0,11.0,False
2617.0,11.0,False
2486.0,11.2,False
2329.0,11.5,False
2300.0,11.9,False
2452.0,11.8,False
2815.0,12.0,False
3082.0,11.3,False
3209.0,10.1,False
3189.0,9.5,False
3110.0,9.8,False
3078.0,10.2,False
2944.0,10.9,False
2813.0,10.9,False
2782.0,10.8,False
2681.0,10.6,False
2653.0,10.1,False
2755.0,8.9,False
3170.0,7.1,False
3126.0,6.6,False
2993.0,6.1,False
2982.0,6.0,False
3166.0,6.0,False
3234.0,5.9,False
3017.0,5.2,False
3016.0,4.9,False
2879.0,4.9,False
2756.0,4.4,False
2717.0,3.9,False
2773.0,3.6,False
2934.0,3.5,False
3073.0,3.4,False
3226.0,3.3,False
3269.0,3.5,False
3227.0,4.2,False
3189.0,5.4,False
3105.0,6.8,False
2869.0,7.8,False
2728.0,8.3,False
2641.0,8.2,False
2603.0,7.6,False
2758.0,6.7,False
3081.0,6.1,False
3008.0,5.6,False
2813.0,5.4,False
2792.0,5.1,False
2955.0,4.8,False
3039.0,4.7,False
2861.0,4.7,False
2853.0,4.6,False
2703.0,4.4,False
2536.0,4.2,False
2475.0,4.1,False
2484.0,3.7,False
2584.0,5.3,False
2694.0,5.1,False
2810.0,4.9,False
2907.0,4.9,False
2895.0,5.5,False
2892.0,6.6,False
2805.0,6.9,False
2525.0,8.3,False
2444.0,9.7,False
2347.0,10.0,False
2342.0,9.8,False
2495.0,9.5,False
2885.0,9.7,False
2883.0,9.4,False
2730.0,9.1,False
2675.0,8.9,False
2819.0,8.7,False
2890.0,8.5,False
2601.0,8.8,False
2637.0,8.6,False
2503.0,8.4,False
2342.0,8.6,False
2328.0,8.8,False
2539.0,9.1,False
2840.0,8.6,False
3185.0,8.9,False
3295.0,9.0,False
3282.0,9.2,False
3239.0,9.5,False
3267.0,10.0,False
3122.0,9.0,False
2979.0,9.8,False
2944.0,10.6,False
2833.0,11.3,False
2820.0,11.2,False
2910.0,10.2,False
3239.0,9.5,False
3128.0,9.2,False
2875.0,9.0,False
2822.0,8.8,False
2923.0,8.9,False
2962.0,9.4,False
2679.0,9.5,False
2704.0,9.7,False
2567.0,9.8,False
2461.0,10.0,False
2491.0,10.2,False
2672.0,10.0,False
3033.0,7.6,False
3389.0,7.5,False
3492.0,7.3,False
3429.0,7.5,False
3301.0,8.2,False
3257.0,9.1,False
3138.0,10.2,False
3015.0,10.5,False
2986.0,10.5,False
2904.0,10.4,False
2878.0,9.9,False
3018.0,8.7,False
3386.0,6.1,False
3327.0,5.3,False
3077.0,4.5,False
3019.0,3.9,False
3158.0,3.5,False
3227.0,3.3,False
2973.0,4.3,False
2982.0,4.2,False
2859.0,3.8,False
2726.0,3.1,False
2728.0,2.5,False
2907.0,2.0,False
3212.0,2.4,False
3515.0,1.7,False
3630.0,1.3,False
3550.0,1.9,False
3430.0,3.4,False
3358.0,5.8,False
3208.0,6.7,False
3054.0,8.1,False
2970.0,8.8,False
2902.0,8.9,False
2921.0,8.7,False
3007.0,7.7,False
3354.0,7.7,False
3254.0,7.7,False
2989.0,8.0,False
2915.0,8.2,False
3016.0,8.4,False
3074.0,8.6,False
2757.0,8.6,False
2769.0,8.8,False
2625.0,8.8,False
2456.0,9.2,False
2448.0,8.6,False
2535.0,8.1,False
2954.0,8.3,False
3176.0,8.4,False
3265.0,8.5,False
3277.0,8.8,False
3227.0,9.2,False
3256.0,10.0,False
3171.0,10.9,False
3079.0,11.4,False
3034.0,11.3,False
2943.0,10.4,False
2903.0,10.2,False
2993.0,9.4,False
3304.0,7.8,False
3208.0,7.3,False
2960.0,6.4,False
2884.0,5.6,False
3040.0,5.0,False
3078.0,4.4,False
2803.0,2.9,False
2835.0,2.5,False
2724.0,2.1,False
2590.0,1.9,False
2601.0,1.7,False
2758.0,1.5,False
3124.0,2.2,False
3400.0,1.8,False
3462.0,1.6,False
3423.0,1.8,False
3394.0,2.9,False
3403.0,4.3,False
3309.0,5.4,False
3207.0,6.8,False
3141.0,7.7,False
3076.0,8.4,False
3014.0,8.9,False
3102.0,9.0,False
3321.0,9.4,False
3217.0,8.8,False
2981.0,8.6,False
2915.0,8.4,False
3032.0,8.0,False
3062.0,7.7,False
2742.0,7.9,False
2716.0,7.6,False
2540.0,7.4,False
2352.0,7.4,False
2293.0,7.5,False
2327.0,7.3,False
2482.0,6.6,False
2632.0,6.7,False
2722.0,6.7,False
2817.0,7.1,False
2826.0,7.9,False
2881.0,9.0,False
2896.0,10.4,False
2736.0,10.8,False
2690.0,10.9,False
2590.0,11.0,False
2580.0,10.8,False
2667.0,10.2,False
2921.0,9.7,False
2878.0,9.5,False
2669.0,9.2,False
2648.0,8.9,False
2830.0,8.8,False
2913.0,8.7,False
2621.0,8.1,False
2633.0,7.8,False
2459.0,7.9,False
2263.0,7.9,False
2186.0,7.7,False
2190.0,7.6,False
2285.0,6.5,False
2389.0,7.2,False
2487.0,7.0,False
2628.0,7.0,False
2747.0,7.6,False
2854.0,9.1,False
2855.0,10.0,False
2630.0,10.5,False
2535.0,10.9,False
2489.0,11.0,False
2477.0,10.8,False
2600.0,10.2,False
2932.0,9.0,False
2930.0,8.5,False
2735.0,8.3,False
2677.0,8.0,False
2836.0,7.6,False
2905.0,7.3,False
2653.0,7.6,False
2688.0,7.5,False
2546.0,7.5,False
2406.0,7.4,False
2420.0,7.5,False
2618.0,7.6,False
3004.0,7.2,False
3298.0,7.5,False
3357.0,7.4,False
3389.0,7.5,False
3328.0,8.1,False
3366.0,8.8,False
3323.0,9.6,False
3248.0,9.9,False
3246.0,10.1,False
3175.0,9.9,False
3146.0,9.5,False
3193.0,9.1,False
3447.0,9.1,False
3313.0,8.4,False
3023.0,8.0,False
2919.0,8.0,False
3032.0,8.3,False
3047.0,8.6,False
2752.0,8.7,False
2783.0,8.6,False
2637.0,8.6,False
2484.0,8.5,False
2496.0,8.5,False
2648.0,8.4,False
3004.0,8.9,False
3274.0,9.0,False
3336.0,9.1,False
3331.0,9.3,False
3245.0,9.9,False
3253.0,10.5,False
3143.0,11.5,False
3057.0,12.2,False
3033.0,11.8,False
2966.0,11.7,False
2933.0,11.4,False
2981.0,10.9,False
3280.0,9.9,False
3173.0,10.3,False
2924.0,10.6,False
2831.0,10.6,False
2941.0,10.7,False
2966.0,10.8,False
2650.0,11.1,False
2672.0,11.1,False
2527.0,11.0,False
2382.0,10.9,False
2350.0,10.9,False
2509.0,10.9,False
2842.0,11.0,False
3096.0,11.1,False
3182.0,11.3,False
3194.0,11.5,False
3164.0,11.4,False
3231.0,11.7,False
3139.0,12.1,False
3017.0,12.5,False
2986.0,12.3,False
2896.0,12.1,False
2871.0,11.9,False
2899.0,11.8,False
3169.0,11.6,False
3054.0,11.3,False
2778.0,11.1,False
2696.0,11.0,False
2829.0,11.5,False
2845.0,11.9,False
2538.0,12.2,False
2569.0,12.1,False
2408.0,12.1,False
2250.0,11.8,False
2248.0,11.1,False
2425.0,10.7,False
2814.0,10.4,False
3061.0,11.3,False
3141.0,11.9,False
3145.0,12.2,False
3149.0,12.4,False
3246.0,12.3,False
3197.0,11.5,False
3124.0,11.4,False
3139.0,11.2,False
3085.0,11.0,False
3063.0,10.6,False
3120.0,11.0,False
3327.0,11.0,False
3210.0,11.0,False
2905.0,10.6,False
2833.0,11.1,False
2956.0,10.9,False
2966.0,10.9,False
2670.0,11.0,False
2682.0,11.1,False
2556.0,10.8,False
2394.0,10.3,False
2385.0,9.8,False
2552.0,10.0,False
2878.0,9.8,False
3140.0,9.9,False
3183.0,9.9,False
3141.0,10.5,False
3098.0,11.3,False
3115.0,11.9,False
3013.0,11.9,False
2868.0,12.4,False
2839.0,11.9,False
2716.0,11.6,False
2659.0,11.2,False
2771.0,10.7,False
3015.0,10.3,False
2995.0,10.1,False
2768.0,10.0,False
2750.0,9.9,False
2892.0,9.6,False
2938.0,9.5,False
2628.0,9.1,False
2618.0,8.8,False
2484.0,8.6,False
2319.0,8.5,False
2255.0,8.3,False
2316.0,8.0,False
2456.0,7.8,False
2631.0,7.4,False
2754.0,6.9,False
2820.0,7.3,False
2745.0,8.5,False
2705.0,9.3,False
2672.0,10.5,False
2493.0,10.8,False
2426.0,10.8,False
2343.0,10.3,False
2330.0,9.9,False
2492.0,9.2,False
2804.0,8.2,False
2784.0,7.6,False
2655.0,7.2,False
2623.0,7.3,False
2790.0,7.2,False
2883.0,7.2,False
2609.0,6.9,False
2630.0,6.8,False
2484.0,6.9,False
2315.0,7.1,False
2246.0,7.5,False
2258.0,7.6,False
2357.0,7.8,False
2471.0,7.7,False
2569.0,7.4,False
2663.0,7.6,False
2674.0,8.4,False
2713.0,9.3,False
2690.0,9.5,False
2457.0,9.5,False
2357.0,9.6,False
2246.0,9.6,False
2263.0,9.2,False
2424.0,8.4,False
2819.0,7.3,False
2905.0,6.3,False
2740.0,5.7,False
2693.0,5.3,False
2880.0,5.1,False
2943.0,5.1,False
2717.0,5.0,False
2757.0,4.8,False
2633.0,4.7,False
2499.0,4.7,False
2521.0,4.6,False
2726.0,4.6,False
3030.0,5.3,False
3401.0,5.0,False
3473.0,4.7,False
3417.0,5.3,False
3267.0,6.5,False
3182.0,8.3,False
3058.0,9.2,False
2923.0,10.1,False
2878.0,10.5,False
2770.0,10.6,False
2716.0,10.2,False
2803.0,9.3,False
3208.0,6.7,False
3227.0,5.5,False
3009.0,4.8,False
2948.0,4.3,False
3124.0,4.3,False
3152.0,4.5,False
2877.0,3.9,False
2903.0,3.5,False
2752.0,3.4,False
2602.0,3.6,False
2606.0,4.0,False
2767.0,4.7,False
3138.0,4.1,False
3378.0,5.1,False
3434.0,5.8,False
3433.0,6.6,False
3374.0,7.6,False
3405.0,8.0,False
3303.0,9.6,False
3208.0,10.0,False
3163.0,10.7,False
3045.0,11.3,False
2948.0,11.9,False
3034.0,11.6,False
3312.0,11.2,False
3247.0,11.0,False
2951.0,11.0,False
2831.0,10.9,False
2948.0,10.8,False
2951.0,11.0,False
2667.0,11.0,False
2641.0,11.0,False
2508.0,11.0,False
2348.0,11.1,False
2334.0,11.2,False
2487.0,11.4,False
2742.0,11.5,False
3040.0,11.4,False
3126.0,11.4,False
3114.0,11.7,False
3086.0,12.4,False
3138.0,12.5,False
2991.0,13.1,False
2848.0,13.2,False
2864.0,13.7,False
2795.0,13.8,False
2805.0,13.5,False
2850.0,12.9,False
3136.0,11.3,False
3056.0,10.7,False
2779.0,10.6,False
2689.0,10.8,False
2819.0,10.8,False
2837.0,10.9,False
2575.0,10.6,False
2551.0,10.7,False
2403.0,10.5,False
2271.0,10.2,False
2246.0,10.1,False
2414.0,9.9,False
2761.0,9.8,False
3011.0,9.7,False
3059.0,9.4,False
3040.0,10.0,False
2961.0,10.6,False
2986.0,11.0,False
2898.0,11.9,False
2801.0,12.4,False
2779.0,12.9,False
2671.0,13.4,False
2617.0,13.6,False
2665.0,12.8,False
2945.0,11.0,False
2950.0,10.5,False
2717.0,10.1,False
2635.0,9.8,False
2794.0,9.9,False
2818.0,9.8,False
2517.0,10.6,False
2520.0,10.0,False
2381.0,9.4,False
2252.0,9.3,False
2228.0,8.7,False
2392.0,8.3,False
2766.0,7.9,False
3062.0,7.7,False
3119.0,7.9,False
3100.0,8.5,False
3025.0,9.6,False
3034.0,11.0,False
2904.0,12.0,False
2785.0,11.9,False
2707.0,12.2,False
2587.0,12.3,False
2461.0,12.1,False
2572.0,10.9,False
2864.0,9.5,False
2910.0,8.3,False
2723.0,7.6,False
2689.0,7.3,False
2849.0,7.3,False
2903.0,7.4,False
2630.0,6.6,False
2612.0,7.1,False
2465.0,7.6,False
2275.0,8.1,False
2198.0,8.6,False
2215.0,8.8,False
2355.0,8.4,False
2495.0,8.6,False
2587.0,8.8,False
2659.0,9.2,False
2645.0,9.8,False
2660.0,10.7,False
2640.0,11.5,False
2468.0,11.7,False
2400.0,11.9,False
2334.0,11.7,False
2289.0,11.4,False
2370.0,10.8,False
2573.0,10.0,False
2671.0,9.8,False
2486.0,9.7,False
2468.0,9.6,False
2641.0,9.6,False
2767.0,9.6,False
2454.0,9.4,False
2453.0,9.6,False
2283.0,9.9,False
2103.0,10.2,False
2008.0,10.4,False
2021.0,10.3,False
2105.0,10.2,False
2191.0,10.3,False
2284.0,10.5,False
2406.0,10.9,False
2515.0,11.6,False
2635.0,12.9,False
2591.0,13.2,False
2342.0,14.1,False
2242.0,14.3,False
2122.0,13.5,False
2131.0,13.2,False
2228.0,12.4,False
2554.0,10.9,False
2655.0,10.0,False
2479.0,9.2,False
2437.0,8.8,False
2616.0,8.7,False
2715.0,8.9,False
2450.0,8.3,False
2481.0,8.3,False
2344.0,7.8,False
2206.0,7.6,False
2218.0,7.7,False
2339.0,7.9,False
2752.0,7.4,False
3055.0,7.7,False
3150.0,7.9,False
3176.0,8.3,False
3123.0,9.2,False
3141.0,10.2,False
3051.0,10.9,False
2948.0,11.6,False
2905.0,12.0,False
2804.0,12.2,False
2801.0,12.1,False
2853.0,11.6,False
3071.0,10.6,False
3101.0,10.0,False
2883.0,9.1,False
2755.0,8.5,False
2908.0,8.3,False
2945.0,8.2,False
2653.0,6.9,False
2686.0,6.8,False
2548.0,6.7,False
2429.0,6.4,False
2429.0,6.0,False
2542.0,5.5,False
2929.0,5.3,False
3242.0,5.0,False
3339.0,5.1,False
3273.0,5.4,False
3252.0,5.9,False
3276.0,6.9,False
3173.0,9.7,False
3114.0,10.2,False
3079.0,11.0,False
2999.0,11.0,False
2964.0,10.5,False
2969.0,9.8,False
3280.0,8.8,False
3277.0,8.3,False
2988.0,8.1,False
2891.0,7.9,False
2995.0,7.8,False
3026.0,7.7,False
2715.0,8.2,False
2716.0,8.4,False
2564.0,8.6,False
2428.0,8.6,False
2410.0,8.7,False
2572.0,8.9,False
2925.0,9.0,False
3143.0,9.1,False
3263.0,9.4,False
3308.0,9.5,False
3318.0,9.7,False
3409.0,10.2,False
3376.0,10.2,False
3275.0,10.7,False
3257.0,11.4,False
3137.0,11.7,False
3086.0,11.8,False
3077.0,11.9,False
3266.0,11.7,False
3221.0,11.8,False
2928.0,11.9,False
2828.0,11.9,False
2932.0,12.0,False
2939.0,11.9,False
2617.0,12.2,False
2635.0,12.1,False
2477.0,12.0,False
2309.0,11.8,False
2267.0,11.5,False
2419.0,11.5,False
2777.0,11.4,False
3062.0,11.5,False
3118.0,11.6,False
3076.0,11.9,False
3100.0,11.9,False
3185.0,11.7,False
3131.0,10.1,False
3069.0,8.5,False
3092.0,9.4,False
3056.0,8.3,False
3022.0,7.8,False
3089.0,7.4,False
3447.0,6.7,False
3466.0,6.4,False
3215.0,6.0,False
3123.0,5.8,False
3275.0,5.7,False
3315.0,5.6,False
3012.0,5.8,False
3056.0,5.7,False
2916.0,5.7,False
2780.0,5.5,False
2790.0,5.4,False
2937.0,5.2,False
3309.0,5.0,False
3571.0,4.7,False
3652.0,4.7,False
3612.0,5.3,False
3550.0,6.4,False
3531.0,7.4,False
3404.0,7.9,False
3338.0,8.1,False
3293.0,8.1,False
3326.0,7.8,False
3192.0,7.3,False
3296.0,6.6,False
3501.0,5.4,False
3598.0,4.5,False
3407.0,3.9,False
3298.0,3.6,False
3427.0,3.3,False
3511.0,3.0,True
3193.0,3.5,True
3221.0,3.8,True
3077.0,3.8,True
2906.0,3.8,True
2842.0,4.1,True
2847.0,4.4,True
3042.0,3.8,True
3160.0,4.3,True
3260.0,4.9,True
3314.0,5.9,True
3283.0,7.0,True
3235.0,8.6,True
3095.0,9.1,True
2892.0,9.3,True
2769.0,9.6,True
2653.0,9.5,True
2533.0,9.0,True
2698.0,8.2,True
2956.0,7.1,True
3072.0,5.9,True
2895.0,4.9,True
2897.0,4.4,True
3045.0,4.2,True
3136.0,4.5,True
2882.0,4.3,True
2881.0,4.7,True
2711.0,4.9,True
2521.0,4.8,True
2422.0,4.9,True
2406.0,5.3,True
2491.0,5.5,True
2535.0,5.5,True
2658.0,5.4,True
2774.0,5.6,True
2849.0,6.0,True
2942.0,6.7,True
2880.0,10.8,True
2615.0,12.0,True
2532.0,11.7,True
2409.0,11.8,True
2374.0,11.2,True
2391.0,9.8,True
2691.0,8.0,True
2833.0,7.0,True
2699.0,6.1,True
2686.0,5.4,True
2856.0,5.5,True
2925.0,5.2,True
2680.0,5.4,True
2714.0,5.9,True
2595.0,7.3,True
2503.0,7.1,True
2550.0,6.8,True
2710.0,6.3,True
3106.0,5.8,True
3361.0,5.8,True
3514.0,5.9,True
3596.0,6.0,True
3586.0,6.1,True
3704.0,6.2,True
3654.0,6.0,True
3556.0,6.0,True
3536.0,6.0,True
3440.0,6.0,True
3409.0,6.0,True
3437.0,6.0,True
3628.0,6.2,True
3694.0,5.9,True
3381.0,5.8,True
3282.0,5.6,True
3391.0,5.4,True
3397.0,5.3,True
3132.0,5.1,True
3177.0,5.0,True
3053.0,4.9,True
2871.0,4.7,True
2897.0,4.2,True
3054.0,3.9,True
3381.0,3.8,True
3573.0,3.6,True
3667.0,3.6,True
3597.0,4.8,True
3513.0,6.5,True
3534.0,7.5,True
3365.0,8.1,True
3175.0,8.8,True
3093.0,9.1,True
2970.0,8.7,True
2894.0,7.7,True
2994.0,6.9,True
3258.0,6.5,True
3410.0,5.5,True
3159.0,5.1,True
3097.0,5.0,True
3237.0,4.9,True
3257.0,4.9,True
2955.0,5.5,True
2977.0,5.8,True
2816.0,5.8,True
2650.0,5.9,True
2633.0,5.9,True
2765.0,5.8,True
3060.0,4.9,True
3245.0,4.9,True
3282.0,5.2,True
3335.0,5.7,True
3293.0,6.1,True
3321.0,7.0,True
3221.0,9.1,True
3127.0,9.6,True
3087.0,10.2,True
2977.0,10.6,True
2902.0,10.5,True
2984.0,9.7,True
3151.0,9.3,True
3177.0,9.3,True
2928.0,9.5,True
2836.0,9.7,True
2948.0,9.9,True
2977.0,10.0,True
2698.0,10.3,True
2693.0,10.0,True
2569.0,9.8,True
2400.0,9.7,True
2393.0,9.7,True
2537.0,9.5,True
2838.0,9.5,True
3029.0,8.9,True
3152.0,9.3,True
3154.0,10.0,True
3175.0,10.8,True
3264.0,11.1,True
3183.0,9.6,True
3121.0,8.7,True
3127.0,8.2,True
3035.0,7.7,True
3039.0,7.2,True
3054.0,7.0,True
3282.0,6.2,True
3362.0,6.1,True
3130.0,6.0,True
3084.0,5.6,True
3225.0,4.9,True
3266.0,4.0,True
2981.0,3.3,True
3020.0,3.5,True
2910.0,4.3,True
2784.0,5.3,True
2785.0,6.6,True
2886.0,8.0,True
3174.0,7.2,True
3376.0,6.5,True
3536.0,6.2,True
3475.0,6.3,True
3441.0,6.3,True
3459.0,6.9,True
3434.0,8.0,True
3276.0,8.0,True
3217.0,8.0,True
3138.0,7.6,True
3005.0,7.2,True
3109.0,6.5,True
3334.0,5.5,True
3485.0,4.8,True
3224.0,4.4,True
3227.0,4.4,True
3384.0,4.1,True
3431.0,3.7,True
3100.0,3.2,True
3106.0,3.4,True
2984.0,3.4,True
2789.0,3.3,True
2720.0,3.2,True
2749.0,3.3,True
2895.0,3.4,True
2983.0,3.2,True
3083.0,3.5,True
3055.0,4.6,True
2932.0,6.0,True
2880.0,7.3,True
2801.0,8.6,True
2601.0,8.8,True
2544.0,8.3,True
2424.0,8.3,True
2467.0,7.7,True
2592.0,7.0,True
2821.0,6.3,True
3014.0,5.1,True
2854.0,4.2,True
2859.0,3.4,True
3060.0,2.7,True
3176.0,2.2,True
2954.0,1.9,True
2992.0,1.3,True
2865.0,0.9,True
2739.0,0.6,True
2698.0,0.4,True
2738.0,0.4,True
2858.0,-0.6,True
2976.0,-1.1,True
3037.0,-0.8,True
2977.0,1.1,True
2864.0,3.8,True
2815.0,6.4,True
2743.0,8.7,True
2474.0,8.9,True
2374.0,9.1,True
2233.0,9.2,True
2187.0,9.0,True
2257.0,8.3,True
2600.0,6.4,True
2883.0,5.0,True
2824.0,4.1,True
2830.0,3.3,True
3038.0,2.3,True
3152.0,1.5,True
2943.0,0.6,True
2971.0,0.0,True
2909.0,-0.5,True
2789.0,-0.6,True
2794.0,0.4,True
2968.0,1.8,True
3286.0,2.5,True
3442.0,3.2,True
3574.0,3.7,True
3590.0,4.4,True
3595.0,5.2,True
3667.0,6.2,True
3593.0,7.1,True
3488.0,8.2,True
3451.0,8.3,True
3319.0,7.9,True
3208.0,7.5,True
3200.0,7.1,True
3328.0,8.6,True
3489.0,8.0,True
3242.0,6.7,True
3141.0,6.4,True
3244.0,6.0,True
3337.0,5.5,True
3026.0,3.8,True
3082.0,3.1,True
2934.0,2.7,True
2836.0,2.4,True
2830.0,2.1,True
3012.0,2.1,True
3319.0,2.3,True
3487.0,2.2,True
3652.0,2.9,True
3532.0,4.6,True
3376.0,6.8,True
3309.0,8.1,True
3201.0,9.6,True
3055.0,9.6,True
3022.0,9.7,True
2862.0,9.8,True
2796.0,9.5,True
2866.0,8.9,True
3124.0,7.3,True
3274.0,5.6,True
3121.0,4.4,True
3083.0,3.4,True
3272.0,2.7,True
3338.0,2.0,True
3091.0,1.5,True
3159.0,0.9,True
3060.0,0.6,True
2948.0,0.9,True
2943.0,1.1,True
3065.0,1.4,True
3422.0,5.0,True
3600.0,5.0,True
3666.0,5.2,True
3576.0,5.6,True
3469.0,6.3,True
3404.0,7.4,True
3281.0,7.7,True
3126.0,8.7,True
3043.0,9.2,True
2927.0,9.4,True
2854.0,9.4,True
2891.0,9.3,True
3117.0,8.2,True
3243.0,7.9,True
3010.0,7.6,True
2933.0,7.3,True
3080.0,7.1,True
3135.0,7.0,True
2873.0,6.9,True
2935.0,6.7,True
2809.0,6.5,True
2689.0,6.3,True
2701.0,6.1,True
2893.0,5.9,True
3225.0,2.9,True
3432.0,2.6,True
3489.0,2.9,True
3432.0,4.1,True
3256.0,5.6,True
3172.0,7.2,True
3030.0,8.9,True
2906.0,9.8,True
2830.0,10.1,True
2713.0,10.1,True
2659.0,9.4,True
2687.0,8.7,True
2921.0,7.6,True
3097.0,6.8,True
2874.0,6.4,True
2841.0,6.1,True
2996.0,5.8,True
3064.0,5.6,True
2781.0,6.1,True
2832.0,5.8,True
2711.0,5.3,True
2596.0,5.2,True
2573.0,5.1,True
2679.0,5.2,True
3024.0,4.6,True
3224.0,4.7,True
3368.0,4.7,True
3375.0,5.1,True
3283.0,5.6,True
3290.0,6.4,True
3126.0,8.1,True
2981.0,8.9,True
2924.0,9.4,True
2835.0,9.4,True
2803.0,8.7,True
2866.0,8.3,True
3034.0,7.5,True
3120.0,7.2,True
2853.0,7.1,True
2831.0,7.0,True
2978.0,6.9,True
3038.0,6.4,True
2744.0,6.1,True
2776.0,5.7,True
2607.0,5.9,True
2444.0,5.8,True
2358.0,5.9,True
2409.0,5.9,True
2543.0,5.4,True
2611.0,5.4,True
2780.0,5.4,True
2907.0,5.8,True
2931.0,6.0,True
2999.0,6.4,True
3034.0,8.5,True
2795.0,9.4,True
2657.0,9.5,True
2562.0,9.4,True
2505.0,8.9,True
2590.0,8.2,True
2767.0,7.5,True
2925.0,6.9,True
2749.0,6.5,True
2738.0,6.0,True
2928.0,5.6,True
3012.0,5.2,True
2751.0,4.4,True
2756.0,3.9,True
2635.0,3.5,True
2516.0,3.6,True
2479.0,3.3,True
2532.0,3.1,True
2677.0,3.4,True
2765.0,3.3,True
2816.0,3.5,True
2824.0,4.5,True
2733.0,6.1,True
2712.0,8.1,True
2728.0,8.9,True
2425.0,10.4,True
2258.0,11.2,True
2197.0,11.4,True
2194.0,11.0,True
2310.0,9.8,True
2624.0,8.1,True
2824.0,6.7,True
2657.0,5.9,True
2629.0,5.6,True
2811.0,5.6,True
2890.0,5.7,False
2681.0,4.1,False
2694.0,3.9,False
2540.0,3.7,False
2462.0,3.5,False
2488.0,3.4,False
2691.0,3.8,False
3051.0,6.6,False
3296.0,6.7,False
3348.0,7.0,False
3233.0,7.9,False
3086.0,9.0,False
3053.0,10.4,False
3134.0,11.3,False
2915.0,11.4,False
2841.0,11.6,False
2799.0,11.4,False
2760.0,10.9,False
2742.0,10.3,False
2991.0,9.4,False
3164.0,8.6,False
2939.0,7.5,False
2835.0,6.6,False
2985.0,6.0,False
3033.0,5.6,False
2753.0,5.3,False
2754.0,5.0,False
2573.0,4.9,False
2471.0,5.0,False
2472.0,5.4,False
2572.0,6.2,False
2973.0,4.5,False
3148.0,4.7,False
3233.0,5.9,False
3194.0,7.2,False
3108.0,8.9,False
3098.0,10.6,False
3135.0,12.5,False
2959.0,12.7,False
2848.0,12.0,False
2767.0,12.0,False
2670.0,12.0,False
2823.0,11.8,False
3009.0,11.0,False
3064.0,10.2,False
2824.0,9.9,False
2723.0,9.8,False
2878.0,9.8,False
2899.0,9.8,False
2582.0,9.5,False
2578.0,9.5,False
2394.0,9.4,False
2296.0,9.2,False
2283.0,9.2,False
2457.0,9.2,False
2809.0,9.1,False
2982.0,9.0,False
3058.0,9.2,False
2971.0,9.7,False
2860.0,10.3,False
2876.0,10.9,False
2898.0,11.7,False
2705.0,11.8,False
2568.0,11.9,False
2454.0,11.6,False
2408.0,11.3,False
2406.0,10.6,False
2727.0,9.5,False
2881.0,8.2,False
2642.0,7.1,False
2606.0,6.8,False
2758.0,7.0,False
2788.0,7.9,False
2504.0,6.6,False
2528.0,7.3,False
2346.0,8.0,False
2257.0,8.8,False
2247.0,9.2,False
2432.0,9.4,False
2817.0,9.4,False
2955.0,9.4,False
3066.0,9.8,False
2994.0,10.4,False
2878.0,12.1,False
2820.0,14.0,False
2852.0,15.0,False
2702.0,14.3,False
2612.0,12.9,False
2569.0,13.1,False
2549.0,12.9,False
2631.0,12.1,False
2822.0,12.0,False
2859.0,11.8,False
2597.0,11.5,False
2556.0,11.3,False
2703.0,10.9,False
2717.0,10.7,False
2376.0,11.0,False
2410.0,11.1,False
2226.0,11.1,False
2148.0,11.2,False
2119.0,11.3,False
2290.0,11.2,False
2619.0,11.1,False
2782.0,11.1,False
2886.0,11.4,False
2848.0,11.6,False
2760.0,12.4,False
2790.0,12.6,False
2828.0,13.6,False
2642.0,13.7,False
2551.0,13.9,False
2464.0,13.8,False
2412.0,13.5,False
2453.0,12.8,False
2605.0,12.0,False
2758.0,11.1,False
2572.0,10.6,False
2492.0,10.0,False
2669.0,9.7,False
2712.0,9.5,False
2378.0,8.1,False
2358.0,8.1,False
2153.0,7.9,False
2040.0,7.9,False
1967.0,7.9,False
2001.0,7.9,False
2135.0,7.8,False
2195.0,7.9,False
2322.0,8.1,False
2397.0,8.5,False
2365.0,9.2,False
2372.0,10.5,False
2527.0,12.3,False
2292.0,13.1,False
2176.0,13.0,False
2127.0,13.1,False
2089.0,13.2,False
2177.0,12.8,False
2325.0,12.3,False
2441.0,11.4,False
2253.0,11.0,False
2223.0,10.8,False
2423.0,10.6,False
2491.0,10.4,False
2191.0,10.5,False
2188.0,10.6,False
1980.0,10.5,False
1847.0,10.6,False
1813.0,10.5,False
1786.0,10.5,False
1888.0,10.7,False
1920.0,10.7,False
2038.0,11.0,False
2157.0,11.3,False
2246.0,12.0,False
2325.0,12.3,False
2452.0,13.1,False
2172.0,13.7,False
1988.0,13.8,False
1929.0,13.7,False
1896.0,13.5,False
2008.0,13.0,False
2260.0,12.5,False
2400.0,12.2,False
2232.0,12.0,False
2182.0,11.9,False
2382.0,11.7,False
2455.0,11.7,False
2183.0,9.8,False
2170.0,9.7,False
1975.0,9.5,False
1886.0,9.4,False
1926.0,9.2,False
2106.0,9.4,False
2469.0,9.8,False
2685.0,9.3,False
2823.0,9.7,False
2781.0,10.4,False
2740.0,11.5,False
2780.0,12.5,False
2865.0,13.1,False
2695.0,13.8,False
2605.0,14.1,False
2506.0,14.0,False
2461.0,13.3,False
2495.0,12.5,False
2695.0,11.6,False
2758.0,10.3,False
2552.0,9.3,False
2492.0,9.2,False
2640.0,8.7,False
2688.0,8.3,False
2378.0,9.0,False
2366.0,9.2,False
2183.0,8.7,False
2124.0,8.8,False
2124.0,9.0,False
2299.0,9.0,False
2646.0,9.1,False
2831.0,9.0,False
2921.0,9.5,False
2841.0,10.5,False
2797.0,11.8,False
2795.0,12.7,False
2851.0,13.1,False
2682.0,14.5,False
2578.0,14.6,False
2480.0,14.6,False
2422.0,14.5,False
2442.0,14.1,False
2630.0,12.0,False
2789.0,10.8,False
2560.0,10.1,False
2499.0,9.8,False
2633.0,9.3,False
2698.0,9.1,False
2394.0,8.5,False
2391.0,8.3,False
2211.0,8.6,False
2152.0,8.5,False
2152.0,8.6,False
2323.0,8.5,False
2648.0,7.9,False
2828.0,7.8,False
2922.0,8.9,False
2830.0,10.2,False
2794.0,12.1,False
2829.0,13.5,False
2956.0,12.7,False
2758.0,13.9,False
2569.0,13.9,False
2448.0,13.4,False
2368.0,12.7,False
2368.0,12.0,False
2532.0,12.8,False
2718.0,11.9,False
2515.0,11.1,False
2464.0,10.5,False
2622.0,9.8,False
2683.0,9.6,False
2394.0,9.7,False
2410.0,9.3,False
2225.0,8.8,False
2164.0,8.5,False
2190.0,8.4,False
2360.0,7.8,False
2746.0,7.3,False
2923.0,7.4,False
2960.0,7.9,False
2885.0,9.6,False
2805.0,12.5,False
2789.0,14.6,False
2814.0,14.9,False
2642.0,15.8,False
2506.0,16.3,False
2407.0,16.5,False
2332.0,16.2,False
2374.0,15.7,False
2571.0,14.7,False
2701.0,12.5,False
2516.0,11.0,False
2443.0,9.6,False
2597.0,8.4,False
2656.0,7.4,False
2330.0,8.3,False
2332.0,8.0,False
2144.0,8.1,False
2067.0,8.2,False
2077.0,8.0,False
2233.0,8.0,False
2561.0,5.6,False
2753.0,5.7,False
2878.0,6.7,False
2860.0,8.3,False
2800.0,10.5,False
2782.0,12.6,False
2869.0,14.0,False
2664.0,15.2,False
2532.0,15.5,False
2459.0,14.4,False
2470.0,11.5,False
2559.0,8.4,False
2668.0,7.7,False
2760.0,7.1,False
2586.0,6.8,False
2555.0,6.3,False
2738.0,5.9,False
2812.0,5.3,False
2512.0,5.2,False
2505.0,5.0,False
2304.0,4.7,False
2230.0,4.7,False
2205.0,4.6,False
2280.0,4.5,False
2421.0,3.5,False
2513.0,3.5,False
2547.0,5.0,False
2508.0,6.9,False
2491.0,8.9,False
2510.0,9.5,False
2663.0,10.2,False
2431.0,9.9,False
2303.0,9.6,False
2198.0,9.2,False
2187.0,9.1,False
2302.0,8.8,False
2522.0,8.2,False
2641.0,7.4,False
2528.0,6.8,False
2507.0,6.3,False
2695.0,6.0,False
2811.0,5.7,False
2530.0,6.6,False
2535.0,6.5,False
2326.0,6.4,False
2215.0,6.5,False
2168.0,6.2,False
2200.0,5.9,False
2296.0,5.1,False
2373.0,5.0,False
2411.0,5.7,False
2394.0,7.3,False
2426.0,8.5,False
2481.0,9.7,False
2589.0,10.5,False
2278.0,11.2,False
2091.0,11.6,False
1996.0,11.6,False
1951.0,11.2,False
2053.0,10.5,False
2322.0,9.8,False
2536.0,8.8,False
2426.0,8.4,False
2389.0,8.3,False
2557.0,7.8,False
2651.0,7.0,False
2409.0,6.9,False
2420.0,6.7,False
2239.0,6.6,False
2177.0,6.6,False
2210.0,6.5,False
2427.0,6.6,False
2780.0,5.6,False
3016.0,5.9,False
3131.0,6.7,False
3053.0,8.0,False
2970.0,9.5,False
2995.0,10.3,False
3094.0,10.7,False
2909.0,10.8,False
2826.0,11.1,False
2751.0,11.0,False
2763.0,9.9,False
2808.0,7.7,False
3024.0,6.9,False
3068.0,6.6,False
2845.0,6.4,False
2714.0,6.0,False
2837.0,5.5,False
2885.0,5.0,False
2594.0,5.5,False
2614.0,5.3,False
2440.0,5.1,False
2379.0,4.9,False
2400.0,4.5,False
2603.0,4.2,False
2959.0,4.3,False
3183.0,4.3,False
3246.0,5.5,False
3168.0,7.0,False
3059.0,8.2,False
3066.0,9.3,False
3133.0,9.3,False
2933.0,10.1,False
2786.0,10.6,False
2678.0,10.2,False
2713.0,8.4,False
2697.0,8.1,False
2937.0,9.0,False
3029.0,7.5,False
2877.0,6.9,False
2804.0,5.8,False
2957.0,5.0,False
3013.0,5.1,False
2718.0,3.7,False
2743.0,3.6,False
2579.0,3.7,False
2534.0,4.0,False
2571.0,4.7,False
2757.0,5.5,False
3064.0,4.8,False
3279.0,4.8,False
3383.0,6.3,False
3352.0,6.9,False
3312.0,7.3,False
3228.0,7.2,False
3236.0,7.6,False
2994.0,7.8,False
2880.0,8.1,False
2788.0,8.2,False
2856.0,8.3,False
2967.0,7.5,False
3243.0,6.6,False
3351.0,6.8,False
3111.0,6.9,False
2992.0,6.3,False
3162.0,5.8,False
3200.0,5.2,False
2942.0,5.2,False
2944.0,4.9,False
2760.0,4.8,False
2706.0,5.5,False
2714.0,5.7,False
2903.0,6.3,False
3247.0,5.7,False
3428.0,6.4,False
3484.0,7.3,False
3415.0,7.9,False
3290.0,8.4,False
3299.0,9.2,False
3385.0,10.1,False
3145.0,10.3,False
3034.0,10.7,False
2915.0,10.4,False
2948.0,10.0,False
3016.0,9.6,False
3243.0,8.9,False
3297.0,8.1,False
3094.0,7.8,False
3012.0,7.6,False
3131.0,7.4,False
3159.0,7.4,False
2866.0,7.3,False
2842.0,7.3,False
2664.0,7.2,False
2567.0,7.4,False
2599.0,7.7,False
2759.0,8.0,False
3059.0,8.2,False
3255.0,8.2,False
3306.0,8.8,False
3188.0,9.8,False
3085.0,10.1,False
3051.0,10.0,False
3120.0,10.8,False
2874.0,11.4,False
2718.0,11.6,False
2620.0,11.4,False
2538.0,11.2,False
2637.0,10.4,False
2737.0,9.6,False
2878.0,8.7,False
2784.0,8.1,False
2766.0,7.5,False
2929.0,6.9,False
2975.0,6.4,False
2660.0,6.0,False
2630.0,5.6,False
2447.0,5.3,False
2366.0,5.1,False
2360.0,5.3,False
2440.0,5.8,False
2527.0,4.6,False
2647.0,5.2,False
2679.0,6.4,False
2678.0,7.8,False
2572.0,8.9,False
2535.0,10.6,False
2667.0,11.5,False
2425.0,10.3,False
2300.0,11.5,False
2193.0,11.6,False
2189.0,11.5,False
2269.0,10.9,False
2422.0,10.6,False
2559.0,9.0,False
2463.0,8.3,False
2455.0,7.7,False
2643.0,7.5,False
2714.0,7.2,False
2475.0,6.5,False
2460.0,6.1,False
2276.0,5.9,False
2121.0,5.8,False
2092.0,5.5,False
2155.0,5.3,False
2190.0,5.8,False
2320.0,5.7,False
2449.0,6.0,False
2530.0,6.7,False
2604.0,8.4,False
2805.0,9.2,False
2568.0,8.7,False
2326.0,9.2,False
2200.0,10.0,False
2065.0,9.6,False
2084.0,9.4,False
2187.0,9.3,False
2316.0,9.0,False
2390.0,8.7,False
2487.0,7.8,False
2654.0,7.2,False
2755.0,6.9,False
2461.0,6.3,False
2475.0,5.2,False
2281.0,4.9,False
2138.0,5.0,False
2087.0,5.3,False
2170.0,5.6,False
2311.0,6.2,False
2352.0,6.2,False
2448.0,6.8,False
2471.0,8.3,False
2450.0,10.2,False
2474.0,11.0,False
2648.0,11.7,False
2440.0,11.9,False
2255.0,11.9,False
2104.0,11.7,False
2080.0,11.7,False
2147.0,11.5,False
2329.0,10.9,False
2373.0,10.1,False
2446.0,9.2,False
2526.0,8.6,False
2667.0,8.2,False
2739.0,8.0,False
2471.0,7.8,False
2467.0,7.9,False
2292.0,7.6,False
2189.0,7.5,False
2233.0,7.4,False
2454.0,7.2,False
2829.0,7.5,False
3101.0,7.1,False
3202.0,7.8,False
3232.0,9.1,False
3202.0,9.7,False
3214.0,10.3,False
3325.0,10.6,False
3158.0,10.9,False
3074.0,10.6,False
2999.0,9.9,False
2944.0,9.8,False
2993.0,9.6,False
3142.0,9.1,False
3157.0,9.3,False
2994.0,8.6,False
2919.0,9.3,False
2971.0,10.5,False
2991.0,10.8,False
2664.0,11.0,False
2624.0,10.9,False
2408.0,11.2,False
2308.0,10.4,False
2252.0,10.3,False
2435.0,10.5,False
2772.0,10.3,False
2976.0,10.6,False
3143.0,10.5,False
3078.0,11.3,False
2976.0,12.2,False
2935.0,13.2,False
3024.0,13.9,False
2808.0,13.1,False
2703.0,12.6,False
2587.0,12.7,False
2580.0,12.4,False
2618.0,12.0,False
2823.0,12.0,False
2836.0,12.1,False
2683.0,12.0,False
2611.0,12.1,False
2777.0,11.9,False
2817.0,11.6,False
2470.0,11.5,False
2455.0,10.9,False
2255.0,11.0,False
2178.0,11.3,False
2132.0,11.7,False
2257.0,11.9,False
2616.0,11.8,False
2839.0,11.4,False
2945.0,11.4,False
2921.0,11.6,False
2809.0,11.9,False
2826.0,12.2,False
2948.0,12.4,False
2789.0,13.3,False
2695.0,13.5,False
2632.0,13.3,False
2571.0,13.1,False
2601.0,12.6,False
2704.0,12.2,False
2723.0,12.4,False
2579.0,12.1,False
2562.0,11.3,False
2701.0,11.2,False
2709.0,10.8,False
2402.0,10.7,False
2365.0,12.0,False
2210.0,12.8,False
2127.0,12.2,False
2102.0,12.1,False
2239.0,11.7,False
2585.0,11.7,False
2776.0,11.9,False
2900.0,11.9,False
2909.0,12.4,False
2828.0,12.8,False
2791.0,13.6,False
2875.0,13.6,False
2735.0,14.4,False
2602.0,13.9,False
2493.0,14.1,False
2492.0,14.4,False
2463.0,14.0,False
2506.0,14.1,False
2479.0,13.5,False
2386.0,13.3,False
2432.0,13.7,False
2586.0,13.6,False
2608.0,13.0,False
2282.0,12.5,False
2233.0,13.5,False
2019.0,14.3,False
1907.0,15.0,False
1824.0,15.0,False
1849.0,15.0,False
1955.0,14.8,False
2045.0,14.4,False
2190.0,14.6,False
2354.0,14.7,False
2336.0,13.3,False
2336.0,13.2,False
2502.0,14.1,False
2278.0,14.0,False
2168.0,14.1,False
2048.0,14.1,False
2045.0,14.1,False
2101.0,13.8,False
2257.0,12.8,False
2264.0,11.9,False
2156.0,11.6,False
2218.0,11.4,False
2394.0,11.4,False
2480.0,11.4,False
2205.0,11.2,False
2186.0,11.2,False
1984.0,11.0,False
1846.0,10.9,False
1783.0,10.7,False
1792.0,10.6,False
1895.0,10.6,False
1966.0,10.5,False
2090.0,10.8,False
2154.0,11.9,False
2165.0,12.9,False
2242.0,13.6,False
2385.0,13.4,False
2115.0,14.1,False
1959.0,14.0,False
1866.0,13.5,False
1812.0,12.9,False
1876.0,12.8,False
2036.0,12.4,False
2146.0,12.3,False
2127.0,11.2,False
2191.0,10.3,False
2371.0,9.8,False
2434.0,9.7,False
2178.0,10.0,False
2189.0,10.2,False
1966.0,9.8,False
1951.0,10.0,False
1940.0,9.9,False
2132.0,9.7,False
2478.0,9.3,False
2757.0,9.5,False
2911.0,10.0,False
2950.0,11.0,False
2891.0,12.1,False
2941.0,12.4,False
2972.0,13.5,False
2787.0,13.8,False
2698.0,13.0,False
2613.0,12.4,False
2594.0,12.0,False
2576.0,11.6,False
2730.0,10.6,False
2756.0,9.9,False
2640.0,8.9,False
2698.0,8.7,False
2831.0,9.6,False
2883.0,9.0,False
2569.0,8.7,False
2624.0,7.1,False
2426.0,7.0,False
2383.0,7.1,False
2398.0,7.2,False
2561.0,7.0,False
2929.0,6.9,False
3160.0,6.7,False
3248.0,7.0,False
3146.0,8.2,False
3052.0,9.4,False
2972.0,10.1,False
3140.0,10.7,False
2899.0,11.0,False
2719.0,11.1,False
2605.0,11.1,False
2502.0,11.3,False
2535.0,10.9,False
2627.0,10.1,False
2642.0,9.6,False
2606.0,8.6,False
2686.0,7.6,False
2815.0,6.9,False
2877.0,6.5,False
2620.0,6.3,False
2506.0,6.2,False
2509.0,6.2,False
2545.0,6.0,False
2557.0,6.1,False
2605.0,6.3,False
2603.0,6.5,False
2808.0,5.9,False
3371.0,6.7,False
3269.0,8.5,False
3158.0,10.2,False
3152.0,10.8,False
3256.0,11.4,False
3072.0,12.6,False
2933.0,12.0,False
2862.0,11.8,False
2809.0,12.5,False
2836.0,12.2,False
3002.0,11.7,False
2971.0,11.2,False
2797.0,10.9,False
2750.0,10.7,False
2873.0,10.5,False
2872.0,10.3,False
2492.0,10.3,False
2476.0,10.4,False
2256.0,10.4,False
2175.0,10.4,False
2141.0,10.5,False
2291.0,10.6,False
2690.0,10.5,False
2859.0,10.5,False
2994.0,10.7,False
2979.0,11.1,False
2901.0,11.7,False
2842.0,13.0,False
2898.0,14.3,False
2680.0,15.5,False
2514.0,15.8,False
2377.0,15.3,False
2299.0,15.3,False
2281.0,15.3,False
2416.0,14.5,False
2395.0,14.1,False
2311.0,13.4,False
2387.0,12.2,False
2551.0,10.9,False
2571.0,9.8,False
2239.0,9.2,False
2238.0,8.2,False
2040.0,7.9,False
1978.0,7.5,False
1978.0,7.1,False
2141.0,6.8,False
2526.0,6.5,False
2733.0,7.2,False
2825.0,7.4,False
2747.0,9.0,False
2629.0,12.2,False
2599.0,15.5,False
2698.0,17.3,False
2504.0,18.1,False
2363.0,18.6,False
2250.0,18.6,False
2137.0,18.3,False
2171.0,17.9,False
2237.0,17.4,False
2182.0,16.4,False
2164.0,14.6,False
2274.0,13.1,False
2409.0,12.0,False
2456.0,11.0,False
2106.0,10.4,False
2041.0,9.7,False
1824.0,9.3,False
1702.0,8.8,False
1648.0,8.4,False
1688.0,7.9,False
1796.0,7.6,False
1895.0,7.4,False
2021.0,8.4,False
2110.0,10.5,False
2118.0,14.0,False
2116.0,16.0,False
2101.0,17.1,False
2219.0,18.6,False
2237.0,19.3,False
2264.0,19.6,False
2255.0,19.5,False
2231.0,19.2,False
2163.0,18.4,False
2035.0,17.1,False
1892.0,14.9,False
1806.0,13.4,False
1761.0,12.2,False
1622.0,10.8,False
1963.0,11.0,False
1930.0,9.5,False
1684.0,9.3,False
1565.0,9.4,False
1496.0,10.0,False
1499.0,9.8,False
1568.0,9.3,False
1608.0,8.4,False
1747.0,8.7,False
1894.0,9.6,False
1967.0,11.1,False
2053.0,12.4,False
2228.0,13.5,False
1945.0,15.0,False
1780.0,15.8,False
1675.0,16.4,False
1653.0,16.4,False
1719.0,16.0,False
1935.0,13.9,False
2037.0,12.3,False
1970.0,11.2,False
2058.0,10.3,False
2248.0,10.0,False
2313.0,9.1,False
2040.0,8.3,False
2050.0,7.6,False
1883.0,7.0,False
1819.0,6.7,False
1831.0,6.6,False
2015.0,6.5,False
2460.0,6.7,False
2627.0,6.7,False
2709.0,8.1,False
2752.0,9.9,False
2691.0,11.6,False
2746.0,12.4,False
2778.0,12.4,False
2619.0,13.8,False
2533.0,13.4,False
2501.0,13.4,False
2433.0,12.6,False
2390.0,12.8,False
2619.0,11.7,False
2639.0,11.4,False
2495.0,10.4,False
2581.0,9.8,False
2703.0,9.0,False
2695.0,8.9,False
2382.0,8.8,False
2398.0,7.8,False
2212.0,7.7,False
2139.0,7.7,False
2136.0,7.5,False
2315.0,7.5,False
2661.0,7.0,False
2906.0,7.2,False
3016.0,8.1,False
3022.0,9.8,False
2891.0,11.1,False
2871.0,12.3,False
2922.0,13.0,False
2752.0,14.0,False
2614.0,14.2,False
2488.0,14.2,False
2427.0,13.8,False
2451.0,13.1,False
2609.0,12.3,False
2618.0,11.4,False
2495.0,10.3,False
2573.0,9.4,False
2755.0,8.6,False
2799.0,8.0,False
2478.0,7.4,False
2470.0,6.4,False
2282.0,5.9,False
2231.0,5.4,False
2232.0,5.0,False
2409.0,4.7,False
2782.0,4.4,False
2955.0,4.3,False
3089.0,5.8,False
2990.0,7.7,False
2895.0,9.8,False
2905.0,11.4,False
2982.0,11.6,False
2817.0,11.5,False
2671.0,12.5,False
2546.0,12.3,False
2442.0,12.2,False
2486.0,11.3,False
2676.0,10.5,False
2699.0,10.1,False
2616.0,9.1,False
2647.0,8.3,False
2791.0,7.7,False
2854.0,7.2,False
2532.0,7.1,False
2510.0,7.9,False
2295.0,7.8,False
2216.0,8.2,False
2202.0,7.7,False
2364.0,7.0,False
2742.0,6.6,False
2944.0,6.3,False
3004.0,6.9,False
2915.0,8.2,False
2825.0,9.3,False
2823.0,10.6,False
2896.0,11.6,False
2652.0,11.9,False
2564.0,12.8,False
2425.0,13.3,False
2319.0,13.3,False
2295.0,13.0,False
2428.0,12.3,False
2449.0,11.1,False
2377.0,9.9,False
2504.0,8.5,False
2661.0,7.3,False
2727.0,6.6,False
2412.0,5.9,False
2396.0,4.7,False
2245.0,4.2,False
2192.0,3.9,False
2208.0,3.5,False
2395.0,3.0,False
2772.0,2.7,False
2983.0,4.1,False
3070.0,5.9,False
3005.0,7.9,False
2895.0,10.4,False
2878.0,12.2,False
2963.0,13.1,False
2760.0,13.8,False
2608.0,14.9,False
2497.0,15.1,False
2418.0,14.9,False
2452.0,14.2,False
2554.0,13.7,False
2556.0,12.8,False
2420.0,11.8,False
2519.0,10.5,False
2670.0,9.3,False
2690.0,8.3,True
2349.0,7.4,True
2327.0,8.0,True
2116.0,7.6,True
2013.0,7.2,True
1951.0,6.7,True
2033.0,6.4,True
2153.0,5.9,True
2240.0,6.4,True
2363.0,7.6,True
2369.0,9.0,True
2332.0,10.2,True
2316.0,11.1,True
2444.0,12.1,True
2199.0,12.2,True
2096.0,12.6,True
1975.0,12.5,True
1903.0,12.3,True
1935.0,11.9,True
2016.0,11.1,True
2078.0,9.9,True
2032.0,8.8,True
2198.0,7.9,True
2433.0,7.3,True
2515.0,6.7,True
2274.0,6.1,True
2247.0,5.7,True
2103.0,5.2,True
1958.0,4.8,True
1946.0,4.4,True
2000.0,3.9,True
2115.0,3.9,True
2202.0,4.8,True
2284.0,6.2,True
2320.0,8.5,True
2332.0,10.7,True
2355.0,11.8,True
2529.0,12.6,True
2225.0,12.0,True
2039.0,12.0,True
1908.0,12.0,True
1824.0,12.0,True
1881.0,11.5,True
2035.0,10.5,True
2150.0,10.0,True
2155.0,9.0,True
2330.0,8.1,True
2532.0,7.4,True
2605.0,6.9,True
2298.0,6.2,True
2337.0,5.9,True
2179.0,5.5,True
2122.0,5.0,True
2181.0,5.1,True
2404.0,4.5,True
2706.0,4.3,True
2927.0,4.2,True
3026.0,5.7,True
2936.0,7.8,True
2850.0,9.4,True
2851.0,10.1,True
2926.0,11.0,True
2740.0,12.0,True
2614.0,12.4,True
2489.0,12.4,True
2398.0,11.7,True
2376.0,10.7,True
2574.0,9.9,True
2646.0,9.3,True
2517.0,8.5,True
2590.0,8.0,True
2712.0,7.7,True
2777.0,7.5,True
2457.0,7.4,True
2433.0,6.8,True
2249.0,6.5,True
2171.0,6.3,True
2177.0,6.3,True
2331.0,6.2,True
2651.0,6.2,True
2875.0,5.6,True
2993.0,5.9,True
2957.0,6.8,True
2853.0,7.6,True
2871.0,8.4,True
2925.0,9.2,True
2779.0,12.2,True
2596.0,12.7,True
2491.0,12.6,True
2410.0,12.9,True
2414.0,12.0,True
2536.0,11.1,True
2608.0,10.6,True
2469.0,9.9,True
2559.0,9.1,True
2712.0,8.6,True
2726.0,8.4,True
2405.0,7.8,True
2402.0,7.9,True
2199.0,7.4,True
2144.0,7.4,True
2154.0,6.4,True
2288.0,6.0,True
2568.0,5.6,True
2778.0,5.7,True
2940.0,6.6,True
2904.0,7.5,True
2852.0,8.5,True
2905.0,9.4,True
2978.0,9.5,True
2808.0,12.1,True
2668.0,12.6,True
2534.0,12.6,True
2483.0,13.1,True
2435.0,11.7,True
2578.0,10.6,True
2592.0,11.5,True
2463.0,9.9,True
2537.0,9.3,True
2695.0,7.8,True
2761.0,6.9,True
2425.0,6.0,True
2445.0,5.8,True
2255.0,5.5,True
2193.0,5.0,True
2204.0,4.3,True
2367.0,3.7,True
2647.0,3.1,True
2877.0,4.0,True
2966.0,5.4,True
2928.0,7.8,True
2860.0,9.6,True
2857.0,10.8,True
2934.0,11.7,True
2727.0,13.1,True
2609.0,14.0,True
2484.0,13.9,True
2428.0,14.2,True
2437.0,13.7,True
2572.0,12.3,True
2582.0,10.2,True
2458.0,9.6,True
2530.0,9.2,True
2682.0,8.8,True
2705.0,8.2,True
2390.0,7.8,True
2378.0,8.0,True
2181.0,7.7,True
2090.0,7.4,True
2087.0,7.0,True
2219.0,6.7,True
2485.0,6.3,True
2696.0,8.3,True
2831.0,8.6,True
2831.0,8.8,True
2776.0,9.2,True
2803.0,10.7,True
2877.0,11.3,True
2673.0,12.6,True
2563.0,13.3,True
2417.0,13.3,True
2339.0,13.0,True
2346.0,12.5,True
2440.0,12.1,True
2447.0,10.5,True
2328.0,9.8,True
2452.0,8.9,True
2642.0,8.1,True
2687.0,7.6,True
2338.0,7.2,True
2355.0,6.2,True
2159.0,6.0,True
2042.0,5.8,True
1993.0,5.6,True
2068.0,5.4,True
2169.0,5.0,True
2266.0,4.7,True
2408.0,5.8,True
2466.0,8.2,True
2433.0,10.4,True
2458.0,11.7,True
2639.0,12.5,True
2416.0,12.8,True
2258.0,13.3,True
2176.0,13.3,True
2149.0,13.5,True
2209.0,12.6,True
2337.0,11.9,True
2357.0,9.6,True
2262.0,8.8,True
2367.0,8.2,True
2538.0,7.8,True
2614.0,7.8,True
2307.0,8.0,True
2286.0,8.5,True
2087.0,8.2,True
1975.0,7.9,True
1917.0,7.8,True
1944.0,7.7,True
2022.0,7.8,True
2110.0,7.0,True
2210.0,7.9,True
2280.0,8.7,True
2291.0,10.2,True
2340.0,11.6,True
2482.0,13.0,True
2202.0,13.1,True
2058.0,12.9,True
1931.0,12.5,True
1875.0,12.6,True
1911.0,12.5,True
2033.0,12.3,True
2136.0,11.4,True
2112.0,10.7,True
2247.0,10.1,True
2470.0,9.8,True
2552.0,9.4,True
2243.0,8.3,True
2262.0,5.7,True
2082.0,5.1,True
2052.0,4.8,True
2083.0,4.7,True
2298.0,4.6,True
2582.0,4.0,True
2780.0,4.2,True
2881.0,5.5,True
2821.0,6.6,True
2750.0,8.2,True
2728.0,11.1,True
2860.0,13.1,True
2643.0,13.6,True
2515.0,14.0,True
2407.0,13.9,True
2320.0,13.9,True
2297.0,13.6,True
2425.0,12.9,True
2456.0,11.8,True
2329.0,10.8,True
2434.0,9.7,True
2584.0,9.0,True
2614.0,8.5,True
2305.0,8.2,True
2295.0,7.4,True
2114.0,6.9,True
2047.0,6.9,True
2047.0,6.8,True
2179.0,6.6,True
2431.0,7.0,True
2627.0,9.2,True
2734.0,10.0,True
2718.0,10.5,True
2701.0,10.6,True
2727.0,10.8,True
2876.0,11.0,True
2704.0,13.4,True
2558.0,13.1,True
2451.0,12.4,True
2412.0,11.0,True
2396.0,9.3,True
2547.0,9.3,True
2521.0,9.8,True
2341.0,9.5,True
2387.0,9.1,True
2548.0,8.8,True
2584.0,8.7,True
2257.0,8.4,True
2232.0,8.4,True
2010.0,8.1,True
1890.0,8.3,True
1823.0,8.3,True
1835.0,8.3,True
1903.0,8.3,True
1997.0,7.7,True
2113.0,8.1,True
2171.0,8.6,True
2175.0,9.4,True
2238.0,10.5,True
2421.0,11.7,True
2169.0,12.2,True
1997.0,12.5,True
1901.0,12.6,True
1848.0,12.6,True
1905.0,12.5,True
2090.0,11.8,True
2172.0,8.7,True
2111.0,8.4,True
2205.0,8.2,True
2390.0,7.8,True
2443.0,7.7,True
2152.0,7.7,True
2146.0,8.6,True
1952.0,8.4,True
1864.0,8.3,True
1924.0,8.3,True
2096.0,8.2,True
2330.0,7.8,True
2590.0,7.1,True
2722.0,8.2,True
2702.0,9.8,True
2644.0,11.6,True
2679.0,12.9,True
2755.0,13.7,True
2533.0,14.6,True
2448.0,14.7,True
2316.0,14.7,True
2210.0,14.5,True
2204.0,14.1,True
2304.0,13.7,True
2349.0,12.4,True
2252.0,11.4,True
2354.0,10.3,True
2539.0,9.5,True
2590.0,8.7,True
2252.0,8.0,True
2253.0,7.3,True
2078.0,7.0,True
2002.0,6.8,True
2020.0,6.6,True
2166.0,6.5,True
2392.0,6.5,True
2577.0,7.4,True
2690.0,8.8,True
2684.0,10.0,True
2645.0,11.5,True
2670.0,13.0,True
2786.0,13.9,True
2554.0,14.4,True
2446.0,13.8,True
2311.0,14.6,True
2230.0,14.8,True
2231.0,14.7,True
2303.0,14.1,True
2291.0,13.1,True
2188.0,12.0,True
2277.0,10.5,True
2499.0,9.1,True
2549.0,8.1,True
2218.0,7.3,True
2188.0,6.7,True
1961.0,6.3,True
1867.0,6.6,True
1803.0,6.9,True
1840.0,7.2,True
1901.0,7.4,True
2027.0,9.2,True
2141.0,9.5,True
2224.0,9.6,True
2253.0,9.6,True
2291.0,9.8,True
2459.0,10.3,True
2240.0,15.9,True
2138.0,15.9,True
2016.0,15.7,True
2002.0,15.6,True
2055.0,15.2,True
2158.0,14.5,True
2154.0,13.0,True
2025.0,12.3,True
2126.0,11.4,True
2321.0,11.4,True
2378.0,11.4,True
2074.0,11.6,True
2023.0,11.6,True
1820.0,11.2,True
1694.0,10.7,True
1624.0,10.4,True
1622.0,10.2,True
1648.0,9.9,True
1708.0,11.1,True
1851.0,11.4,True
1992.0,12.0,True
2127.0,12.3,True
2206.0,12.4,True
2371.0,12.0,True
2095.0,11.7,True
1918.0,12.8,True
1799.0,14.7,True
1774.0,15.2,True
1815.0,14.9,True
1995.0,13.9,True
2056.0,12.7,True
1974.0,11.9,True
2076.0,10.6,True
2319.0,9.5,True
2377.0,8.8,False
2022.0,8.4,False
2057.0,8.0,False
1853.0,8.0,False
1772.0,8.1,False
1819.0,8.1,False
2021.0,8.3,False
2283.0,8.7,False
2491.0,9.4,False
2592.0,10.0,False
2580.0,10.9,False
2562.0,11.2,False
2642.0,11.7,False
2686.0,12.0,False
2537.0,14.2,False
2416.0,14.3,False
2294.0,13.8,False
2198.0,12.5,False
2229.0,11.9,False
2276.0,11.8,False
2340.0,13.3,False
2219.0,12.2,False
2287.0,11.1,False
2447.0,10.5,False
2499.0,10.4,False
2107.0,10.1,False
2156.0,9.7,False
1953.0,10.1,False
1801.0,10.3,False
1889.0,10.6,False
2062.0,11.0,False
2272.0,11.1,False
2489.0,10.9,False
2603.0,11.2,False
2590.0,12.2,False
2536.0,13.1,False
2548.0,14.3,False
2607.0,15.7,False
2448.0,17.1,False
2360.0,17.3,False
2275.0,17.4,False
2142.0,17.4,False
2122.0,17.0,False
2232.0,16.1,False
2236.0,15.2,False
2105.0,14.0,False
2204.0,12.7,False
2332.0,11.7,False
2409.0,10.8,False
2074.0,10.0,False
2044.0,9.7,False
1820.0,9.4,False
1715.0,9.4,False
1636.0,9.4,False
1665.0,9.3,False
1721.0,9.3,False
1802.0,8.9,False
1944.0,10.1,False
1998.0,12.1,False
1984.0,15.2,False
2009.0,17.2,False
2204.0,18.1,False
1953.0,18.8,False
1837.0,19.5,False
1779.0,19.9,False
1704.0,20.0,False
1738.0,20.0,False
1848.0,19.4,False
1892.0,17.6,False
1822.0,16.4,False
1959.0,15.4,False
2186.0,14.5,False
2215.0,13.9,True
1921.0,13.3,True
1897.0,13.3,True
1671.0,12.6,True
1576.0,11.7,True
1546.0,11.0,True
1597.0,10.4,True
1684.0,9.8,True
1787.0,9.7,True
1892.0,11.3,True
1997.0,13.8,True
1982.0,15.8,True
2040.0,17.4,True
2213.0,18.7,True
1987.0,19.5,True
1851.0,20.4,True
1773.0,21.0,True
1708.0,21.2,True
1765.0,21.3,True
1846.0,20.9,True
1912.0,19.4,True
1867.0,18.0,True
1977.0,16.7,True
2209.0,15.8,True
2209.0,14.9,True
1889.0,14.4,True
1867.0,13.7,True
1667.0,13.6,True
1571.0,13.5,True
1550.0,13.4,True
1632.0,13.1,True
1737.0,12.9,True
1868.0,13.0,True
2052.0,14.3,True
2130.0,15.9,True
2109.0,17.5,True
2176.0,18.8,True
2328.0,19.9,True
2143.0,20.9,True
2067.0,21.6,True
1968.0,22.1,True
1913.0,22.4,True
1926.0,22.4,True
2031.0,22.3,True
2019.0,21.1,True
1913.0,19.7,True
2007.0,18.5,True
2189.0,17.9,True
2219.0,17.6,True
1886.0,17.0,True
1849.0,16.0,True
1644.0,15.6,True
1523.0,15.4,True
1476.0,15.1,True
1501.0,14.5,True
1533.0,13.9,True
1610.0,14.0,True
1773.0,15.5,True
1867.0,17.4,True
1911.0,19.1,True
1946.0,20.8,True
2123.0,22.0,True
1953.0,23.0,True
1868.0,23.8,True
1783.0,24.5,True
1723.0,24.8,True
1716.0,24.9,True
1799.0,24.7,True
1819.0,23.9,True
1730.0,22.1,True
1828.0,20.0,True
2079.0,18.6,True
2135.0,17.5,True
1778.0,16.5,True
1742.0,16.7,True
1509.0,16.0,True
1389.0,15.4,True
1330.0,14.9,True
1311.0,15.0,True
1319.0,15.5,True
1383.0,15.0,True
1539.0,15.7,True
1667.0,16.4,True
1772.0,17.2,True
1873.0,18.1,True
2062.0,18.9,True
1841.0,20.6,True
1728.0,20.5,True
1665.0,21.3,True
1622.0,21.6,True
1663.0,21.1,True
1806.0,20.4,True
1880.0,17.0,True
1811.0,16.0,True
1854.0,15.1,True
2076.0,13.6,True
2080.0,12.3,False
1764.0,11.7,False
1742.0,13.1,False
1544.0,13.5,False
1472.0,13.5,False
1499.0,13.8,False
1649.0,13.7,False
1858.0,13.6,False
2114.0,13.1,False
2254.0,13.7,False
2351.0,13.8,False
2425.0,14.0,False
2495.0,15.1,False
2617.0,15.9,False
2460.0,14.0,False
2384.0,13.9,False
2307.0,13.6,False
2255.0,13.3,False
2227.0,13.2,False
2369.0,13.4,False
2312.0,14.0,False
2125.0,14.1,False
2123.0,13.9,False
2273.0,12.8,False
2300.0,12.7,False
1965.0,12.5,False
1931.0,11.6,False
1753.0,11.4,False
1683.0,11.3,False
1671.0,11.5,False
1833.0,11.5,False
2072.0,11.3,False
2290.0,11.8,False
2452.0,12.7,False
2486.0,13.1,False
2467.0,13.4,False
2535.0,14.2,False
2627.0,15.1,False
2453.0,15.4,False
2350.0,15.6,False
2264.0,15.9,False
2202.0,15.9,False
2168.0,15.5,False
2275.0,14.6,False
2259.0,14.6,False
2077.0,13.7,False
2136.0,12.8,False
2303.0,12.0,False
2326.0,11.5,False
1990.0,11.2,False
1964.0,11.3,False
1778.0,11.3,False
1739.0,11.2,False
1708.0,11.1,False
1823.0,11.0,False
2041.0,10.8,False
2263.0,11.1,False
2475.0,11.9,False
2485.0,13.1,False
2449.0,13.8,False
2529.0,14.2,False
2648.0,14.8,False
2431.0,14.6,False
2364.0,14.6,False
2288.0,14.7,False
2223.0,14.4,False
2194.0,14.4,False
2353.0,14.1,False
2334.0,13.9,False
2132.0,13.0,False
2160.0,12.0,False
2363.0,11.3,False
2376.0,10.8,False
2052.0,10.5,False
2023.0,10.6,False
1823.0,10.6,False
1752.0,10.5,False
1746.0,10.5,False
1889.0,10.3,False
2142.0,10.2,False
2352.0,10.8,False
2480.0,11.4,False
2504.0,12.3,False
2490.0,13.6,False
2517.0,15.3,False
2636.0,15.8,False
2475.0,15.1,False
2376.0,15.0,False
2309.0,15.6,False
2222.0,15.2,False
2224.0,15.4,False
2327.0,15.3,False
2311.0,15.0,False
2145.0,14.3,False
2164.0,13.6,False
2375.0,13.0,False
2388.0,12.6,False
2044.0,12.4,False
2030.0,11.2,False
1821.0,11.0,False
1750.0,10.9,False
1742.0,10.7,False
1869.0,10.8,False
2119.0,11.1,False
2355.0,11.3,False
2512.0,12.1,False
2532.0,13.2,False
2492.0,14.8,False
2518.0,15.8,False
2649.0,16.1,False
2468.0,15.1,False
2375.0,15.5,False
2258.0,16.2,False
2171.0,16.4,False
2154.0,16.4,False
2244.0,15.9,False
2210.0,15.3,False
2064.0,14.8,False
2128.0,13.5,False
2353.0,12.6,False
2372.0,11.9,False
2025.0,11.6,False
1989.0,11.4,False
1777.0,11.3,False
1656.0,11.3,False
1594.0,10.7,False
1624.0,10.2,False
1670.0,9.9,False
1770.0,11.2,False
1919.0,11.9,False
2012.0,12.9,False
2012.0,14.2,False
2053.0,14.7,False
2222.0,15.9,False
1988.0,17.0,False
1869.0,17.2,False
1784.0,17.0,False
1744.0,16.0,False
1759.0,16.0,False
1831.0,15.6,False
1852.0,15.4,False
1731.0,14.6,False
1821.0,13.6,False
2080.0,12.9,False
2156.0,12.2,False
1850.0,11.7,False
1819.0,10.2,False
1604.0,9.9,False
1481.0,9.4,False
1428.0,9.0,False
1422.0,8.5,False
1443.0,8.0,False
1534.0,9.3,False
1644.0,10.6,False
1760.0,12.2,False
1815.0,14.5,False
1900.0,16.6,False
2094.0,17.9,False
1837.0,18.5,False
1692.0,18.9,False
1622.0,18.9,False
1567.0,19.2,False
1601.0,19.3,False
1717.0,19.3,False
1764.0,17.7,False
1722.0,16.4,False
1786.0,14.9,False
2030.0,13.7,False
2115.0,12.5,False
1793.0,11.8,False
1753.0,11.5,False
1533.0,10.9,False
1445.0,10.5,False
1407.0,10.3,False
1427.0,10.4,False
1461.0,10.6,False
1569.0,11.6,False
1714.0,12.2,False
1822.0,13.4,False
1893.0,15.1,False
1985.0,16.8,False
2169.0,18.3,False
1928.0,19.8,False
1828.0,20.1,False
1737.0,20.2,False
1716.0,20.1,False
1734.0,19.3,False
1909.0,18.9,False
1944.0,15.9,False
1830.0,15.3,False
1867.0,14.5,False
2097.0,13.7,False
2153.0,12.9,False
1841.0,12.4,False
1848.0,12.0,False
1658.0,12.0,False
1578.0,12.2,False
1566.0,12.0,False
1731.0,11.9,False
1974.0,12.0,False
2212.0,12.4,False
2388.0,13.1,False
2427.0,14.1,False
2438.0,15.3,False
2474.0,16.0,False
2618.0,17.2,False
2413.0,17.4,False
2329.0,17.0,False
2241.0,17.2,False
2167.0,17.1,False
2145.0,17.4,False
2280.0,17.4,False
2257.0,15.3,False
2100.0,15.0,False
2091.0,14.4,False
2290.0,13.9,False
2314.0,13.6,False
1983.0,13.0,False
1985.0,12.3,False
1796.0,11.7,False
1708.0,11.3,False
1694.0,11.2,False
1824.0,11.1,False
2034.0,11.2,False
2263.0,11.5,False
2399.0,12.4,False
2459.0,13.3,False
2459.0,14.5,False
2502.0,15.8,False
2632.0,16.6,False
2444.0,17.7,False
2371.0,18.4,False
2277.0,19.0,False
2234.0,17.0,False
2194.0,16.5,False
2319.0,15.1,False
2313.0,13.9,False
2141.0,13.7,False
2138.0,13.1,False
2336.0,12.8,False
2365.0,12.0,False
2021.0,11.4,False
1992.0,11.6,False
1799.0,11.1,False
1756.0,10.5,False
1734.0,9.9,False
1855.0,9.6,False
2079.0,9.6,False
2318.0,10.6,False
2422.0,11.5,False
2443.0,13.0,False
2407.0,14.4,False
2474.0,16.0,False
2608.0,17.0,False
2428.0,18.2,False
2319.0,18.7,False
2221.0,18.6,False
2180.0,16.6,False
2167.0,13.4,False
2269.0,12.6,False
2265.0,13.0,False
2095.0,12.5,False
2126.0,12.0,False
2311.0,11.4,False
2362.0,10.5,False
2008.0,9.8,False
1997.0,8.7,False
1816.0,8.1,False
1771.0,7.6,False
1766.0,7.2,False
1878.0,6.9,False
2108.0,6.7,False
2334.0,9.3,False
2467.0,10.9,False
2469.0,12.6,False
2431.0,13.7,False
2470.0,14.9,False
2577.0,16.0,False
2403.0,16.6,False
2318.0,17.1,False
2218.0,17.4,False
2113.0,17.9,False
2124.0,17.9,False
2177.0,17.6,False
2147.0,17.0,False
2011.0,15.7,False
2069.0,13.9,False
2295.0,12.5,False
2317.0,11.7,False
1977.0,11.1,False
1928.0,11.1,False
1723.0,10.7,False
1617.0,10.4,False
1571.0,10.1,False
1580.0,9.9,False
1630.0,9.7,False
1729.0,9.9,False
1879.0,11.4,False
1970.0,12.9,False
1976.0,14.8,False
2012.0,15.9,False
2206.0,16.6,False
2001.0,17.5,False
1864.0,18.0,False
1781.0,18.3,False
1758.0,16.5,False
1795.0,16.6,False
1877.0,16.7,False
1891.0,15.7,False
1787.0,14.9,False
1855.0,14.1,False
2014.0,13.5,False
2102.0,12.8,False
1820.0,12.5,False
1762.0,12.3,False
1547.0,12.0,False
1413.0,11.7,False
1344.0,11.7,False
1345.0,11.5,False
1356.0,11.3,False
1432.0,11.8,False
1593.0,12.8,False
1722.0,13.8,False
1820.0,14.8,False
1915.0,15.9,False
2052.0,16.3,False
1843.0,16.9,False
1681.0,16.4,False
1621.0,16.5,False
1577.0,16.6,False
1635.0,16.7,False
1773.0,16.0,False
1840.0,15.0,False
1763.0,14.3,False
1825.0,13.4,False
2073.0,12.3,False
2098.0,11.4,False
1818.0,10.8,False
1769.0,10.6,False
1600.0,10.1,False
1532.0,9.4,False
1568.0,8.8,False
1717.0,8.4,False
1975.0,8.5,False
2198.0,9.8,False
2377.0,10.9,False
2415.0,11.7,False
2437.0,12.2,False
2463.0,14.0,False
2552.0,15.0,False
2382.0,15.3,False
2303.0,15.4,False
2196.0,16.5,False
2138.0,16.5,False
2159.0,16.2,False
2286.0,16.0,False
2267.0,15.6,False
2093.0,14.6,False
2100.0,13.8,False
2300.0,13.0,False
2289.0,13.0,False
1968.0,12.7,False
1919.0,12.6,False
1749.0,12.7,False
1693.0,12.9,False
1686.0,13.1,False
1775.0,13.4,False
2027.0,13.6,False
2271.0,13.4,False
2440.0,13.8,False
2474.0,14.6,False
2488.0,14.5,False
2520.0,15.0,False
2617.0,16.5,False
2422.0,17.1,False
2377.0,17.8,False
2275.0,17.8,False
2225.0,17.5,False
2259.0,16.9,False
2390.0,16.2,False
2370.0,15.2,False
2158.0,14.7,False
2178.0,14.4,False
2366.0,14.3,False
2371.0,14.2,False
2024.0,14.1,False
1975.0,14.0,False
1781.0,14.1,False
1733.0,14.2,False
1721.0,14.4,False
1834.0,14.6,False
2061.0,14.6,False
2286.0,14.4,False
2449.0,14.4,False
2500.0,14.8,False
2530.0,15.1,False
2603.0,15.3,False
2713.0,15.7,False
2487.0,16.7,False
2394.0,16.8,False
2308.0,18.2,False
2255.0,19.1,False
2250.0,18.3,False
2350.0,17.2,False
2341.0,16.0,False
2160.0,14.8,False
2136.0,13.7,False
2377.0,13.0,False
2382.0,12.7,False
2052.0,12.1,False
2020.0,10.9,False
1816.0,10.7,False
1732.0,10.9,False
1721.0,10.7,False
1848.0,10.8,False
2053.0,11.1,False
2308.0,11.7,False
2395.0,13.1,False
2448.0,14.2,False
2416.0,14.3,False
2466.0,15.2,False
2554.0,15.7,False
2386.0,15.8,False
2330.0,16.2,False
2244.0,16.3,False
2167.0,16.3,False
2173.0,16.1,False
2259.0,15.7,False
2232.0,15.1,False
2077.0,14.3,False
2132.0,13.3,False
2324.0,12.5,False
2355.0,11.9,False
1997.0,11.4,False
1973.0,12.0,False
1787.0,11.6,False
1703.0,11.1,False
1680.0,10.7,False
1801.0,10.5,False
2025.0,10.6,False
2273.0,11.9,False
2406.0,12.9,False
2414.0,14.4,False
2395.0,15.9,False
2412.0,16.6,False
2546.0,17.8,False
2392.0,17.7,False
2293.0,18.0,False
2156.0,18.1,False
2063.0,18.1,False
2085.0,17.4,False
2144.0,16.7,False
2123.0,16.4,False
1968.0,15.9,False
2036.0,14.8,False
2264.0,14.1,False
2281.0,13.7,False
1941.0,13.3,False
1878.0,12.5,False
1669.0,12.1,False
1547.0,12.1,False
1459.0,11.7,False
1491.0,11.6,False
1513.0,11.6,False
1617.0,12.5,False
1771.0,13.7,False
1930.0,14.7,False
1932.0,15.6,False
1988.0,16.0,False
2125.0,16.4,False
1926.0,17.0,False
1839.0,17.1,False
1745.0,17.1,False
1694.0,16.9,False
1689.0,16.7,False
1791.0,16.5,False
1765.0,15.6,False
1674.0,15.0,False
1751.0,14.1,False
2029.0,13.4,False
2076.0,13.0,False
1766.0,12.5,False
1740.0,11.8,False
1527.0,11.7,False
1401.0,11.9,False
1331.0,11.6,False
1373.0,11.2,False
1364.0,11.1,False
1419.0,11.7,False
1577.0,13.4,False
1697.0,15.0,False
1779.0,16.2,False
1889.0,16.9,False
2039.0,17.4,False
1821.0,18.4,False
1690.0,18.6,False
1588.0,18.8,False
1565.0,19.1,False
1590.0,18.6,False
1769.0,17.5,False
1779.0,16.7,False
1719.0,15.5,False
1802.0,14.4,False
2018.0,13.6,False
2034.0,13.0,False
1797.0,12.5,False
1749.0,12.3,False
1566.0,11.9,False
1512.0,11.5,False
1517.0,11.4,False
1662.0,11.4,False
1919.0,11.1,False
2138.0,11.8,False
2270.0,13.7,False
2314.0,16.2,False
2319.0,18.6,False
2381.0,20.0,False
2509.0,20.8,False
2380.0,20.5,False
2299.0,20.5,False
2198.0,20.9,False
2135.0,20.8,False
2125.0,20.4,False
2234.0,19.7,False
2191.0,18.6,False
2024.0,17.5,False
2060.0,16.4,False
2258.0,15.6,False
2305.0,14.6,False
1970.0,13.8,False
1929.0,13.4,False
1736.0,13.0,False
1657.0,12.8,False
1629.0,12.4,False
1750.0,12.4,False
1972.0,12.4,False
2222.0,12.1,False
2364.0,13.4,False
2407.0,15.4,False
2386.0,17.0,False
2455.0,18.6,False
2577.0,19.8,False
2433.0,19.7,False
2358.0,20.3,False
2259.0,20.8,False
2181.0,20.5,False
2183.0,20.0,False
2315.0,20.3,False
2251.0,18.3,False
2086.0,17.5,False
2111.0,16.6,False
2357.0,15.6,False
2342.0,14.7,False
1961.0,13.8,False
1923.0,14.4,False
1744.0,13.7,False
1643.0,13.1,False
1641.0,12.9,False
1733.0,12.9,False
1975.0,12.8,False
2186.0,13.4,False
2358.0,13.9,False
2367.0,14.9,False
2367.0,15.6,False
2448.0,16.4,False
2570.0,18.1,False
2408.0,19.6,False
2334.0,20.5,False
2259.0,20.6,False
2139.0,20.4,False
2163.0,20.1,False
2244.0,18.5,False
2246.0,15.9,False
2069.0,14.4,False
2077.0,13.2,False
2301.0,12.5,False
2311.0,11.9,False
1977.0,11.2,False
1934.0,10.6,False
1743.0,9.9,False
1685.0,9.4,False
1668.0,8.9,False
1763.0,8.6,False
2030.0,8.5,False
2251.0,10.1,False
2365.0,11.7,False
2372.0,13.4,False
2380.0,14.7,False
2429.0,15.8,False
2547.0,16.8,False
2372.0,17.9,False
2286.0,19.0,False
2206.0,19.0,False
2140.0,19.0,False
2117.0,19.1,False
2194.0,17.8,False
2189.0,16.2,False
2023.0,15.1,False
2041.0,14.0,False
2263.0,13.1,False
2287.0,12.3,False
1978.0,11.6,False
1929.0,10.4,False
1723.0,9.9,False
1679.0,9.6,False
1665.0,9.2,False
1773.0,8.7,False
2012.0,8.6,False
2232.0,9.6,False
2362.0,11.7,False
2393.0,13.7,False
2367.0,14.8,False
2393.0,15.8,False
2526.0,16.8,False
2370.0,17.7,False
2269.0,18.5,False
2174.0,19.2,False
2111.0,19.8,False
2090.0,20.2,False
2133.0,20.3,False
2069.0,18.7,False
1928.0,17.6,False
1983.0,15.7,False
2200.0,14.4,False
2231.0,13.4,False
1906.0,12.4,False
1863.0,11.8,False
1639.0,11.1,False
1516.0,10.6,False
1470.0,10.4,False
1499.0,10.3,False
1511.0,10.6,False
1590.0,11.1,False
1754.0,12.2,False
1874.0,13.5,False
1906.0,15.6,False
1944.0,17.4,False
2123.0,18.7,False
1933.0,19.1,False
1839.0,19.9,False
1742.0,20.8,False
1692.0,19.1,False
1705.0,18.7,False
1766.0,18.3,False
1763.0,17.0,False
1637.0,15.9,False
1715.0,14.7,False
1974.0,13.8,False
2067.0,13.1,False
1741.0,12.5,False
1710.0,12.0,False
1503.0,11.7,False
1387.0,11.4,False
1350.0,11.2,False
1332.0,11.1,False
1344.0,11.1,False
1416.0,11.7,False
1558.0,13.1,False
1675.0,14.6,False
1744.0,16.1,False
1834.0,17.2,False
1979.0,18.1,False
1755.0,18.7,False
1645.0,19.0,False
1576.0,19.1,False
1538.0,19.1,False
1580.0,19.0,False
1718.0,18.3,False
1755.0,18.4,False
1697.0,16.8,False
1764.0,15.3,False
2003.0,14.0,False
2013.0,13.0,False
1713.0,12.3,False
1679.0,11.8,False
1535.0,11.4,False
1476.0,11.1,False
1476.0,10.8,False
1631.0,11.0,False
1880.0,11.6,False
2118.0,13.0,False
2250.0,14.5,False
2335.0,15.7,False
2351.0,16.7,False
2427.0,17.3,False
2526.0,18.8,False
2346.0,15.6,False
2310.0,17.4,False
2184.0,18.0,False
2103.0,17.4,False
2107.0,16.4,False
2217.0,15.4,False
2166.0,14.8,False
2002.0,14.0,False
2024.0,13.2,False
2231.0,12.3,False
2249.0,11.5,False
1896.0,11.1,False
1874.0,10.7,False
1705.0,10.3,False
1638.0,9.9,False
1639.0,9.7,False
1761.0,9.5,False
2000.0,9.5,False
2218.0,10.7,False
2313.0,12.4,False
2351.0,13.8,False
2355.0,14.9,False
2384.0,16.1,False
2490.0,17.1,False
2369.0,16.8,False
2277.0,17.1,False
2179.0,17.2,False
2117.0,17.0,False
2109.0,16.5,False
2200.0,15.4,False
2181.0,14.8,False
2001.0,14.3,False
2037.0,13.5,False
2260.0,12.6,False
2294.0,11.6,False
1929.0,10.8,False
1901.0,10.2,False
1724.0,9.6,False
1650.0,9.2,False
1631.0,9.0,False
1765.0,8.7,False
1966.0,8.6,False
2161.0,9.9,False
2305.0,11.7,False
2354.0,13.2,False
2364.0,14.3,False
2448.0,15.3,False
2570.0,15.4,False
2380.0,17.0,False
2280.0,17.7,False
2184.0,17.8,False
2134.0,17.5,False
2121.0,17.2,False
2210.0,16.8,False
2206.0,15.8,False
2022.0,14.8,False
2053.0,13.6,False
2289.0,12.3,False
2319.0,11.1,False
1973.0,10.2,False
1952.0,10.0,False
1748.0,9.6,False
1663.0,9.3,False
1642.0,8.9,False
1758.0,8.6,False
1978.0,8.4,False
2220.0,8.5,False
2318.0,11.1,False
2412.0,12.8,False
2400.0,14.0,False
2458.0,15.3,False
2573.0,15.7,False
2411.0,15.7,False
2392.0,15.4,False
2308.0,15.2,False
2265.0,14.5,False
2254.0,13.5,False
2408.0,12.4,False
2349.0,12.8,False
2167.0,12.6,False
2156.0,12.6,False
2313.0,12.9,False
2349.0,13.3,False
2022.0,14.0,False
1957.0,13.0,False
1748.0,12.2,False
1693.0,12.3,False
1659.0,12.1,False
1778.0,11.7,False
2025.0,11.8,False
2253.0,12.2,False
2384.0,13.4,False
2405.0,14.9,False
2407.0,15.3,False
2471.0,14.8,False
2568.0,13.9,False
2373.0,15.3,False
2269.0,15.4,False
2175.0,16.9,False
2085.0,16.5,False
2055.0,15.4,False
2191.0,15.3,False
2148.0,14.4,False
1990.0,13.1,False
2018.0,12.3,False
2240.0,11.5,False
2277.0,11.0,False
1947.0,10.5,False
1885.0,9.8,False
1679.0,9.6,False
1557.0,9.4,False
1505.0,9.6,False
1532.0,9.6,False
1572.0,10.0,False
1699.0,11.3,False
1864.0,12.4,False
1955.0,13.8,False
2001.0,14.6,False
2071.0,14.6,False
2224.0,15.5,False
1989.0,16.0,False
1894.0,16.1,False
1791.0,16.6,False
1715.0,16.9,False
1776.0,16.6,False
1848.0,16.7,False
1862.0,15.7,False
1690.0,15.2,False
1785.0,14.3,False
2048.0,13.4,False
2122.0,12.8,False
1820.0,12.9,False
1747.0,11.6,False
1548.0,11.2,False
1427.0,10.9,False
1360.0,10.9,False
1328.0,10.9,False
1353.0,11.1,False
1461.0,11.8,False
1587.0,12.8,False
1706.0,14.6,False
1822.0,16.3,False
1926.0,17.6,False
2072.0,18.7,False
1821.0,19.0,False
1698.0,19.0,False
1628.0,18.9,False
1572.0,19.6,False
1608.0,19.3,False
1760.0,18.4,False
1806.0,15.5,False
1760.0,15.4,False
1784.0,15.0,False
2030.0,14.7,False
2083.0,14.2,False
1768.0,14.0,False
1735.0,13.9,False
1548.0,13.8,False
1472.0,13.8,False
1481.0,13.8,False
1614.0,13.6,False
1856.0,13.2,False
2114.0,14.4,False
2301.0,14.7,False
2321.0,15.8,False
2359.0,16.7,False
2416.0,17.6,False
2524.0,17.4,False
2374.0,18.0,False
2294.0,17.5,False
2226.0,17.5,False
2187.0,17.5,False
2193.0,17.7,False
2330.0,17.6,False
2289.0,16.9,False
2078.0,16.4,False
2033.0,15.9,False
2266.0,15.7,False
2287.0,15.5,False
1954.0,15.2,False
1921.0,14.5,False
1721.0,14.5,False
1636.0,14.5,False
1640.0,14.4,False
1739.0,14.4,False
1977.0,14.2,False
2220.0,14.1,False
2362.0,14.6,False
2411.0,14.8,False
2473.0,15.2,False
2524.0,16.3,False
2612.0,16.5,False
2421.0,18.9,False
2327.0,19.5,False
2235.0,20.2,False
2162.0,20.2,False
2168.0,20.3,False
2294.0,20.3,False
2263.0,15.2,False
2077.0,14.6,False
2069.0,14.0,False
2267.0,13.7,False
2289.0,13.7,False
1940.0,13.7,False
1906.0,13.2,False
1699.0,13.2,False
1629.0,13.0,False
1611.0,12.8,False
1752.0,12.8,False
1926.0,12.8,False
2161.0,13.3,False
2313.0,13.2,False
2370.0,13.5,False
2424.0,13.9,False
2518.0,14.5,False
2641.0,15.0,False
2461.0,18.5,False
2381.0,18.5,False
2284.0,18.3,False
2239.0,18.5,False
2220.0,18.1,False
2317.0,16.8,False
2284.0,16.8,False
2093.0,16.1,False
2107.0,15.6,False
2276.0,15.0,False
2311.0,14.7,False
1988.0,14.2,False
1934.0,13.8,False
1756.0,13.6,False
1675.0,13.6,False
1655.0,13.6,False
1771.0,13.4,False
1975.0,13.4,False
2187.0,14.5,False
2322.0,15.2,False
2404.0,16.2,False
2425.0,17.1,False
2484.0,18.4,False
2577.0,19.7,False
2436.0,18.3,False
2361.0,18.6,False
2255.0,19.4,False
2141.0,19.4,False
2141.0,19.3,False
2265.0,19.0,False
2194.0,17.6,False
2056.0,16.8,False
2068.0,16.1,False
2273.0,15.7,False
2286.0,15.5,False
1931.0,15.4,False
1928.0,14.4,False
1707.0,14.1,False
1638.0,13.7,False
1639.0,13.4,False
1730.0,13.0,False
1954.0,12.8,False
2153.0,13.5,False
2269.0,14.8,False
2323.0,16.5,False
2331.0,18.3,False
2385.0,19.9,False
2524.0,20.8,False
2360.0,21.0,False
2242.0,20.7,False
2118.0,20.0,False
2069.0,18.7,False
2095.0,18.6,False
2144.0,17.8,False
2091.0,16.0,False
1967.0,15.1,False
1955.0,14.5,False
2196.0,14.0,False
2249.0,13.8,False
1872.0,13.6,False
1850.0,13.4,False
1620.0,14.1,False
1498.0,14.4,False
1446.0,13.7,False
1486.0,12.7,False
1532.0,12.2,False
1598.0,12.5,False
1754.0,13.2,False
1841.0,14.0,False
1896.0,15.3,False
1937.0,16.4,False
2102.0,17.0,False
1927.0,17.3,False
1801.0,18.0,False
1736.0,18.8,False
1689.0,19.1,False
1711.0,19.1,False
1794.0,18.9,False
1782.0,18.5,False
1671.0,17.8,False
1732.0,16.1,False
1990.0,14.7,False
2050.0,13.6,False
1725.0,12.8,False
1691.0,13.4,False
1476.0,12.8,False
1364.0,12.3,False
1318.0,11.9,False
1282.0,11.5,False
1282.0,11.3,False
1372.0,12.0,False
1509.0,12.8,False
1639.0,14.4,False
1751.0,16.8,False
1843.0,18.5,False
2037.0,19.7,False
1821.0,21.0,False
1704.0,22.0,False
1616.0,22.8,False
1583.0,23.3,False
1631.0,23.5,False
1774.0,23.5,False
1822.0,23.1,False
1764.0,22.5,False
1811.0,20.6,False
2020.0,19.5,False
2038.0,18.6,False
1743.0,17.7,False
1728.0,16.8,False
1521.0,16.4,False
1478.0,15.8,False
1471.0,15.2,False
1624.0,14.7,False
1834.0,14.5,False
2077.0,15.4,False
2233.0,17.0,False
2299.0,19.4,False
2308.0,21.5,False
2387.0,23.0,False
2494.0,24.0,False
2372.0,24.3,False
2318.0,25.1,False
2226.0,25.9,False
2156.0,26.4,False
2154.0,26.6,False
2220.0,26.3,False
2202.0,25.4,False
2045.0,24.3,False
2041.0,23.3,False
2266.0,21.9,False
2234.0,20.6,False
1882.0,19.6,False
1861.0,19.3,False
1686.0,18.4,False
1607.0,17.6,False
1595.0,16.9,False
1709.0,16.6,False
1922.0,16.6,False
2106.0,17.3,False
2280.0,19.0,False
2333.0,21.2,False
2369.0,23.5,False
2435.0,25.0,False
2573.0,25.9,False
2439.0,26.3,False
2371.0,26.5,False
2260.0,26.1,False
2214.0,25.8,False
2196.0,25.1,False
2260.0,24.2,False
2166.0,22.1,False
2048.0,21.1,False
2079.0,20.1,False
2257.0,19.5,False
2267.0,18.8,False
1895.0,18.1,False
1882.0,17.7,False
1673.0,17.7,False
1584.0,17.4,False
1606.0,17.1,False
1698.0,16.9,False
1889.0,17.0,False
2129.0,17.9,False
2304.0,19.4,False
2368.0,21.4,False
2415.0,23.7,False
2465.0,25.4,False
2595.0,26.7,False
2448.0,27.8,False
2396.0,28.5,False
2314.0,28.9,False
2260.0,29.1,False
2233.0,29.0,False
2276.0,28.7,False
2246.0,25.4,False
2086.0,23.7,False
2109.0,22.2,False
2293.0,21.1,False
2321.0,20.1,False
1958.0,19.4,False
1890.0,20.4,False
1705.0,19.8,False
1633.0,19.2,False
1623.0,18.8,False
1728.0,18.0,False
1937.0,17.5,False
2159.0,17.7,False
2276.0,18.4,False
2360.0,19.3,False
2330.0,20.2,False
2437.0,21.0,False
2529.0,22.0,False
2385.0,22.4,False
2358.0,22.8,False
2256.0,23.6,False
2186.0,24.1,False
2179.0,24.4,False
2247.0,24.2,False
2206.0,23.3,False
2033.0,21.4,False
2046.0,19.3,False
2238.0,17.4,False
2225.0,16.1,False
1896.0,15.2,False
1877.0,14.6,False
1695.0,14.1,False
1634.0,13.7,False
1596.0,13.4,False
1727.0,13.2,False
1880.0,13.1,False
2122.0,13.5,False
2265.0,14.7,False
2326.0,16.0,False
2321.0,17.3,False
2326.0,18.2,False
2511.0,19.3,False
2332.0,20.9,False
2245.0,21.9,False
2162.0,23.3,False
2087.0,23.9,False
2072.0,23.6,False
2089.0,23.0,False
2036.0,20.7,False
1889.0,18.8,False
1927.0,17.1,False
2179.0,15.9,False
2210.0,15.2,False
1821.0,14.7,False
1753.0,14.2,False
1574.0,13.9,False
1451.0,13.7,False
1404.0,13.6,False
1429.0,13.6,False
1455.0,13.6,False
1540.0,13.8,False
1674.0,15.1,False
1790.0,17.0,False
1834.0,18.8,False
1894.0,20.9,False
2092.0,22.5,False
1901.0,22.8,False
1837.0,23.3,False
1728.0,23.1,False
1682.0,22.9,False
1698.0,22.1,False
1784.0,20.6,False
1755.0,17.6,False
1658.0,16.8,False
1734.0,16.0,False
1959.0,15.2,False
2016.0,14.6,False
1692.0,14.2,False
1661.0,14.0,False
1459.0,13.9,False
1347.0,13.7,False
1294.0,13.4,False
1265.0,13.3,False
1296.0,13.3,False
1376.0,13.8,False
1505.0,14.7,False
1634.0,16.0,False
1701.0,17.6,False
1800.0,19.4,False
1973.0,20.8,False
1770.0,21.1,False
1679.0,21.7,False
1565.0,22.4,False
1560.0,23.2,False
1612.0,23.5,False
1726.0,23.0,False
1769.0,21.4,False
1690.0,20.1,False
1762.0,18.8,False
1997.0,18.0,False
1997.0,17.3,False
1663.0,16.4,False
1649.0,14.8,False
1488.0,14.0,False
1420.0,13.3,False
1445.0,12.8,False
1580.0,12.6,False
1778.0,12.7,False
2032.0,13.4,False
2217.0,14.3,False
2298.0,15.5,False
2315.0,16.7,False
2400.0,17.5,False
2489.0,18.2,False
2350.0,21.0,False
2287.0,21.3,False
2206.0,21.7,False
2139.0,21.7,False
2131.0,21.4,False
2216.0,20.9,False
2182.0,18.5,False
2012.0,17.6,False
2032.0,16.7,False
2232.0,16.0,False
2230.0,15.2,False
1848.0,14.5,False
1856.0,13.8,False
1673.0,13.4,False
1638.0,13.0,False
1590.0,12.9,False
1731.0,13.0,False
1930.0,13.0,False
2115.0,14.2,False
2330.0,14.6,False
2389.0,16.2,False
2376.0,17.5,False
2465.0,19.7,False
2531.0,20.8,False
2384.0,21.0,False
2275.0,21.5,False
2201.0,20.3,False
2174.0,20.6,False
2133.0,20.2,False
2218.0,19.1,False
2167.0,17.5,False
2007.0,16.9,False
2030.0,16.2,False
2241.0,15.3,False
2261.0,14.6,False
1926.0,14.0,False
1885.0,13.3,False
1687.0,12.8,False
1610.0,12.4,False
1617.0,12.0,False
1705.0,11.5,False
1868.0,11.5,False
2088.0,12.6,False
2278.0,13.7,False
2308.0,15.4,False
2372.0,16.5,False
2457.0,17.9,False
2567.0,18.0,False
2409.0,18.2,False
2304.0,17.6,False
2239.0,17.7,False
2190.0,18.5,False
2207.0,18.3,False
2316.0,17.7,False
2300.0,16.8,False
2068.0,16.7,False
2070.0,16.4,False
2279.0,16.1,False
2291.0,16.0,False
1960.0,15.8,False
1967.0,14.0,False
1746.0,13.3,False
1665.0,12.8,False
1665.0,12.4,False
1763.0,12.3,False
1950.0,12.3,False
2212.0,13.0,False
2313.0,14.0,False
2375.0,15.4,False
2365.0,17.2,False
2492.0,18.5,False
2613.0,19.5,False
2433.0,20.8,False
2367.0,21.6,False
2261.0,22.2,False
2220.0,22.4,False
2188.0,21.9,False
2263.0,21.6,False
2199.0,20.4,False
2060.0,19.1,False
2061.0,17.9,False
2307.0,16.8,False
2304.0,15.9,False
1920.0,15.1,False
1923.0,15.0,False
1713.0,14.4,False
1640.0,14.2,False
1621.0,14.3,False
1725.0,14.3,False
1923.0,14.5,False
2146.0,14.4,False
2310.0,15.3,False
2362.0,16.2,False
2378.0,17.0,False
2435.0,17.8,False
2571.0,19.0,False
2412.0,19.3,False
2319.0,19.4,False
2236.0,19.9,False
2144.0,20.5,False
2182.0,20.2,False
2182.0,19.6,False
2146.0,19.5,False
1928.0,18.2,False
2011.0,17.1,False
2185.0,16.6,False
2274.0,16.2,True
1914.0,16.3,True
1864.0,16.4,True
1675.0,15.7,True
1548.0,14.3,True
1475.0,13.7,True
1445.0,13.1,True
1486.0,13.0,True
1585.0,13.2,True
1734.0,13.8,True
1901.0,15.2,True
1941.0,16.5,True
2000.0,17.1,True
2158.0,18.5,True
1938.0,19.2,True
1855.0,19.5,True
1784.0,19.0,True
1748.0,19.2,True
1742.0,19.5,True
1810.0,18.6,True
1792.0,18.0,True
1713.0,16.8,True
1770.0,15.7,True
2013.0,14.8,True
2038.0,13.9,True
1721.0,13.3,True
1696.0,12.5,True
1507.0,12.2,True
1387.0,12.1,True
1345.0,11.9,True
1337.0,12.1,True
1326.0,12.1,True
1430.0,12.6,True
1549.0,13.5,True
1693.0,14.8,True
1778.0,16.4,True
1875.0,17.8,True
2051.0,18.4,True
1801.0,19.6,True
1729.0,19.9,True
1610.0,20.6,True
1585.0,20.3,True
1644.0,19.5,True
1791.0,19.1,True
1848.0,17.6,True
1744.0,17.1,True
1798.0,16.4,True
2031.0,15.7,True
2056.0,15.3,True
1684.0,14.9,True
1668.0,14.5,True
1505.0,14.4,True
1447.0,14.0,True
1478.0,14.0,True
1612.0,13.9,True
1802.0,14.0,True
2043.0,14.1,True
2270.0,14.2,True
2362.0,14.3,True
2413.0,14.6,True
2489.0,14.9,True
2591.0,15.3,True
2465.0,15.0,True
2383.0,16.1,True
2266.0,15.3,True
2217.0,15.0,True
2207.0,15.2,True
2310.0,15.3,True
2240.0,16.2,True
2068.0,15.7,True
2079.0,15.3,True
2292.0,15.2,True
2292.0,15.4,True
1925.0,15.7,True
1932.0,16.2,True
1738.0,16.3,True
1690.0,16.3,True
1688.0,16.3,True
1785.0,16.2,True
1957.0,16.2,True
2196.0,15.9,True
2396.0,15.9,True
2506.0,15.9,True
2591.0,16.0,True
2599.0,16.3,True
2691.0,16.8,True
2541.0,17.6,True
2447.0,18.1,True
2350.0,18.4,True
2277.0,17.7,True
2245.0,17.2,True
2342.0,17.0,True
2264.0,17.3,True
2105.0,16.9,True
2092.0,16.6,True
2311.0,16.4,True
2296.0,16.3,True
1924.0,16.3,True
1894.0,14.8,True
1694.0,14.3,True
1609.0,14.0,True
1613.0,13.9,True
1720.0,13.9,True
1886.0,14.0,True
2074.0,13.9,True
2301.0,14.7,True
2374.0,15.4,True
2429.0,16.0,True
2475.0,17.6,True
2606.0,18.3,True
2443.0,19.9,True
2364.0,20.6,True
2274.0,21.0,True
2210.0,21.1,True
2207.0,20.1,True
2272.0,19.1,True
2285.0,18.7,True
2082.0,18.1,True
2096.0,17.4,True
2318.0,16.9,True
2332.0,16.4,True
1955.0,16.2,True
1918.0,15.9,True
1680.0,15.5,True
1625.0,15.2,True
1612.0,14.9,True
1714.0,14.8,True
1867.0,14.7,True
2123.0,14.8,True
2271.0,14.8,True
2414.0,15.0,True
2408.0,15.5,True
2498.0,15.8,True
2609.0,16.3,True
2464.0,15.1,True
2380.0,15.2,True
2300.0,14.7,True
2208.0,14.2,True
2170.0,13.9,True
2263.0,13.9,True
2246.0,14.6,True
2029.0,14.3,True
2059.0,14.1,True
2300.0,13.6,True
2316.0,13.1,True
1944.0,12.7,True
1910.0,11.7,True
1690.0,11.5,True
1628.0,10.8,True
1638.0,10.3,True
1747.0,10.3,True
1908.0,10.5,True
2133.0,11.8,True
2317.0,12.6,True
2369.0,13.9,True
2397.0,15.1,True
2452.0,16.5,True
2572.0,17.2,True
2380.0,17.4,True
2292.0,18.2,True
2221.0,18.3,True
2124.0,16.4,True
2120.0,15.8,True
2147.0,16.4,True
2064.0,15.9,True
2000.0,15.4,True
2027.0,14.4,True
2256.0,13.3,True
2281.0,12.3,True
1960.0,11.6,True
1868.0,11.2,True
1650.0,10.7,True
1514.0,10.2,True
1478.0,9.7,True
1495.0,9.3,True
1524.0,8.9,True
1613.0,11.8,True
1792.0,12.1,True
1921.0,12.7,True
1977.0,13.4,True
2032.0,14.4,True
2194.0,15.8,True
1971.0,17.6,True
1874.0,18.7,True
1789.0,19.6,True
1722.0,20.0,True
1742.0,20.1,True
1823.0,19.6,True
1814.0,18.2,True
1692.0,17.3,True
1763.0,15.6,True
2017.0,14.8,True
2076.0,14.5,True
1764.0,14.2,True
1725.0,13.0,True
1514.0,12.7,True
1396.0,12.5,True
1327.0,12.4,True
1316.0,12.4,True
1326.0,12.3,True
1413.0,11.6,True
1561.0,12.1,True
1728.0,12.7,True
1818.0,13.6,True
1912.0,15.1,True
2069.0,16.9,True
1850.0,18.1,True
1733.0,19.3,True
1640.0,20.5,True
1585.0,20.7,True
1580.0,20.5,True
1707.0,19.7,True
1819.0,18.5,True
1734.0,17.9,True
1795.0,16.6,True
2050.0,15.7,True
2077.0,15.2,True
1748.0,15.0,True
1719.0,15.6,True
1514.0,15.5,True
1459.0,15.3,True
1456.0,15.4,True
1614.0,15.2,True
1759.0,14.9,True
2001.0,15.0,True
2222.0,15.3,True
2337.0,15.1,True
2421.0,15.2,True
2508.0,15.2,True
2608.0,15.6,True
2384.0,17.2,True
2332.0,17.7,True
2226.0,18.4,True
2153.0,19.2,True
2157.0,18.8,True
2256.0,18.9,True
2257.0,17.7,True
2063.0,16.8,True
2020.0,15.7,True
2230.0,14.9,True
2279.0,14.4,True
1923.0,14.2,True
1879.0,14.4,True
1682.0,14.6,True
1612.0,14.6,True
1629.0,14.3,True
1703.0,14.2,True
1858.0,14.2,True
2059.0,14.3,True
2269.0,14.8,True
2352.0,15.8,True
2398.0,17.1,True
2496.0,18.4,True
2601.0,19.3,True
2450.0,20.5,True
2362.0,20.9,True
2304.0,21.3,True
2189.0,20.8,True
2164.0,20.4,True
2247.0,19.6,True
2258.0,19.1,True
2053.0,18.2,True
2090.0,17.3,True
2302.0,16.3,True
2326.0,15.3,True
1937.0,14.4,True
1891.0,14.2,True
1698.0,13.4,True
1619.0,12.8,True
1603.0,12.4,True
1707.0,12.8,True
1880.0,13.0,True
2076.0,12.6,True
2277.0,13.4,True
2377.0,15.3,True
2408.0,17.3,True
2497.0,19.0,True
2612.0,20.5,True
2448.0,21.9,True
2379.0,22.8,True
2271.0,23.6,True
2211.0,24.3,True
2195.0,23.9,True
2255.0,23.4,True
2242.0,23.4,True
2078.0,22.6,True
2107.0,21.6,True
2321.0,20.7,True
2307.0,19.7,True
1947.0,18.9,True
1889.0,18.6,True
1716.0,18.1,True
1616.0,17.9,True
1609.0,17.6,True
1702.0,17.4,True
1855.0,17.3,True
2071.0,17.3,True
2277.0,18.2,True
2405.0,19.3,True
2429.0,20.4,True
2508.0,22.4,True
2623.0,24.2,True
2476.0,24.7,True
2401.0,25.2,True
2301.0,25.3,True
2243.0,25.5,True
2223.0,25.7,True
2294.0,25.6,True
2280.0,27.9,True
2112.0,25.6,True
2140.0,24.3,True
2355.0,23.1,True
2360.0,22.0,True
1968.0,21.1,True
1928.0,19.4,True
1730.0,18.7,True
1647.0,18.0,True
1630.0,17.5,True
1707.0,17.2,True
1877.0,16.8,True
2068.0,16.9,True
2269.0,18.4,True
2346.0,21.1,True
2400.0,23.1,True
2442.0,24.7,True
2564.0,26.1,True
2448.0,26.8,True
2347.0,27.8,True
2223.0,28.3,True
2174.0,28.4,True
2161.0,28.4,True
2188.0,28.0,True
2153.0,26.8,True
1991.0,25.3,True
2069.0,23.0,True
2285.0,20.8,True
2291.0,19.7,True
1894.0,19.0,True
1852.0,18.8,True
1624.0,18.4,True
1522.0,18.0,True
1453.0,17.8,True
1472.0,17.8,True
1488.0,17.9,True
1587.0,18.1,True
1740.0,18.5,True
1873.0,18.9,True
1912.0,20.0,True
2004.0,21.1,True
2177.0,22.3,True
2037.0,22.6,True
1912.0,22.7,True
1844.0,22.0,True
1810.0,20.6,True
1801.0,19.3,True
1916.0,18.7,True
1827.0,17.8,True
1784.0,17.1,True
1803.0,17.0,True
2025.0,17.1,True
2030.0,17.1,True
1694.0,17.3,True
1664.0,16.3,True
1479.0,15.9,True
1386.0,15.5,True
1311.0,14.6,True
1310.0,14.0,True
1285.0,13.6,True
1389.0,15.8,True
1516.0,16.1,True
1634.0,16.6,True
1715.0,17.6,True
1848.0,19.0,True
2020.0,20.1,True
1802.0,21.2,True
1697.0,21.6,True
1583.0,22.1,True
1572.0,22.5,True
1577.0,22.7,True
1721.0,21.7,True
1810.0,21.3,True
1745.0,20.3,True
1787.0,19.1,True
2031.0,18.3,True
2053.0,17.4,True
1694.0,16.7,True
1679.0,15.8,True
1512.0,15.6,True
1451.0,15.7,True
1484.0,16.0,True
1606.0,16.4,True
1771.0,16.5,True
1969.0,16.9,True
2209.0,17.4,True
2331.0,18.3,True
2387.0,19.5,True
2449.0,20.1,True
2596.0,20.8,True
2441.0,23.0,True
2384.0,23.3,True
2276.0,23.8,True
2245.0,22.9,True
2204.0,21.9,True
2286.0,20.8,True
2293.0,20.6,True
2084.0,19.7,True
2100.0,19.0,True
2277.0,18.6,True
2271.0,18.3,True
1916.0,18.2,True
1885.0,17.7,True
1705.0,17.6,True
1633.0,17.5,True
1644.0,17.6,True
1749.0,17.7,True
1892.0,17.3,True
2102.0,17.4,True
2287.0,17.7,True
2394.0,18.1,True
2409.0,19.9,True
2476.0,21.3,True
2568.0,22.5,True
2447.0,22.8,True
2341.0,24.1,True
2260.0,24.6,True
2172.0,25.1,True
2169.0,25.0,True
2243.0,24.3,True
2247.0,22.3,True
2065.0,21.4,True
2089.0,19.5,True
2275.0,17.9,True
2274.0,17.0,True
1894.0,16.3,True
1859.0,15.3,True
1675.0,14.8,True
1595.0,14.5,True
1580.0,14.3,True
1671.0,14.1,True
1854.0,13.9,True
2051.0,14.3,True
2258.0,15.0,True
2381.0,16.0,True
2437.0,17.3,True
2480.0,18.8,True
2585.0,20.2,True
2411.0,22.4,True
2357.0,23.7,True
2239.0,24.5,True
2190.0,25.5,True
2173.0,25.5,True
2230.0,25.3,True
2239.0,24.5,True
2067.0,21.0,True
2095.0,19.2,True
2314.0,18.5,True
2307.0,17.9,True
1920.0,17.5,True
1878.0,17.1,True
1677.0,17.0,True
1618.0,16.8,True
1609.0,16.6,True
1704.0,16.4,True
1885.0,16.4,True
2107.0,16.6,True
2276.0,17.6,True
2414.0,19.1,True
2452.0,20.8,True
2499.0,22.4,True
2590.0,23.6,True
2431.0,20.0,True
2380.0,20.6,True
2298.0,21.2,True
2223.0,22.1,True
2202.0,21.9,True
2314.0,21.2,True
2303.0,20.0,True
2103.0,19.7,True
2129.0,19.3,True
2316.0,18.6,True
2327.0,18.0,True
1945.0,17.6,True
1908.0,17.0,True
1701.0,17.0,True
1651.0,17.0,True
1627.0,17.0,True
1712.0,17.0,True
1852.0,17.2,True
2066.0,17.0,True
2266.0,16.4,True
2369.0,16.6,True
2402.0,17.2,True
2461.0,18.2,True
2576.0,19.8,True
2392.0,20.6,True
2303.0,21.3,True
2213.0,22.2,True
2145.0,22.0,True
2105.0,21.8,True
2170.0,21.1,True
2136.0,18.5,True
1985.0,17.6,True
2007.0,17.0,True
2233.0,16.7,True
2288.0,16.2,True
1897.0,15.7,True
1840.0,15.4,True
1590.0,15.3,True
1482.0,15.1,True
1407.0,15.0,True
1409.0,14.8,True
1456.0,14.6,True
1547.0,14.7,True
1731.0,15.0,True
1870.0,15.4,True
1962.0,16.4,True
1998.0,17.6,True
2201.0,18.2,True
1956.0,19.0,True
1870.0,19.8,True
1772.0,20.4,True
1732.0,20.9,True
1734.0,21.1,True
1826.0,19.2,True
1832.0,18.3,True
1726.0,17.6,True
1803.0,16.6,True
2027.0,15.8,True
2050.0,15.2,True
1707.0,14.6,True
1678.0,14.4,True
1442.0,14.2,True
1328.0,14.1,True
1273.0,13.9,True
1277.0,14.0,True
1289.0,14.0,True
1360.0,13.2,True
1514.0,14.1,True
1661.0,15.9,True
1772.0,17.7,True
1837.0,18.9,True
2001.0,20.0,True
1806.0,21.1,True
1694.0,22.1,True
1647.0,22.6,True
1579.0,23.0,True
1590.0,23.1,True
1720.0,23.0,True
1796.0,23.3,True
1771.0,22.2,True
1881.0,21.1,True
2081.0,20.1,True
2089.0,19.4,True
1693.0,19.2,True
1694.0,18.7,True
1489.0,18.6,True
1384.0,18.6,True
1429.0,18.4,True
1551.0,18.3,True
1725.0,18.2,True
1927.0,17.7,True
2118.0,18.4,True
2254.0,19.7,True
2327.0,21.1,True
2414.0,23.1,True
2560.0,25.6,True
2425.0,27.3,True
2372.0,28.7,True
2304.0,29.6,True
2239.0,30.3,True
2198.0,30.6,True
2258.0,30.4,True
2224.0,28.8,True
2104.0,26.3,True
2153.0,24.4,True
2372.0,23.1,True
2335.0,22.4,True
1940.0,22.0,True
1901.0,21.1,True
1702.0,20.9,True
1617.0,20.9,True
1584.0,20.5,True
1686.0,20.0,True
1822.0,19.6,True
2011.0,19.9,True
2232.0,21.0,True
2338.0,22.9,True
2414.0,25.2,True
2474.0,27.4,True
2578.0,28.7,True
2447.0,29.8,True
2384.0,30.1,True
2307.0,30.2,True
2276.0,30.3,True
2253.0,29.8,True
2290.0,28.5,True
2269.0,26.2,True
2128.0,25.2,True
2174.0,23.8,True
2373.0,22.9,True
2342.0,22.3,True
1937.0,21.9,True
1908.0,20.4,True
1700.0,20.2,True
1615.0,20.2,True
1616.0,20.0,True
1701.0,20.0,True
1847.0,19.8,True
2023.0,20.2,True
2223.0,21.9,True
2324.0,23.7,True
2424.0,26.0,True
2489.0,28.0,True
2611.0,29.6,True
2451.0,33.5,True
2410.0,34.3,True
2321.0,35.0,True
2264.0,35.3,True
2232.0,35.0,True
2277.0,33.0,True
2277.0,28.7,True
2084.0,27.4,True
2158.0,26.2,True
2358.0,25.4,True
2344.0,24.4,True
1925.0,23.9,True
1893.0,22.3,True
1697.0,22.1,True
1621.0,21.8,True
1614.0,21.3,True
1694.0,20.9,True
1858.0,20.5,True
2041.0,19.2,True
2208.0,20.1,True
2317.0,21.3,True
2354.0,22.6,True
2386.0,23.7,True
2558.0,25.1,True
2423.0,28.5,True
2350.0,29.7,True
2266.0,30.5,True
2206.0,30.3,True
2189.0,27.1,True
2223.0,27.1,True
2187.0,24.3,True
2047.0,23.8,True
2093.0,22.6,True
2295.0,21.1,True
2257.0,19.9,True
1877.0,19.3,True
1860.0,18.7,True
1673.0,17.8,True
1594.0,17.3,True
1559.0,17.0,True
1666.0,16.8,True
1805.0,16.5,True
1988.0,17.7,True
2140.0,18.3,True
2245.0,19.6,True
2285.0,21.2,True
2337.0,22.8,True
2468.0,24.0,True
2297.0,26.9,True
2229.0,28.3,True
2170.0,29.0,True
2056.0,29.7,True
2097.0,29.3,True
2122.0,26.8,True
2072.0,25.9,True
1967.0,24.2,True
2022.0,22.1,True
2244.0,20.7,True
2211.0,19.8,True
1836.0,19.1,True
1804.0,19.0,True
1587.0,18.6,True
1492.0,18.1,True
1442.0,18.3,True
1441.0,18.5,True
1476.0,18.6,True
1552.0,18.1,True
1701.0,18.7,True
1835.0,19.8,True
1916.0,21.2,True
1965.0,21.5,True
2159.0,21.5,True
1948.0,24.0,True
1879.0,23.6,True
1796.0,23.9,True
1757.0,23.7,True
1797.0,23.3,True
1848.0,22.7,True
1862.0,21.4,True
1742.0,21.0,True
1818.0,20.4,True
2006.0,19.8,True
2019.0,19.4,True
1655.0,19.1,True
1633.0,17.2,True
1444.0,17.3,True
1345.0,17.3,True
1288.0,17.3,True
1275.0,17.1,True
1271.0,17.0,True
1357.0,18.2,True
1500.0,18.6,True
1650.0,18.8,True
1734.0,19.7,True
1804.0,21.5,True
1962.0,23.9,True
1785.0,24.0,True
1700.0,25.2,True
1633.0,25.4,True
1579.0,25.3,True
1591.0,25.3,True
1698.0,25.2,True
1758.0,24.0,True
1743.0,22.8,True
1820.0,20.9,True
2037.0,19.5,True
2018.0,18.2,True
1667.0,17.2,True
1642.0,16.4,True
1464.0,15.8,True
1397.0,15.2,True
1425.0,14.8,True
1521.0,14.3,True
1644.0,13.8,True
1811.0,14.0,True
2019.0,15.3,True
2120.0,17.4,True
2194.0,19.2,True
2227.0,20.6,True
2441.0,22.5,True
2257.0,23.5,True
2205.0,24.7,True
2132.0,25.2,True
2085.0,25.1,True
2064.0,24.3,True
2136.0,23.7,True
2163.0,22.2,True
2017.0,21.2,True
2077.0,19.7,True
2252.0,18.7,True
2225.0,18.2,True
1837.0,17.8,True
1827.0,17.6,True
1655.0,17.7,True
1552.0,17.7,True
1553.0,18.0,True
1645.0,18.2,True
1757.0,18.1,True
1926.0,17.6,True
2106.0,18.0,True
2250.0,18.8,True
2281.0,19.5,True
2375.0,20.0,True
2501.0,20.3,True
2335.0,16.9,True
2245.0,17.0,True
2159.0,17.8,True
2090.0,18.6,True
2076.0,19.8,True
2140.0,20.4,True
2147.0,20.9,True
1998.0,19.6,True
2058.0,18.8,True
2243.0,18.1,True
2215.0,17.3,True
1831.0,16.9,True
1813.0,15.8,True
1625.0,14.8,True
1564.0,14.0,True
1535.0,13.4,True
1632.0,13.0,True
1736.0,12.7,True
1876.0,13.3,True
2066.0,14.0,True
2196.0,15.8,True
2240.0,18.3,True
2263.0,19.6,True
2421.0,19.6,True
2268.0,21.2,True
2175.0,21.7,True
2121.0,22.0,True
2041.0,22.5,True
2056.0,22.2,True
2145.0,22.2,True
2183.0,21.0,True
2015.0,19.6,True
2078.0,18.7,True
2264.0,18.3,True
2245.0,17.4,True
1837.0,16.9,True
1805.0,15.3,True
1641.0,14.7,True
1548.0,14.2,True
1543.0,13.9,True
1614.0,13.7,True
1764.0,13.2,True
1886.0,14.9,True
2082.0,16.1,True
2187.0,17.6,True
2236.0,19.2,True
2327.0,20.8,True
2482.0,22.3,True
2300.0,23.1,True
2214.0,24.2,True
2148.0,24.7,True
2100.0,24.7,True
2080.0,24.4,True
2190.0,23.6,True
2159.0,21.6,True
2015.0,20.3,True
2082.0,19.3,True
2276.0,18.7,True
2266.0,18.5,True
1881.0,18.3,True
1863.0,17.8,True
1687.0,17.7,True
1578.0,17.7,True
1629.0,17.7,True
1691.0,17.9,True
1818.0,18.1,True
1980.0,17.8,True
2141.0,18.3,True
2278.0,18.9,True
2342.0,20.3,True
2390.0,21.7,True
2543.0,22.5,True
2330.0,23.1,True
2248.0,24.5,True
2139.0,25.5,True
2081.0,26.2,True
2073.0,26.5,True
2118.0,26.3,True
2094.0,24.1,True
1963.0,22.0,True
2068.0,19.8,True
2227.0,18.5,True
2219.0,17.5,True
1844.0,16.8,True
1801.0,16.4,True
1592.0,16.0,True
1489.0,15.6,True
1439.0,15.2,True
1452.0,14.9,True
1498.0,14.6,True
1554.0,14.7,True
1704.0,15.9,True
1849.0,17.8,True
1916.0,19.6,True
1968.0,21.6,True
2135.0,23.4,True
1968.0,26.2,True
1885.0,27.7,True
1811.0,28.6,True
1753.0,29.3,True
1788.0,29.6,True
1835.0,30.1,True
1826.0,25.2,True
1801.0,23.0,True
1850.0,21.1,True
2046.0,19.9,True
2049.0,19.1,True
1683.0,18.5,True
1651.0,17.9,True
1436.0,17.6,True
1307.0,17.5,True
1237.0,17.6,True
1246.0,17.5,True
1263.0,17.7,True
1318.0,17.8,True
1538.0,19.5,True
1698.0,22.1,True
1741.0,25.2,True
1859.0,28.0,True
2001.0,30.5,True
1836.0,32.3,True
1773.0,33.8,True
1698.0,34.7,True
1657.0,35.2,True
1714.0,35.3,True
1803.0,35.0,True
1887.0,33.8,True
1829.0,32.4,True
1908.0,30.4,True
2117.0,28.8,True
2155.0,27.7,True
1763.0,27.0,True
1743.0,26.3,True
1544.0,26.1,True
1484.0,25.4,True
1523.0,24.7,True
1602.0,23.6,True
1742.0,22.8,True
1928.0,21.8,True
2044.0,22.0,True
2172.0,22.5,True
2266.0,24.1,True
2338.0,24.8,True
2498.0,25.1,True
2317.0,28.2,True
2254.0,29.4,True
2140.0,30.1,True
2089.0,30.8,True
2103.0,30.2,True
2147.0,29.5,True
2151.0,28.2,True
2034.0,25.6,True
2097.0,22.9,True
2251.0,21.6,True
2249.0,20.9,True
1850.0,20.4,True
1836.0,19.6,True
1649.0,19.2,True
1568.0,19.2,True
1562.0,18.9,True
1636.0,18.8,True
1760.0,18.3,True
1886.0,17.6,True
2082.0,18.1,True
2180.0,19.1,True
2220.0,20.5,True
2308.0,22.5,True
2462.0,23.4,True
2289.0,22.7,True
2202.0,23.9,True
2128.0,23.2,True
2072.0,22.2,True
2099.0,21.3,True
2174.0,21.4,True
2175.0,18.2,True
2039.0,17.1,True
2092.0,16.8,True
2257.0,16.9,True
2235.0,17.2,True
1862.0,17.2,True
1838.0,18.0,True
1643.0,18.1,True
1562.0,18.1,True
1561.0,18.1,True
1620.0,18.2,True
1764.0,18.2,True
1906.0,18.0,True
2076.0,18.0,True
2140.0,17.8,True
2206.0,18.2,True
2276.0,19.0,True
2426.0,20.2,True
2205.0,22.4,True
2184.0,23.1,True
2051.0,23.2,True
2004.0,23.2,True
1999.0,22.8,True
2081.0,22.1,True
2069.0,19.8,True
1939.0,18.7,True
2051.0,17.5,True
2198.0,16.5,True
2207.0,15.6,True
1819.0,14.6,True
1807.0,14.1,True
1595.0,13.5,True
1491.0,12.9,True
1430.0,12.5,True
1453.0,12.4,True
1477.0,12.4,True
1545.0,12.8,True
1672.0,14.0,True
1783.0,15.9,True
1868.0,17.5,True
1951.0,19.3,True
2146.0,20.9,True
1912.0,22.1,True
1863.0,22.9,True
1778.0,23.1,True
1777.0,23.1,True
1760.0,22.6,True
1902.0,21.7,True
1932.0,21.5,True
1843.0,20.3,True
1960.0,19.2,True
2139.0,18.3,True
2139.0,17.9,True
1783.0,17.9,True
1761.0,18.0,True
1575.0,17.9,True
1506.0,17.9,True
1504.0,17.9,True
1587.0,18.0,True
1697.0,18.0,True
1834.0,18.0,True
1966.0,18.2,True
2120.0,18.6,True
2183.0,19.2,True
2282.0,20.5,True
2425.0,21.4,True
2212.0,20.5,True
2166.0,21.8,True
2071.0,23.0,True
2010.0,22.4,True
2027.0,21.7,True
2075.0,19.9,True
2095.0,20.2,True
1962.0,19.4,True
2039.0,18.9,True
2196.0,18.6,True
2195.0,18.6,True
1825.0,18.6,True
1779.0,18.5,True
1567.0,18.4,True
1479.0,18.2,True
1422.0,17.5,True
1438.0,17.1,True
1485.0,16.8,True
1552.0,15.3,True
1706.0,15.6,True
1805.0,16.5,True
1895.0,17.3,True
1956.0,18.4,True
2146.0,19.6,True
1948.0,20.9,True
1857.0,22.0,True
1757.0,23.0,True
1713.0,23.7,True
1734.0,23.3,True
1804.0,21.7,True
1719.0,20.4,True
1717.0,18.1,True
1811.0,17.1,True
1979.0,16.3,True
2008.0,16.0,True
1669.0,15.8,True
1650.0,15.3,True
1453.0,14.5,True
1345.0,13.9,True
1276.0,13.4,True
1283.0,13.0,True
1316.0,12.8,True
1368.0,12.2,True
1495.0,13.5,True
1626.0,15.7,True
1733.0,17.6,True
1818.0,19.0,True
1995.0,20.2,True
1797.0,21.8,True
1694.0,22.2,True
1619.0,22.7,True
1569.0,22.8,True
1615.0,22.7,True
1704.0,22.3,True
1774.0,21.9,True
1719.0,20.6,True
1853.0,18.9,True
1980.0,17.5,True
2005.0,16.4,True
1672.0,15.4,True
1623.0,14.5,True
1472.0,13.9,True
1386.0,13.3,True
1388.0,12.9,True
1523.0,12.5,True
1710.0,12.2,True
1869.0,12.5,True
2036.0,13.5,True
2146.0,15.0,True
2199.0,17.0,True
2271.0,19.1,True
2455.0,20.7,True
2312.0,22.3,True
2197.0,22.6,True
2104.0,22.6,True
2042.0,22.9,True
2044.0,22.3,True
2145.0,21.5,True
2189.0,20.0,True
2064.0,18.9,True
2095.0,17.9,True
2246.0,17.2,True
2253.0,17.0,True
1905.0,16.9,True
1871.0,17.8,True
1714.0,17.8,True
1612.0,17.9,True
1610.0,18.0,True
1666.0,17.5,True
1845.0,17.1,True
1983.0,18.0,True
2165.0,17.7,True
2285.0,18.0,True
2338.0,18.4,True
2396.0,19.7,True
2515.0,21.4,True
2326.0,21.9,True
2256.0,21.9,True
2194.0,21.8,True
2100.0,21.8,True
2094.0,20.1,True
2177.0,19.4,True
2176.0,18.8,True
2037.0,17.5,True
2124.0,16.5,True
2241.0,15.6,True
2234.0,14.8,True
1872.0,14.1,True
1858.0,12.5,True
1671.0,12.2,True
1601.0,11.9,True
1588.0,11.6,True
1691.0,11.7,True
1819.0,11.4,True
1965.0,11.0,True
2117.0,12.5,True
2247.0,14.6,True
2258.0,16.5,True
2338.0,17.7,True
2494.0,18.8,True
2317.0,19.7,True
2243.0,20.3,True
2134.0,20.7,True
2071.0,20.9,True
2094.0,20.1,True
2172.0,19.6,True
2162.0,18.3,True
2023.0,16.9,True
2125.0,15.5,True
2275.0,14.4,True
2263.0,13.6,True
1879.0,12.9,True
1876.0,12.7,True
1664.0,12.2,True
1605.0,11.9,True
1610.0,11.6,True
1699.0,11.5,True
1868.0,11.2,True
1974.0,12.2,True
2162.0,13.6,True
2293.0,15.9,True
2334.0,18.2,True
2433.0,20.0,True
2519.0,20.0,True
2365.0,21.5,True
2295.0,22.0,True
2208.0,21.9,True
2189.0,21.5,True
2166.0,20.7,True
2260.0,19.6,True
2265.0,19.0,True
2091.0,18.3,True
2156.0,17.8,True
2296.0,17.6,True
2299.0,17.7,True
1916.0,18.0,True
1897.0,18.6,True
1717.0,18.2,True
1648.0,17.9,True
1627.0,17.4,True
1707.0,17.1,True
1880.0,16.9,True
2031.0,17.1,True
2199.0,17.6,True
2340.0,18.1,True
2389.0,18.8,True
2468.0,20.2,True
2574.0,20.7,True
2377.0,21.9,True
2296.0,22.3,True
2181.0,21.7,True
2112.0,21.5,True
2105.0,21.1,True
2205.0,20.4,True
2178.0,19.5,True
2025.0,19.3,True
2120.0,19.1,True
2246.0,18.9,True
2244.0,19.1,True
1867.0,19.0,True
1778.0,19.2,True
1656.0,19.1,True
1538.0,19.1,True
1471.0,16.3,True
1471.0,15.6,True
1534.0,15.4,True
1612.0,19.0,True
1795.0,19.2,True
1951.0,18.9,True
2020.0,16.1,True
2104.0,15.6,True
2233.0,16.0,True
2007.0,17.0,True
1920.0,19.4,True
1819.0,20.0,True
1782.0,19.7,True
1786.0,18.3,True
1880.0,17.8,True
1863.0,16.6,True
1759.0,15.3,True
1873.0,14.2,True
2017.0,13.5,True
2068.0,12.8,True
1725.0,12.2,True
1700.0,11.8,True
1494.0,11.4,True
1399.0,11.2,True
1340.0,10.9,True
1343.0,10.6,True
1383.0,10.2,True
1443.0,10.3,True
1561.0,11.8,True
1702.0,13.9,True
1791.0,16.1,True
1886.0,17.3,True
2064.0,18.1,True
1820.0,18.3,True
1707.0,18.4,True
1636.0,18.6,True
1588.0,18.3,True
1629.0,17.8,True
1752.0,17.4,True
1829.0,17.1,True
1776.0,15.9,True
1842.0,14.7,True
2017.0,13.8,True
2042.0,13.2,True
1722.0,12.8,True
1696.0,12.8,True
1516.0,12.7,True
1445.0,12.4,True
1484.0,12.1,True
1611.0,12.0,True
1838.0,11.8,True
1981.0,12.5,True
2172.0,13.8,True
2284.0,15.8,True
2319.0,17.9,True
2410.0,19.2,True
2550.0,19.9,True
2392.0,20.7,True
2291.0,21.0,True
2173.0,21.4,True
2160.0,21.0,True
2117.0,21.0,True
2229.0,20.4,True
2237.0,19.6,True
2070.0,18.1,True
2138.0,16.5,True
2266.0,15.3,True
2278.0,14.3,True
1911.0,13.6,True
1887.0,13.0,True
1694.0,12.6,True
1609.0,12.2,True
1590.0,12.1,True
1701.0,11.8,True
1911.0,12.0,True
2088.0,12.4,True
2231.0,13.9,True
2337.0,15.8,True
2355.0,17.9,True
2455.0,19.9,True
2586.0,21.6,True
2428.0,23.7,True
2366.0,24.8,True
2266.0,25.3,True
2213.0,25.6,True
2176.0,25.6,True
2262.0,25.1,True
2240.0,23.4,True
2106.0,21.3,True
2183.0,19.5,True
2288.0,18.1,True
2285.0,17.0,True
1913.0,16.3,True
1875.0,15.7,True
1694.0,15.0,True
1604.0,14.4,True
1599.0,14.0,True
1699.0,13.7,True
1889.0,13.5,True
2071.0,14.1,True
2241.0,15.1,True
2351.0,17.2,True
2392.0,19.4,True
2480.0,20.5,True
2594.0,21.8,True
2465.0,24.7,True
2380.0,25.6,True
2282.0,25.3,True
2263.0,24.5,True
2223.0,24.3,True
2260.0,23.9,True
2227.0,23.4,True
2137.0,21.0,True
2204.0,19.2,True
2305.0,17.9,True
2303.0,16.7,True
1956.0,16.3,True
1900.0,15.6,True
1736.0,14.7,True
1642.0,14.0,True
1643.0,13.8,True
1676.0,14.0,True
1937.0,14.4,True
2107.0,14.9,True
2270.0,15.6,True
2359.0,16.6,True
2386.0,17.9,True
2465.0,19.0,True
2575.0,20.3,True
2436.0,21.7,True
2365.0,22.6,True
2287.0,23.0,True
2220.0,23.5,True
2123.0,23.7,True
2240.0,21.4,True
2211.0,19.7,True
2068.0,18.4,True
2158.0,17.5,True
2251.0,16.6,True
2264.0,15.8,True
1912.0,15.4,True
1925.0,14.7,True
1692.0,14.5,True
1620.0,14.5,True
1622.0,14.5,True
1708.0,14.5,True
1868.0,14.6,True
2049.0,14.4,True
2246.0,15.0,True
2343.0,16.4,True
2380.0,18.0,True
2435.0,19.4,True
2568.0,20.6,True
2402.0,20.5,True
2304.0,20.1,True
2213.0,19.1,True
2114.0,18.7,True
2152.0,18.6,True
2203.0,18.7,True
2151.0,16.8,True
2051.0,15.3,True
2101.0,14.8,True
2217.0,14.6,True
2235.0,14.5,True
1898.0,14.6,True
1841.0,15.4,True
1631.0,15.3,True
1522.0,15.0,True
1450.0,14.8,True
1465.0,14.8,True
1532.0,14.8,True
1574.0,15.3,True
1759.0,15.5,True
1869.0,15.8,True
1915.0,16.6,True
2018.0,17.3,True
2186.0,18.3,True
1982.0,20.3,True
1887.0,21.4,True
1824.0,22.5,True
1777.0,23.2,True
1758.0,23.5,True
1857.0,23.5,True
1853.0,23.0,True
1771.0,21.7,True
1865.0,20.5,True
2001.0,19.8,True
2052.0,19.4,True
1760.0,19.3,True
1701.0,19.1,True
1500.0,18.9,True
1396.0,19.0,True
1351.0,18.9,True
1333.0,19.0,True
1375.0,18.7,True
1421.0,18.2,True
1545.0,18.6,True
1701.0,18.9,True
1813.0,19.2,True
1967.0,19.9,True
2143.0,20.4,True
1911.0,23.6,True
1796.0,24.3,True
1704.0,24.7,True
1677.0,24.8,True
1693.0,23.3,True
1754.0,21.7,True
1863.0,22.1,True
1829.0,20.9,True
1851.0,20.2,True
1976.0,19.5,True
2026.0,18.7,False
1739.0,17.7,False
1703.0,17.6,False
1552.0,17.5,False
1478.0,17.2,False
1493.0,16.1,False
1593.0,16.0,False
1896.0,16.1,False
2126.0,15.8,False
2285.0,16.2,False
2353.0,16.8,False
2390.0,17.0,False
2484.0,17.0,False
2593.0,17.2,False
2443.0,18.6,False
2360.0,20.4,False
2281.0,20.4,False
2105.0,20.3,False
2168.0,20.0,False
2252.0,19.4,False
2277.0,18.5,False
2108.0,16.8,False
2145.0,15.8,False
2223.0,15.6,False
2235.0,15.3,False
1890.0,15.1,False
1884.0,15.2,False
1698.0,15.4,False
1616.0,15.4,False
1636.0,15.6,False
1702.0,15.5,False
2016.0,15.3,False
2198.0,14.4,False
2360.0,14.6,False
2424.0,15.0,False
2473.0,16.0,False
2474.0,17.0,False
2582.0,17.7,False
2419.0,19.0,False
2356.0,19.6,False
2267.0,19.7,False
2175.0,18.9,False
2131.0,17.4,False
2239.0,16.9,False
2265.0,18.5,False
2113.0,17.3,False
2145.0,16.3,False
2238.0,15.0,False
2220.0,13.9,False
1867.0,13.3,False
1889.0,12.1,False
1705.0,11.9,False
1623.0,12.0,False
1646.0,12.4,False
1685.0,13.0,False
1991.0,13.4,False
2145.0,13.0,False
2329.0,13.7,False
2403.0,15.0,False
2383.0,16.0,False
2456.0,17.3,False
2592.0,18.1,False
2417.0,18.4,False
2314.0,18.8,False
2221.0,18.4,False
2154.0,17.3,False
2138.0,16.9,False
2264.0,16.5,False
2248.0,15.3,False
2092.0,14.4,False
2137.0,13.8,False
2217.0,13.1,False
2228.0,12.4,False
1924.0,11.9,False
1889.0,12.1,False
1689.0,12.0,False
1604.0,11.3,False
1616.0,10.6,False
1711.0,10.1,False
2006.0,9.8,False
2207.0,9.4,False
2354.0,10.5,False
2410.0,12.4,False
2433.0,14.1,False
2520.0,14.5,False
2579.0,14.7,False
2433.0,13.2,False
2352.0,14.2,False
2205.0,15.6,False
2193.0,16.8,False
2169.0,17.4,False
2251.0,17.5,False
2223.0,16.2,False
2111.0,14.8,False
2141.0,13.8,False
2246.0,13.1,False
2297.0,12.7,False
1914.0,12.4,False
1889.0,12.3,False
1721.0,12.0,False
1654.0,11.7,False
1653.0,11.4,False
1771.0,11.2,False
1982.0,10.8,False
2188.0,11.5,False
2368.0,11.8,False
2429.0,12.5,False
2435.0,13.6,False
2495.0,15.4,False
2607.0,17.0,False
2445.0,14.5,False
2371.0,16.1,False
2231.0,17.2,False
2126.0,17.6,False
2067.0,18.0,False
2188.0,17.6,False
2177.0,14.8,False
2120.0,13.7,False
2106.0,12.8,False
2249.0,12.3,False
2224.0,11.8,False
1869.0,11.6,False
1901.0,13.0,False
1649.0,12.3,False
1545.0,12.4,False
1468.0,12.1,False
1498.0,12.0,False
1543.0,11.9,False
1622.0,11.7,False
1788.0,12.2,False
1912.0,13.5,False
1947.0,16.1,False
2037.0,18.1,False
2219.0,19.2,False
2018.0,18.3,False
1915.0,18.6,False
1794.0,18.2,False
1737.0,17.2,False
1787.0,16.7,False
1858.0,16.1,False
1878.0,16.6,False
1801.0,15.5,False
1862.0,14.7,False
1998.0,14.4,False
2028.0,14.2,False
1706.0,14.2,False
1655.0,13.5,False
1491.0,13.1,False
1400.0,12.9,False
1324.0,12.8,False
1342.0,12.9,False
1380.0,13.1,False
1419.0,14.1,False
1568.0,14.3,False
1714.0,14.7,False
1848.0,15.3,False
1974.0,15.6,False
2193.0,16.3,False
1938.0,14.9,False
1821.0,14.7,False
1758.0,14.4,False
1717.0,14.5,False
1790.0,14.6,False
1947.0,14.9,False
1943.0,14.9,False
1874.0,15.5,False
1889.0,15.8,False
2043.0,15.6,False
2062.0,15.4,False
1773.0,15.3,False
1745.0,14.9,False
1561.0,14.7,False
1499.0,14.6,False
1525.0,14.7,False
1691.0,15.0,False
1972.0,14.7,False
2220.0,14.7,False
2369.0,14.6,False
2428.0,15.0,False
2448.0,15.4,False
2500.0,16.2,False
2581.0,16.9,False
2424.0,17.9,False
2361.0,18.1,False
2269.0,18.1,False
2193.0,18.0,False
2190.0,17.1,False
2326.0,16.2,False
2279.0,15.2,False
2173.0,13.9,False
2161.0,12.8,False
2291.0,11.8,False
2284.0,11.0,False
1912.0,10.4,False
1899.0,10.6,False
1701.0,10.2,False
1664.0,10.0,False
1674.0,9.9,False
1778.0,9.8,False
2101.0,9.8,False
2307.0,9.5,False
2468.0,10.4,False
2513.0,12.1,False
2508.0,14.3,False
2569.0,16.2,False
2650.0,17.6,False
2502.0,18.9,False
2376.0,19.0,False
2320.0,18.8,False
2242.0,18.7,False
2244.0,18.2,False
2357.0,17.4,False
2363.0,16.8,False
2231.0,16.5,False
2193.0,16.2,False
2307.0,16.0,False
2328.0,15.8,False
1977.0,15.7,False
1929.0,15.3,False
1756.0,15.1,False
1652.0,14.7,False
1762.0,14.0,False
1766.0,13.7,False
2064.0,13.5,False
2282.0,13.4,False
2418.0,13.1,False
2440.0,13.1,False
2442.0,13.0,False
2528.0,13.4,False
2637.0,13.9,False
2467.0,15.5,False
2381.0,15.5,False
2276.0,15.8,False
2204.0,15.8,False
2192.0,15.4,False
2320.0,14.7,False
2331.0,13.6,False
2240.0,12.9,False
2182.0,12.2,False
2304.0,11.8,False
2319.0,11.4,False
1996.0,11.2,False
1947.0,9.9,False
1807.0,9.9,False
1720.0,9.8,False
1700.0,9.7,False
1858.0,9.8,False
2119.0,9.4,False
2335.0,8.9,False
2479.0,9.3,False
2528.0,11.0,False
2502.0,12.9,False
2504.0,14.1,False
2610.0,15.1,False
2481.0,15.3,False
2392.0,14.6,False
2264.0,15.2,False
2189.0,15.4,False
2155.0,14.5,False
2344.0,14.2,False
2337.0,13.3,False
2223.0,12.3,False
2209.0,11.4,False
2312.0,10.5,False
2357.0,9.8,False
2006.0,9.1,False
1989.0,9.1,False
1815.0,8.5,False
1740.0,8.4,False
1756.0,8.4,False
1855.0,8.1,False
2150.0,7.6,False
2412.0,7.4,False
2544.0,7.8,False
2550.0,9.8,False
2500.0,12.3,False
2501.0,13.9,False
2618.0,14.3,False
2435.0,15.2,False
2320.0,14.4,False
2214.0,15.2,False
2089.0,15.8,False
2083.0,15.8,False
2168.0,15.1,False
2184.0,13.5,False
2148.0,11.8,False
2165.0,10.5,False
2291.0,9.5,False
2321.0,8.6,False
1978.0,7.9,False
1942.0,7.8,False
1748.0,7.8,False
1636.0,7.6,False
1581.0,7.7,False
1616.0,7.7,False
1704.0,7.7,False
1799.0,7.1,False
1909.0,7.7,False
2002.0,9.9,False
2017.0,12.0,False
2066.0,13.6,False
2240.0,15.0,False
2009.0,16.0,False
1899.0,16.9,False
1829.0,17.3,False
1766.0,17.5,False
1769.0,17.2,False
1843.0,16.5,False
1862.0,15.9,False
1869.0,13.9,False
1879.0,12.6,False
2056.0,11.4,False
2121.0,10.8,False
1816.0,10.3,False
1783.0,8.4,False
1589.0,7.6,False
1472.0,7.2,False
1420.0,7.0,False
1419.0,6.7,False
1501.0,6.5,False
1553.0,6.1,False
1686.0,6.7,False
1780.0,8.6,False
1861.0,11.8,False
1968.0,14.3,False
2118.0,16.1,False
1883.0,17.1,False
1760.0,17.7,False
1655.0,18.2,False
1604.0,18.4,False
1668.0,18.3,False
1841.0,17.9,False
1910.0,16.1,False
1905.0,14.2,False
1867.0,13.0,False
2019.0,12.0,False
2079.0,11.3,False
1786.0,10.7,False
1787.0,11.0,False
1607.0,10.6,False
1543.0,10.2,False
1545.0,9.9,False
1701.0,10.2,False
2027.0,10.7,False
2271.0,10.6,False
2402.0,11.1,False
2443.0,11.7,False
2421.0,12.9,False
2466.0,14.8,False
2582.0,15.9,False
2454.0,17.4,False
2359.0,18.4,False
2249.0,19.1,False
2182.0,18.9,False
2170.0,18.5,False
2217.0,17.8,False
2274.0,16.9,False
2188.0,15.5,False
2164.0,14.6,False
2287.0,14.5,False
2311.0,14.1,False
1996.0,13.6,False
1936.0,12.8,False
1761.0,12.3,False
1708.0,12.1,False
1688.0,12.2,False
1810.0,12.4,False
2127.0,12.4,False
2338.0,12.3,False
2429.0,12.6,False
2443.0,13.8,False
2417.0,15.5,False
2493.0,17.0,False
2626.0,18.2,False
2473.0,19.6,False
2370.0,20.3,False
2286.0,20.6,False
2213.0,20.3,False
2176.0,20.0,False
2299.0,19.2,False
2316.0,17.6,False
2238.0,16.7,False
2178.0,16.1,False
2293.0,15.5,False
2288.0,15.0,False
1973.0,14.6,False
1947.0,14.6,False
1764.0,14.4,False
1694.0,14.2,False
1689.0,14.0,False
1792.0,13.8,False
2070.0,13.6,False
2236.0,13.1,False
2412.0,13.5,False
2441.0,14.9,False
2426.0,16.6,False
2494.0,18.4,False
2603.0,20.1,False
2463.0,21.5,False
2375.0,22.0,False
2315.0,22.3,False
2261.0,22.4,False
2244.0,22.0,False
2339.0,21.1,False
2340.0,19.5,False
2259.0,18.3,False
2189.0,17.7,False
2296.0,17.2,False
2309.0,16.7,False
1980.0,16.2,False
1958.0,16.3,False
1773.0,16.0,False
1683.0,15.7,False
1681.0,15.6,False
1791.0,15.2,False
2064.0,14.7,False
2287.0,14.1,False
2401.0,14.3,False
2412.0,15.6,False
2417.0,17.5,False
2476.0,19.0,False
2591.0,20.3,False
2433.0,21.7,False
2385.0,22.4,False
2260.0,22.7,False
2216.0,22.7,False
2220.0,22.5,False
2302.0,22.0,False
2291.0,20.9,False
2220.0,19.5,False
2169.0,18.0,False
2277.0,17.5,False
2267.0,17.0,False
1946.0,16.7,False
1926.0,16.6,False
1754.0,16.1,False
1672.0,15.8,False
1673.0,15.4,False
1782.0,15.1,False
2062.0,14.7,False
2256.0,14.4,False
2404.0,14.4,False
2430.0,15.6,False
2409.0,17.1,False
2456.0,18.6,False
2580.0,20.1,False
2413.0,21.6,False
2345.0,22.0,False
2217.0,22.1,False
2113.0,21.9,False
2148.0,21.4,False
2192.0,20.7,False
2181.0,19.2,False
2129.0,17.0,False
2109.0,16.0,False
2229.0,15.6,False
2233.0,15.2,False
1854.0,14.8,False
1812.0,15.0,False
1607.0,14.5,False
1499.0,14.2,False
1442.0,14.0,False
1458.0,14.4,False
1546.0,14.1,False
1613.0,13.0,False
1737.0,13.4,False
1879.0,14.5,False
1926.0,15.4,False
2015.0,17.1,False
2198.0,18.3,False
2015.0,18.1,False
1920.0,17.5,False
1824.0,18.4,False
1773.0,18.1,False
1808.0,17.3,False
1916.0,16.6,False
1914.0,16.0,False
1856.0,15.8,False
1854.0,15.7,False
2011.0,15.6,False
2059.0,15.5,False
1746.0,15.5,False
1698.0,15.3,False
1502.0,15.3,False
1400.0,15.3,False
1338.0,15.2,False
1328.0,15.1,False
1393.0,15.0,False
1456.0,15.1,False
1573.0,15.2,False
1709.0,15.4,False
1835.0,15.7,False
1972.0,16.3,False
2129.0,17.5,False
1851.0,18.4,False
1761.0,18.6,False
1647.0,18.9,False
1622.0,18.8,False
1658.0,18.2,False
1827.0,16.8,False
1918.0,15.9,False
1901.0,14.9,False
1849.0,14.3,False
2007.0,13.5,False
2050.0,13.1,False
1731.0,13.3,False
1716.0,13.6,False
1534.0,13.3,False
1486.0,13.2,False
1501.0,12.9,False
1661.0,12.5,False
1956.0,12.9,False
2220.0,12.5,False
2361.0,12.8,False
2400.0,13.0,False
2435.0,13.6,False
2500.0,14.3,False
2608.0,14.4,False
2437.0,14.9,False
2354.0,15.1,False
2252.0,15.8,False
2204.0,15.9,False
2191.0,15.8,False
2361.0,15.5,False
2331.0,15.5,False
2215.0,15.0,False
2135.0,14.4,False
2252.0,13.9,False
2254.0,13.6,False
1918.0,13.4,False
1895.0,13.3,False
1700.0,13.2,False
1652.0,13.1,False
1649.0,12.9,False
1766.0,12.7,False
2092.0,12.3,False
2363.0,13.2,False
2462.0,13.2,False
2493.0,13.6,False
2505.0,14.2,False
2551.0,15.1,False
2644.0,16.3,False
2460.0,17.2,False
2348.0,18.2,False
2259.0,18.4,False
2193.0,18.7,False
2202.0,18.0,False
2317.0,17.5,False
2358.0,15.6,False
2240.0,14.6,False
2174.0,13.8,False
2284.0,13.4,False
2281.0,13.2,False
1931.0,13.1,False
1919.0,12.6,False
1711.0,12.6,False
1666.0,12.5,False
1657.0,12.3,False
1778.0,12.2,False
2074.0,12.2,False
2302.0,12.9,False
2445.0,13.2,False
2507.0,13.7,False
2508.0,14.1,False
2573.0,14.7,False
2689.0,15.0,False
2582.0,14.7,False
2463.0,15.3,False
2376.0,15.7,False
2322.0,15.9,False
2301.0,15.5,False
2462.0,15.3,False
2422.0,16.0,False
2296.0,15.2,False
2199.0,14.2,False
2306.0,13.9,False
2319.0,13.2,False
1974.0,12.3,False
1948.0,13.8,False
1778.0,14.1,False
1698.0,14.6,False
1693.0,14.8,False
1805.0,14.9,False
2133.0,15.0,False
2335.0,14.7,False
2432.0,14.8,False
2471.0,14.8,False
2471.0,15.2,False
2537.0,16.5,False
2623.0,17.6,False
2494.0,17.8,False
2387.0,17.6,False
2296.0,17.0,False
2226.0,16.2,False
2220.0,15.2,False
2354.0,14.2,False
2361.0,13.7,False
2255.0,12.9,False
2204.0,12.1,False
2309.0,11.7,False
2317.0,11.2,False
1997.0,11.0,False
1990.0,10.3,False
1818.0,10.0,False
1753.0,9.8,False
1745.0,9.8,False
1838.0,9.6,False
2157.0,9.5,False
2429.0,9.0,False
2555.0,9.0,False
2639.0,10.4,False
2588.0,12.3,False
2670.0,13.2,False
2706.0,13.9,False
2512.0,12.9,False
2409.0,13.1,False
2305.0,14.4,False
2222.0,12.2,False
2237.0,12.1,False
2300.0,11.7,False
2352.0,12.0,False
2260.0,11.1,False
2279.0,10.5,False
2374.0,10.2,False
2425.0,9.7,False
2073.0,9.2,False
2025.0,8.3,False
1831.0,8.0,False
1703.0,7.7,False
1656.0,7.1,False
1675.0,6.8,False
1772.0,6.5,False
1897.0,6.7,False
2026.0,6.8,False
2119.0,8.4,False
2122.0,10.7,False
2154.0,12.8,False
2309.0,13.9,False
2061.0,14.6,False
1953.0,15.1,False
1831.0,15.2,False
1786.0,14.6,False
1788.0,14.4,False
1929.0,14.0,False
2000.0,13.7,False
1965.0,12.7,False
1959.0,12.0,False
2131.0,11.5,False
2189.0,10.8,False
1906.0,10.3,False
1871.0,10.0,False
1648.0,9.8,False
1549.0,9.8,False
1485.0,9.9,False
1468.0,9.9,False
1555.0,10.2,False
1637.0,10.0,False
1770.0,9.7,False
1926.0,9.4,False
2055.0,9.2,False
2256.0,9.4,False
2406.0,9.8,False
2164.0,9.6,False
2007.0,10.1,False
1925.0,11.3,False
1911.0,11.8,False
1995.0,12.0,False
2161.0,12.4,False
2221.0,12.7,False
2118.0,14.0,False
2061.0,14.8,False
2203.0,14.8,False
2241.0,14.7,False
1956.0,14.3,False
1943.0,14.3,False
1775.0,14.3,False
1674.0,14.3,False
1684.0,14.3,False
1839.0,14.3,False
2158.0,14.1,False
2430.0,14.1,False
2519.0,13.9,False
2570.0,14.0,False
2575.0,14.2,False
2621.0,14.8,False
2690.0,15.6,False
2550.0,15.8,False
2482.0,16.2,False
2352.0,16.7,False
2337.0,16.5,False
2210.0,16.0,False
2484.0,15.3,False
2501.0,13.9,False
2371.0,13.1,False
2332.0,12.8,False
2421.0,12.5,False
2475.0,12.3,False
2103.0,12.0,False
2092.0,11.6,False
1902.0,11.4,False
1829.0,11.1,False
1820.0,10.9,False
1967.0,10.7,False
2305.0,10.8,False
2587.0,11.2,False
2670.0,11.1,False
2662.0,11.4,False
2604.0,12.0,False
2610.0,12.9,False
2716.0,14.4,False
2487.0,15.9,False
2418.0,16.6,False
2332.0,17.0,False
2226.0,17.3,False
2159.0,16.5,False
2320.0,15.0,False
2407.0,13.5,False
2327.0,12.3,False
2244.0,11.4,False
2357.0,10.9,False
2424.0,10.5,False
2071.0,10.5,False
2046.0,10.1,False
1868.0,10.0,False
1808.0,9.8,False
1794.0,9.9,False
1923.0,9.7,False
2170.0,9.5,False
2451.0,10.7,False
2603.0,10.8,False
2600.0,11.4,False
2585.0,12.7,False
2639.0,14.4,False
2746.0,16.0,False
2574.0,16.5,False
2464.0,17.0,False
2417.0,17.1,False
2312.0,17.0,False
2272.0,16.5,False
2448.0,15.7,False
2482.0,14.6,False
2349.0,13.3,False
2328.0,12.3,False
2420.0,11.9,False
2432.0,11.7,False
2123.0,11.5,False
2108.0,10.2,False
1910.0,9.9,False
1830.0,9.6,False
1823.0,9.3,False
1944.0,9.1,False
2310.0,8.8,False
2556.0,11.4,False
2636.0,11.5,False
2647.0,12.0,False
2566.0,12.7,False
2611.0,14.2,False
2699.0,15.4,False
2508.0,15.3,False
2429.0,15.6,False
2347.0,15.8,False
2257.0,16.0,False
2255.0,15.7,False
2389.0,14.9,False
2440.0,14.1,False
2364.0,12.8,False
2291.0,11.5,False
2416.0,10.6,False
2436.0,9.7,False
2116.0,9.3,False
2118.0,9.3,False
1932.0,8.7,False
1852.0,8.1,False
1864.0,7.7,False
1984.0,7.1,False
2358.0,6.7,False
2666.0,6.6,False
2739.0,6.3,False
2718.0,7.9,False
2628.0,9.8,False
2664.0,11.9,False
2736.0,13.3,False
2555.0,14.4,False
2434.0,14.8,False
2305.0,15.4,False
2199.0,15.5,False
2226.0,15.3,False
2258.0,14.5,False
2397.0,12.7,False
2301.0,11.3,False
2264.0,10.4,False
2391.0,9.6,False
2401.0,8.8,False
2133.0,8.0,False
2055.0,8.3,False
1832.0,8.0,False
1736.0,8.1,False
1699.0,7.8,False
1734.0,7.7,False
1847.0,7.6,False
1986.0,8.0,False
2092.0,7.8,False
2186.0,8.7,False
2152.0,10.3,False
2201.0,12.5,False
2346.0,14.0,False
2115.0,15.1,False
1989.0,15.9,False
1942.0,15.6,False
1887.0,15.1,False
1927.0,14.8,False
2069.0,14.4,False
2138.0,12.0,False
2041.0,11.5,False
2020.0,11.2,False
2188.0,11.0,False
2294.0,10.9,False
1944.0,10.7,False
1909.0,10.9,False
1710.0,10.9,False
1616.0,10.9,False
1545.0,10.9,False
1534.0,11.0,False
1581.0,11.1,False
1691.0,13.4,False
1761.0,13.8,False
1914.0,14.2,False
1999.0,15.0,False
2143.0,15.8,False
2318.0,16.3,False
2058.0,16.4,False
1894.0,15.6,False
1823.0,15.5,False
1784.0,15.2,False
1834.0,16.1,False
1989.0,15.6,False
2129.0,14.8,False
2041.0,14.9,False
2030.0,14.2,False
2166.0,13.2,False
2192.0,12.6,False
1907.0,12.8,False
1898.0,12.4,False
1726.0,12.6,False
1665.0,12.6,False
1649.0,13.1,False
1828.0,13.3,False
2169.0,13.3,False
2431.0,13.1,False
2474.0,13.3,False
2582.0,14.1,False
2538.0,15.0,False
2577.0,15.9,False
2702.0,16.7,False
2491.0,16.0,False
2397.0,15.1,False
2332.0,15.3,False
2300.0,15.5,False
2310.0,15.5,False
2476.0,14.9,False
2495.0,14.6,False
2281.0,13.9,False
2243.0,13.8,False
2357.0,13.8,False
2365.0,13.7,False
2044.0,14.2,False
1995.0,14.1,False
1810.0,14.1,False
1780.0,14.1,False
1761.0,14.0,False
1892.0,13.6,False
2254.0,13.6,False
2519.0,13.1,False
2604.0,13.1,False
2572.0,13.7,False
2521.0,14.7,False
2566.0,15.6,False
2680.0,16.1,False
2519.0,15.0,False
2408.0,16.1,False
2312.0,16.2,False
2285.0,15.8,False
2280.0,15.1,False
2439.0,14.8,False
2515.0,14.2,False
2340.0,13.8,False
2273.0,13.5,False
2365.0,13.3,False
2384.0,13.3,False
2059.0,13.3,False
2029.0,13.3,False
1857.0,13.3,False
1748.0,13.1,False
1765.0,12.9,False
1890.0,12.7,False
2186.0,12.4,False
2462.0,11.7,False
2594.0,11.6,False
2664.0,11.7,False
2661.0,12.1,False
2748.0,12.4,False
2833.0,12.7,False
2624.0,14.5,False
2483.0,15.0,False
2403.0,15.1,False
2345.0,14.8,False
2344.0,14.5,False
2499.0,14.1,False
2585.0,12.8,False
2397.0,11.6,False
2318.0,11.3,False
2437.0,10.9,False
2491.0,10.4,False
2151.0,10.2,False
2084.0,11.7,False
1927.0,11.9,False
1856.0,12.1,False
1825.0,11.9,False
1994.0,11.7,False
2294.0,11.6,False
2587.0,11.4,False
2654.0,11.2,False
2680.0,11.7,False
2641.0,12.7,False
2675.0,13.9,False
2743.0,14.9,False
2582.0,15.0,False
2494.0,15.2,False
2404.0,15.0,False
2346.0,13.5,False
2343.0,12.9,False
2496.0,12.3,False
2551.0,11.3,False
2408.0,10.9,False
2358.0,10.5,False
2491.0,9.2,False
2516.0,8.2,False
2207.0,7.5,False
2182.0,9.3,False
2007.0,8.8,False
1947.0,8.0,False
1960.0,7.3,False
2112.0,7.0,False
2471.0,6.7,False
2781.0,6.0,False
2897.0,5.9,False
2888.0,7.0,False
2744.0,8.9,False
2732.0,11.0,False
2818.0,11.9,False
2588.0,12.9,False
2480.0,13.4,False
2326.0,13.5,False
2256.0,13.4,False
2280.0,13.0,False
2416.0,12.0,False
2545.0,10.9,False
2404.0,10.1,False
2331.0,9.6,False
2471.0,9.5,False
2478.0,9.5,False
2155.0,9.4,False
2130.0,9.4,False
1913.0,9.6,False
1773.0,9.5,False
1727.0,9.6,False
1758.0,9.9,False
1863.0,9.9,False
2013.0,9.7,False
2127.0,10.0,False
2261.0,10.3,False
2289.0,10.3,False
2369.0,10.5,False
2509.0,10.7,False
2278.0,11.2,False
2138.0,11.8,False
2026.0,11.9,False
1963.0,11.7,False
1998.0,12.1,False
2137.0,12.4,False
2257.0,12.9,False
2068.0,11.6,False
2064.0,10.6,False
2233.0,9.6,False
2313.0,8.7,False
2034.0,7.9,False
1986.0,7.7,False
1777.0,7.2,False
1669.0,6.7,False
1608.0,6.2,False
1618.0,6.0,False
1697.0,5.8,False
1819.0,5.2,False
1908.0,5.1,False
2049.0,5.9,False
2143.0,7.1,False
2238.0,9.8,False
2395.0,12.6,False
2109.0,13.3,False
1969.0,14.1,False
1894.0,14.5,False
1841.0,14.6,False
1930.0,14.2,False
2092.0,13.0,False
2225.0,11.8,False
2088.0,11.5,False
2058.0,11.5,False
2225.0,11.4,False
2265.0,11.4,False
1991.0,11.3,False
1967.0,11.5,False
1749.0,11.5,False
1699.0,11.8,False
1692.0,12.0,False
1886.0,12.4,False
2207.0,12.7,False
2503.0,12.2,False
2545.0,12.1,False
2611.0,12.6,False
2585.0,13.3,False
2627.0,14.4,False
2735.0,15.3,False
2536.0,15.8,False
2457.0,16.5,False
2383.0,17.0,False
2307.0,17.1,False
2338.0,17.0,False
2498.0,16.5,False
2593.0,15.1,False
2337.0,14.1,False
2255.0,13.7,False
2386.0,13.2,False
2421.0,12.7,False
2081.0,12.5,False
2036.0,13.6,False
1837.0,13.8,False
1776.0,14.0,False
1759.0,14.4,False
1901.0,14.5,False
2231.0,14.4,False
2502.0,13.1,False
2588.0,13.1,False
2602.0,13.6,False
2607.0,14.3,False
2652.0,15.1,False
2755.0,15.6,False
2585.0,17.8,False
2508.0,18.2,False
2352.0,17.9,False
2339.0,17.5,False
2351.0,17.3,False
2497.0,17.1,False
2609.0,15.8,False
2337.0,16.0,False
2274.0,16.3,False
2360.0,16.6,False
2421.0,16.7,False
2093.0,16.5,False
2063.0,17.0,False
1868.0,16.8,False
1778.0,16.4,False
1740.0,16.1,False
1881.0,16.2,False
2182.0,16.2,False
2443.0,16.4,False
2552.0,16.2,False
2560.0,16.2,False
2585.0,16.4,False
2701.0,16.5,False
2825.0,16.4,False
2627.0,16.7,False
2564.0,16.6,False
2495.0,16.7,False
2464.0,16.8,False
2469.0,16.3,False
2618.0,16.2,False
2615.0,15.4,False
2342.0,15.3,False
2264.0,15.5,False
2403.0,15.7,False
2405.0,15.4,False
2124.0,14.9,False
2082.0,13.2,False
1901.0,12.8,False
1867.0,12.9,False
1835.0,13.1,False
1989.0,13.6,False
2274.0,13.6,False
2550.0,12.9,False
2673.0,13.0,False
2657.0,13.4,False
2620.0,14.2,False
2646.0,14.8,False
2721.0,15.1,False
2535.0,15.2,False
2442.0,15.4,False
2362.0,15.8,False
2261.0,16.0,False
2274.0,16.0,False
2408.0,15.1,False
2557.0,13.8,False
2316.0,12.9,False
2271.0,12.0,False
2390.0,11.6,False
2424.0,11.1,False
2109.0,10.8,False
2078.0,10.9,False
1951.0,11.6,False
1871.0,11.8,False
1887.0,11.0,False
2004.0,10.7,False
2300.0,10.3,False
2606.0,9.7,False
2710.0,9.4,False
2680.0,10.2,False
2676.0,11.2,False
2623.0,13.3,False
2695.0,15.2,False
2504.0,14.2,False
2410.0,15.8,False
2327.0,15.9,False
2245.0,15.6,False
2264.0,14.7,False
2335.0,14.3,False
2503.0,13.7,False
2256.0,13.4,False
2217.0,13.5,False
2360.0,13.9,False
2357.0,14.3,True
2060.0,14.5,True
2014.0,14.6,True
1828.0,14.5,True
1710.0,14.5,True
1656.0,14.5,True
1649.0,14.4,True
1762.0,14.2,True
1903.0,14.1,True
1993.0,13.6,True
2092.0,12.8,True
2121.0,13.1,True
2147.0,13.5,True
2339.0,14.5,True
2127.0,15.7,True
2023.0,16.2,True
1895.0,16.4,True
1844.0,16.1,True
1908.0,15.6,True
2025.0,14.2,True
2171.0,13.3,True
1997.0,12.3,True
1981.0,11.7,True
2163.0,11.4,True
2212.0,11.3,True
1900.0,11.2,True
1884.0,11.2,True
1681.0,11.3,True
1535.0,11.8,True
1474.0,12.1,True
1501.0,12.6,True
1568.0,13.4,True
1652.0,14.6,True
1756.0,15.3,True
1904.0,15.9,True
2044.0,16.9,True
2205.0,17.0,True
2415.0,16.9,True
2119.0,17.0,True
1950.0,17.0,True
1863.0,16.9,True
1869.0,17.0,True
1879.0,16.8,True
2102.0,16.7,True
2253.0,15.2,True
2088.0,14.9,True
2049.0,14.7,True
2215.0,14.4,True
2230.0,14.1,True
1930.0,13.9,True
1918.0,13.9,True
1735.0,13.7,True
1655.0,13.7,True
1687.0,13.4,True
1850.0,13.2,True
2149.0,13.4,True
2419.0,12.4,True
2578.0,12.3,True
2665.0,12.4,True
2726.0,12.6,True
2810.0,12.9,True
2931.0,13.2,True
2788.0,12.7,True
2722.0,13.2,True
2596.0,13.9,True
2532.0,14.6,True
2498.0,14.5,True
2640.0,13.7,True
2789.0,10.6,True
2519.0,9.9,True
2439.0,9.2,True
2571.0,8.7,True
2592.0,8.2,True
2259.0,7.8,True
2260.0,10.7,True
2082.0,11.1,True
2001.0,11.4,True
2009.0,11.3,True
2170.0,10.8,True
2490.0,10.5,True
2763.0,10.4,True
2896.0,10.2,True
2926.0,10.3,True
2849.0,10.7,True
2859.0,11.5,True
2897.0,12.6,True
2700.0,11.6,True
2574.0,12.7,True
2455.0,13.9,True
2368.0,14.2,True
2375.0,14.1,True
2568.0,13.0,True
2754.0,11.1,True
2511.0,10.0,True
2433.0,9.9,True
2579.0,10.2,True
2627.0,10.4,True
2307.0,10.2,True
2280.0,8.0,True
2079.0,8.7,True
2018.0,9.1,True
2039.0,9.1,True
2193.0,8.9,True
2501.0,8.6,True
2786.0,6.6,True
2954.0,6.8,True
2971.0,7.0,True
2909.0,7.8,True
2904.0,9.3,True
2957.0,10.7,True
2705.0,10.8,True
2571.0,11.8,True
2413.0,13.4,True
2327.0,14.1,True
2340.0,13.7,True
2554.0,12.2,True
2735.0,10.5,True
2477.0,10.2,True
2410.0,10.4,True
2563.0,10.5,True
2596.0,9.7,True
2272.0,9.2,True
2233.0,9.1,True
2065.0,8.8,True
1991.0,8.5,True
1980.0,8.2,True
2147.0,8.0,True
2419.0,7.9,True
2697.0,7.6,True
2848.0,7.9,True
2867.0,8.4,True
2876.0,9.1,True
2901.0,10.2,True
2971.0,11.5,True
2743.0,12.7,True
2579.0,14.6,True
2465.0,15.8,True
2347.0,16.6,True
2363.0,16.2,True
2555.0,15.7,True
2692.0,15.1,True
2468.0,15.0,True
2390.0,15.1,True
2549.0,15.2,True
2541.0,15.2,True
2199.0,14.5,True
2183.0,13.5,True
1951.0,12.4,True
1855.0,11.7,True
1847.0,11.3,True
1975.0,11.2,True
2257.0,11.1,True
2496.0,11.3,True
2688.0,10.8,True
2731.0,11.2,True
2677.0,11.8,True
2704.0,12.8,True
2815.0,14.1,True
2593.0,14.0,True
2469.0,14.5,True
2356.0,14.7,True
2278.0,14.2,True
2288.0,13.5,True
2435.0,12.1,True
2608.0,11.5,True
2362.0,10.4,True
2352.0,9.7,True
2511.0,9.1,True
2540.0,8.9,True
2226.0,9.3,True
2185.0,7.4,True
1980.0,8.0,True
1865.0,8.7,True
1809.0,9.2,True
1840.0,9.4,True
1971.0,9.6,True
2098.0,6.9,True
2259.0,6.8,True
2379.0,7.1,True
2387.0,7.7,True
2373.0,8.7,True
2523.0,9.9,True
2243.0,11.2,True
2121.0,11.9,True
2001.0,12.4,True
1939.0,12.8,True
2001.0,13.0,True
2195.0,12.1,True
2356.0,11.9,True
2161.0,11.5,True
2149.0,11.2,True
2327.0,11.1,True
2421.0,11.3,True
2121.0,11.6,True
2121.0,7.0,True
2121.0,6.8,True
1756.0,6.6,True
1728.0,6.4,True
1723.0,7.3,True
1757.0,7.5,True
1896.0,12.1,True
2019.0,11.7,True
2133.0,12.0,True
2194.0,12.8,True
2199.0,13.7,True
2271.0,14.4,True
2373.0,14.4,True
2084.0,14.6,True
1920.0,15.0,True
1838.0,15.4,True
1806.0,14.9,True
1971.0,14.1,True
2338.0,12.7,True
2303.0,12.4,True
2143.0,12.1,True
2129.0,12.0,True
2313.0,11.9,True
2378.0,11.8,True
2093.0,10.3,True
2075.0,10.3,True
1890.0,10.3,True
1812.0,10.0,True
1865.0,10.1,True
2057.0,10.2,True
2356.0,9.4,True
2584.0,9.4,True
2765.0,9.4,True
2785.0,10.1,True
2753.0,11.2,True
2789.0,12.2,True
2842.0,13.5,True
2666.0,14.3,True
2546.0,14.8,True
2446.0,14.9,True
2394.0,14.4,True
2498.0,13.2,True
2842.0,11.5,True
2724.0,10.6,True
2443.0,9.9,True
2405.0,10.3,True
2550.0,10.8,True
2593.0,11.1,True
2256.0,11.5,True
2218.0,11.6,True
2030.0,11.6,True
1946.0,11.7,True
1951.0,11.7,True
2109.0,11.6,True
2409.0,9.9,True
2606.0,10.1,True
2733.0,10.4,True
2776.0,10.8,True
2743.0,11.1,True
2803.0,11.6,True
2893.0,12.1,True
2694.0,12.7,True
2608.0,13.1,True
2517.0,13.2,True
2481.0,13.1,True
2535.0,12.8,True
2853.0,13.8,True
2746.0,13.1,True
2476.0,12.9,True
2405.0,12.7,True
2542.0,12.6,True
2564.0,12.4,True
2697.0,11.9,True
2534.0,11.8,True
2279.0,11.8,True
2111.0,11.8,True
2152.0,11.8,True
2358.0,11.8,True
2653.0,11.8,True
2917.0,11.9,True
3015.0,12.3,True
3096.0,12.6,True
2997.0,13.1,True
3078.0,13.7,True
3202.0,12.8,True
2916.0,13.2,True
2830.0,14.0,True
2747.0,14.5,True
2750.0,14.3,True
2820.0,13.8,True
3106.0,12.2,True
3085.0,11.9,True
2838.0,11.4,True
2754.0,10.9,True
2997.0,10.4,True
3077.0,10.0,True
2271.0,10.1,True
2237.0,10.0,True
2046.0,10.1,True
1944.0,10.1,True
1953.0,10.1,True
2101.0,10.0,True
2389.0,9.9,True
2579.0,9.9,True
2762.0,9.9,True
2826.0,10.2,True
2846.0,10.7,True
2914.0,11.4,True
3039.0,12.2,True
2855.0,13.0,True
2784.0,13.6,True
2668.0,13.9,True
2615.0,13.8,True
2670.0,13.4,True
2849.0,12.1,True
2758.0,11.6,True
2513.0,11.4,True
2477.0,11.3,True
2620.0,11.1,True
2651.0,10.9,True
2326.0,11.4,True
2266.0,11.2,True
2056.0,10.9,True
1918.0,10.8,True
1852.0,10.6,True
1879.0,10.4,True
1996.0,10.0,True
2071.0,9.8,True
2193.0,9.7,True
2320.0,10.0,True
2392.0,10.5,True
2489.0,11.2,True
2704.0,12.8,True
2405.0,13.7,True
2227.0,14.3,True
2102.0,14.3,True
2077.0,13.5,True
2219.0,12.5,True
2496.0,11.1,True
2435.0,10.3,True
2241.0,9.9,True
2228.0,9.9,True
2416.0,9.8,True
2476.0,9.9,True
2165.0,10.0,True
2118.0,9.9,True
1938.0,9.8,True
1828.0,9.8,True
1781.0,9.8,True
1846.0,9.6,True
1987.0,9.3,True
2098.0,9.3,True
2228.0,9.3,True
2357.0,9.4,True
2401.0,9.7,True
2460.0,10.1,True
2673.0,11.3,True
2453.0,11.4,True
2344.0,11.8,True
2214.0,11.9,True
2187.0,11.6,True
2315.0,11.1,True
2570.0,11.0,True
2494.0,10.8,True
2274.0,10.5,True
2252.0,10.4,True
2429.0,10.2,True
2500.0,9.8,True
2201.0,9.7,True
2158.0,9.6,True
1949.0,9.3,True
1842.0,9.1,True
1784.0,9.0,True
1799.0,8.8,True
1909.0,8.5,True
1972.0,8.5,True
2097.0,8.5,True
2274.0,8.7,True
2375.0,9.3,True
2516.0,10.1,True
2711.0,11.9,True
2443.0,12.9,True
2303.0,13.4,True
2267.0,13.2,True
2258.0,12.5,True
2415.0,11.2,True
2683.0,9.8,True
2615.0,8.8,True
2418.0,8.0,True
2364.0,7.4,True
2521.0,7.2,True
2573.0,7.1,False
2297.0,7.2,False
2273.0,7.3,False
2086.0,7.3,False
2006.0,7.2,False
2045.0,7.2,False
2246.0,7.2,False
2595.0,8.4,False
2879.0,8.3,False
3022.0,8.2,False
3069.0,8.5,False
3103.0,9.2,False
3050.0,10.2,False
3134.0,11.1,False
2922.0,12.0,False
2779.0,12.6,False
2709.0,13.0,False
2673.0,12.9,False
2812.0,12.4,False
3062.0,10.9,False
2963.0,10.3,False
2714.0,9.6,False
2625.0,9.1,False
2744.0,8.7,False
2817.0,8.3,False
2429.0,10.2,False
2400.0,10.1,False
2217.0,10.1,False
2134.0,9.8,False
2156.0,9.5,False
2265.0,9.6,False
2723.0,9.3,False
2931.0,9.5,False
3037.0,9.9,False
3034.0,10.5,False
3003.0,11.3,False
3020.0,12.2,False
3128.0,12.4,False
2890.0,13.3,False
2773.0,14.0,False
2706.0,14.2,False
2678.0,13.9,False
2779.0,13.4,False
3031.0,12.8,False
2922.0,12.6,False
2694.0,12.4,False
2562.0,12.0,False
2682.0,11.6,False
2692.0,11.3,False
2351.0,11.1,False
2321.0,11.0,False
2133.0,11.0,False
2042.0,10.9,False
2054.0,10.8,False
2226.0,10.8,False
2544.0,10.9,False
2779.0,10.9,False
2887.0,10.9,False
2888.0,11.2,False
2863.0,11.9,False
2953.0,12.0,False
3011.0,11.2,False
2832.0,11.4,False
2731.0,11.5,False
2628.0,11.7,False
2606.0,11.8,False
2715.0,11.5,False
2991.0,11.0,False
2882.0,10.7,False
2622.0,10.6,False
2544.0,10.6,False
2677.0,10.3,False
2693.0,9.9,False
2372.0,9.5,False
2357.0,9.3,False
2169.0,9.1,False
2081.0,8.9,False
2103.0,8.9,False
2248.0,8.6,False
2647.0,8.6,False
2925.0,8.4,False
3013.0,8.3,False
3015.0,8.3,False
2955.0,8.7,False
2985.0,9.2,False
3083.0,9.7,False
2826.0,10.1,False
2744.0,10.3,False
2656.0,10.3,False
2650.0,10.1,False
2819.0,9.8,False
3085.0,9.2,False
2947.0,8.9,False
2673.0,8.7,False
2612.0,8.9,False
2729.0,9.1,False
2753.0,9.4,False
2415.0,10.1,False
2385.0,10.4,False
2176.0,10.4,False
2102.0,10.3,False
2111.0,10.4,False
2269.0,10.4,False
2630.0,10.3,False
2884.0,10.2,False
2975.0,10.1,False
2974.0,10.2,False
2961.0,10.4,False
2990.0,10.6,False
3095.0,11.2,False
2915.0,11.8,False
2778.0,11.9,False
2668.0,12.1,False
2627.0,12.0,False
2795.0,11.6,False
2967.0,11.0,False
2860.0,10.8,False
2613.0,10.8,False
2580.0,10.8,False
2715.0,10.8,False
2717.0,10.8,False
2375.0,10.6,False
2320.0,10.6,False
2103.0,10.6,False
1978.0,10.6,False
1933.0,10.7,False
1990.0,10.7,False
2103.0,10.5,False
2228.0,10.5,False
2363.0,10.6,False
2488.0,10.8,False
2494.0,11.1,False
2529.0,11.4,False
2713.0,11.1,False
2468.0,11.3,False
2333.0,11.4,False
2239.0,11.6,False
2202.0,11.8,False
2341.0,11.6,False
2560.0,11.7,False
2487.0,11.3,False
2292.0,11.2,False
2275.0,11.1,False
2454.0,11.0,False
2499.0,11.0,False
2209.0,11.0,False
2171.0,10.9,False
1944.0,11.0,False
1826.0,10.7,False
1754.0,10.6,False
1771.0,10.4,False
1867.0,11.1,False
1973.0,10.9,False
2077.0,10.7,False
2180.0,10.7,False
2264.0,10.9,False
2365.0,11.0,False
2487.0,12.4,False
2230.0,12.9,False
2070.0,13.3,False
1966.0,13.4,False
1916.0,13.1,False
2059.0,11.8,False
2315.0,11.7,False
2320.0,10.9,False
2153.0,9.9,False
2153.0,9.4,False
2345.0,9.0,False
2418.0,8.7,False
2135.0,10.0,False
2116.0,9.7,False
1938.0,9.9,False
1835.0,9.9,False
1849.0,10.0,False
1904.0,10.1,False
2048.0,9.5,False
2134.0,9.6,False
2233.0,9.6,False
2357.0,10.1,False
2392.0,11.0,False
2470.0,11.8,False
2619.0,12.1,False
2378.0,13.1,False
2248.0,14.0,False
2159.0,13.7,False
2102.0,13.1,False
2388.0,12.2,False
2621.0,10.3,False
2564.0,9.2,False
2390.0,8.4,False
2348.0,7.9,False
2528.0,7.4,False
2635.0,7.1,False
2379.0,6.7,False
2376.0,6.3,False
2212.0,6.0,False
2160.0,5.7,False
2219.0,5.4,False
2403.0,5.3,False
2763.0,6.1,False
3115.0,6.4,False
3225.0,6.8,False
3186.0,8.1,False
3056.0,9.9,False
3039.0,10.9,False
3064.0,11.4,False
2941.0,11.5,False
2844.0,11.4,False
2805.0,11.1,False
2833.0,10.9,False
2988.0,10.8,False
3175.0,10.0,False
3087.0,9.1,False
2808.0,8.6,False
2749.0,8.2,False
2858.0,7.7,False
2886.0,7.4,False
2670.0,7.1,False
2571.0,6.6,False
2374.0,6.2,False
2302.0,6.2,False
2336.0,6.1,False
2462.0,5.8,False
2825.0,6.0,False
3083.0,5.5,False
3187.0,5.3,False
3224.0,6.1,False
3189.0,7.0,False
3249.0,7.6,False
3311.0,8.5,False
3085.0,8.9,False
2942.0,8.8,False
2880.0,8.6,False
2874.0,8.1,False
3065.0,7.3,False
3375.0,7.4,False
3261.0,7.3,False
3010.0,7.2,False
2931.0,7.0,False
3061.0,6.7,False
3058.0,6.4,False
2865.0,6.5,False
2794.0,6.1,False
2596.0,5.8,False
2517.0,5.3,False
2542.0,5.1,False
2661.0,4.9,False
3131.0,5.1,False
3430.0,4.9,False
3482.0,5.0,False
3431.0,6.2,False
3343.0,8.1,False
3338.0,9.9,False
3376.0,10.2,False
3145.0,10.7,False
3011.0,11.0,False
2909.0,11.1,False
2927.0,10.7,False
3102.0,9.8,False
3356.0,8.4,False
3222.0,7.8,False
2963.0,7.1,False
2897.0,6.4,False
3025.0,6.2,False
3032.0,6.7,False
2756.0,7.0,False
2756.0,6.0,False
2555.0,5.8,False
2465.0,5.5,False
2514.0,5.6,False
2707.0,5.7,False
3102.0,4.6,False
3367.0,5.0,False
3459.0,5.5,False
3409.0,5.4,False
3324.0,5.6,False
3278.0,6.0,False
3327.0,6.6,False
3119.0,6.9,False
2988.0,7.0,False
2881.0,7.4,False
2847.0,7.6,False
3042.0,7.0,False
3228.0,5.9,False
3148.0,5.9,False
2890.0,6.0,False
2845.0,6.0,False
2996.0,6.1,False
3015.0,6.1,False
2685.0,6.6,False
2643.0,6.3,False
2454.0,5.9,False
2336.0,5.5,False
2274.0,5.3,False
2346.0,5.1,False
2500.0,5.4,False
2662.0,5.5,False
2768.0,5.4,False
2865.0,5.6,False
2833.0,6.0,False
2849.0,6.6,False
3031.0,8.0,False
2776.0,8.3,False
2630.0,8.6,False
2461.0,8.8,False
2523.0,8.7,False
2737.0,8.4,False
2943.0,7.5,False
2871.0,7.2,False
2694.0,6.5,False
2654.0,5.6,False
2841.0,4.9,False
2867.0,4.2,False
2608.0,6.0,False
2545.0,6.3,False
2312.0,6.4,False
2189.0,6.2,False
2108.0,5.7,False
2139.0,5.8,False
2230.0,7.9,False
2303.0,8.5,False
2402.0,8.3,False
2507.0,8.5,False
2579.0,8.9,False
2685.0,9.6,False
2799.0,10.2,False
2514.0,11.4,False
2332.0,11.4,False
2266.0,11.3,False
2245.0,10.3,False
2513.0,8.5,False
2782.0,6.9,False
2773.0,6.0,False
2623.0,5.3,False
2587.0,4.7,False
2736.0,4.4,False
2830.0,4.3,False
2585.0,5.5,False
2559.0,5.0,False
2384.0,5.0,False
2289.0,5.2,False
2318.0,5.4,False
2517.0,5.6,False
2856.0,7.2,False
3172.0,7.2,False
3249.0,7.4,False
3285.0,7.9,False
3199.0,9.2,False
3225.0,10.3,False
3319.0,11.4,False
3154.0,12.1,False
3053.0,12.0,False
2955.0,11.6,False
2947.0,11.3,False
3103.0,10.9,False
3280.0,10.7,False
3121.0,10.5,False
2840.0,10.2,False
2738.0,10.4,False
2866.0,10.7,False
2914.0,10.6,False
2556.0,11.0,False
2540.0,11.2,False
2368.0,11.6,False
2269.0,11.6,False
2285.0,11.8,False
2441.0,11.7,False
2814.0,11.6,False
3058.0,11.6,False
3120.0,11.0,False
3102.0,11.0,False
3105.0,10.5,False
3123.0,10.3,False
3253.0,11.6,False
3112.0,11.0,False
3091.0,10.3,False
3004.0,9.3,False
2990.0,9.3,False
3177.0,8.9,False
3324.0,7.8,False
3208.0,6.9,False
2950.0,6.8,False
2901.0,6.2,False
3021.0,5.8,False
3059.0,5.0,False
2744.0,5.2,False
2746.0,4.7,False
2582.0,4.5,False
2516.0,4.0,False
2579.0,3.5,False
2785.0,2.9,False
3098.0,2.2,False
3463.0,2.0,False
3575.0,2.0,False
3604.0,2.8,False
3469.0,3.8,False
3430.0,5.7,False
3475.0,7.1,False
3275.0,7.5,False
3059.0,7.3,False
3073.0,6.7,False
3107.0,5.9,False
3435.0,5.4,False
3685.0,5.7,False
3578.0,5.3,False
3304.0,4.6,False
3241.0,4.0,False
3361.0,3.5,False
3372.0,3.3,False
3049.0,2.6,False
2995.0,2.9,False
2822.0,3.4,False
2747.0,3.5,False
2863.0,3.1,False
3121.0,2.4,False
3531.0,3.6,False
3823.0,3.2,False
3882.0,2.1,False
3953.0,0.2,False
3899.0,0.4,False
3809.0,1.2,False
3925.0,2.6,False
3759.0,3.3,False
3542.0,3.9,False
3565.0,4.1,False
3597.0,3.8,False
3831.0,2.4,False
4031.0,-0.3,False
3884.0,-1.1,False
3644.0,-1.6,False
3535.0,-1.5,False
3667.0,-0.6,False
3679.0,0.0,False
3339.0,1.8,False
3400.0,1.1,False
3221.0,0.5,False
3180.0,0.3,False
3166.0,-0.1,False
3432.0,-0.1,False
3777.0,0.4,False
4097.0,0.0,False
4140.0,-0.1,False
4104.0,1.2,False
3877.0,3.1,False
3760.0,5.0,False
3698.0,6.8,False
3414.0,7.8,False
3230.0,7.9,False
3173.0,7.5,False
3203.0,6.6,False
3476.0,5.4,False
3707.0,3.6,False
3614.0,3.0,False
3368.0,2.6,False
3338.0,2.2,False
3469.0,1.2,False
3426.0,0.7,False
3138.0,0.2,False
3021.0,1.0,False
2815.0,2.7,False
2671.0,3.3,False
2604.0,3.5,False
2655.0,4.1,False
2794.0,8.0,False
2925.0,8.5,False
3004.0,8.8,False
3084.0,9.0,False
3095.0,9.5,False
3136.0,10.5,False
3283.0,11.5,False
3046.0,12.1,False
2889.0,12.2,False
2793.0,12.1,False
2710.0,11.9,False
2878.0,11.8,False
2972.0,12.5,False
2845.0,12.7,False
2611.0,13.1,False
2573.0,13.3,False
2720.0,13.5,False
2767.0,13.4,False
2483.0,13.9,False
2418.0,13.8,False
2196.0,13.9,False
2038.0,13.8,False
1989.0,13.7,False
1982.0,13.8,False
2056.0,13.3,False
2162.0,13.3,False
2234.0,13.2,False
2334.0,13.5,False
2408.0,13.7,False
2508.0,13.6,False
2677.0,13.7,False
2384.0,13.4,False
2228.0,13.2,False
2152.0,13.1,False
2192.0,13.0,False
2400.0,12.9,False
2560.0,12.7,False
2555.0,12.7,False
2369.0,12.9,False
2348.0,13.1,False
2484.0,13.2,False
2540.0,13.3,False
2284.0,13.0,False
2265.0,12.4,False
2081.0,10.9,False
2003.0,9.9,False
2044.0,9.6,False
2249.0,9.6,False
2594.0,9.8,False
2922.0,9.8,False
3091.0,9.6,False
3121.0,9.8,False
3049.0,10.5,False
3051.0,11.6,False
3044.0,11.8,False
2866.0,12.1,False
2732.0,11.9,False
2708.0,11.4,False
2692.0,10.5,False
2927.0,9.3,False
3189.0,8.5,False
3061.0,8.0,False
2800.0,7.6,False
2763.0,7.2,False
2912.0,6.9,False
2992.0,6.8,False
2696.0,7.2,False
2688.0,7.2,False
2584.0,7.4,False
2460.0,7.3,False
2497.0,7.3,False
2738.0,7.5,False
3093.0,6.6,False
3400.0,6.2,False
3491.0,6.1,False
3441.0,6.8,False
3288.0,8.2,False
3220.0,9.7,False
3212.0,10.9,False
2996.0,11.4,False
3117.0,11.6,False
2751.0,11.3,False
2866.0,10.2,False
3020.0,8.8,False
3164.0,8.9,False
3091.0,8.7,False
2829.0,8.7,False
2761.0,9.0,False
2868.0,9.6,False
2897.0,10.6,False
2621.0,11.4,False
2544.0,11.5,False
2350.0,11.9,False
2248.0,12.2,False
2218.0,12.7,False
2401.0,12.9,False
2696.0,13.2,False
2944.0,13.1,False
3049.0,13.1,False
3055.0,13.2,False
3070.0,13.5,False
2941.0,12.6,False
3215.0,13.7,False
3027.0,13.5,False
2955.0,13.4,False
2879.0,13.3,False
2871.0,13.0,False
3048.0,12.6,False
3226.0,11.5,False
3094.0,10.6,False
2791.0,9.9,False
2718.0,9.6,False
2864.0,9.5,False
2878.0,9.3,False
2603.0,13.2,False
2565.0,12.3,False
2388.0,10.6,False
2326.0,9.9,False
2320.0,9.5,False
2500.0,9.4,False
2836.0,9.5,False
3165.0,9.6,False
3231.0,9.6,False
3254.0,9.6,False
3237.0,9.7,False
3269.0,9.8,False
3367.0,8.2,False
3193.0,8.4,False
3113.0,8.6,False
3037.0,8.8,False
2987.0,8.7,False
3162.0,8.7,False
3303.0,7.9,False
3164.0,7.9,False
2871.0,7.7,False
2797.0,7.6,False
2950.0,7.5,False
2976.0,7.4,False
2743.0,7.8,False
2646.0,7.7,False
2438.0,7.6,False
2347.0,7.3,False
2358.0,7.1,False
2538.0,6.8,False
2906.0,7.1,False
3171.0,6.9,False
3219.0,6.6,False
3258.0,6.2,False
3214.0,6.6,False
3202.0,7.1,False
3318.0,8.2,False
3101.0,8.8,False
2982.0,9.3,False
2865.0,9.6,False
2838.0,9.6,False
3076.0,9.5,False
3150.0,9.2,False
3055.0,9.3,False
2838.0,9.4,False
2771.0,9.6,False
2862.0,9.8,False
2912.0,9.9,False
2614.0,10.5,False
2540.0,10.7,False
2301.0,10.9,False
2166.0,11.1,False
2113.0,11.4,False
2172.0,11.5,False
2287.0,11.0,False
2429.0,11.0,False
2564.0,11.2,False
2647.0,11.5,False
2637.0,12.1,False
2682.0,12.7,False
2840.0,12.7,False
2577.0,13.2,False
2494.0,13.4,False
2328.0,13.4,False
2386.0,13.3,False
2601.0,12.9,False
2722.0,12.7,False
2642.0,12.3,False
2432.0,12.1,False
2422.0,11.8,False
2596.0,11.7,False
2660.0,11.2,False
2454.0,10.4,False
2346.0,10.0,False
2125.0,9.6,False
1982.0,9.4,False
1918.0,9.3,False
1937.0,9.3,False
2030.0,10.9,False
2134.0,11.4,False
2215.0,11.8,False
2322.0,12.5,False
2394.0,13.0,False
2445.0,13.6,False
2633.0,14.5,False
2336.0,14.4,False
2163.0,14.1,False
2109.0,13.8,False
2063.0,13.2,False
2331.0,12.2,False
2521.0,11.4,False
2503.0,11.8,False
2332.0,11.9,False
2318.0,11.8,False
2461.0,11.7,False
2528.0,11.5,False
2285.0,11.1,False
2265.0,10.9,False
2099.0,10.6,False
2029.0,10.2,False
2063.0,9.7,False
2305.0,9.0,False
2639.0,9.1,False
3030.0,8.3,False
3147.0,7.8,False
3097.0,8.0,False
2990.0,9.1,False
3019.0,10.3,False
3134.0,10.6,False
2945.0,11.0,False
2862.0,10.5,False
2778.0,10.0,False
2822.0,9.1,False
3048.0,7.9,False
3269.0,6.7,False
3179.0,6.0,False
2935.0,5.8,False
2850.0,6.1,False
3013.0,6.1,False
3041.0,5.7,False
2767.0,4.6,False
2741.0,4.3,False
2573.0,4.2,False
2497.0,3.9,False
2510.0,3.8,False
2707.0,4.0,False
3111.0,3.5,False
3401.0,3.1,False
3485.0,2.9,False
3464.0,3.3,False
3358.0,4.3,False
3327.0,6.0,False
3398.0,7.7,False
3175.0,8.6,False
3051.0,8.4,False
2985.0,7.8,False
3015.0,7.5,False
3249.0,7.2,False
3363.0,7.3,False
3309.0,7.4,False
3047.0,7.6,False
3015.0,7.7,False
3146.0,7.8,False
3196.0,7.8,False
2937.0,6.6,False
2955.0,6.6,False
2812.0,6.6,False
2752.0,6.7,False
2804.0,6.8,False
3034.0,6.9,False
3446.0,5.3,False
3724.0,5.5,False
3848.0,5.7,False
3754.0,6.0,False
3604.0,6.5,False
3533.0,7.1,False
3577.0,7.9,False
3335.0,9.0,False
3209.0,9.3,False
3194.0,9.4,False
3200.0,9.0,False
3413.0,8.4,False
3556.0,6.7,False
3444.0,6.7,False
3159.0,7.3,False
3077.0,8.0,False
3163.0,9.0,False
3146.0,9.6,False
2885.0,10.0,False
2835.0,10.3,False
2626.0,11.0,False
2506.0,11.3,False
2414.0,11.5,False
2545.0,11.5,False
2990.0,11.8,False
3196.0,12.0,False
3283.0,12.3,False
3198.0,12.4,False
3200.0,12.5,False
3223.0,12.8,False
3275.0,13.0,False
3118.0,13.4,False
3000.0,13.5,False
2956.0,13.5,False
2974.0,13.6,False
3118.0,13.4,False
3224.0,13.3,False
3120.0,13.4,False
2831.0,14.0,False
2741.0,14.2,False
2857.0,14.8,False
2878.0,15.1,False
2614.0,15.1,False
2621.0,14.7,False
2433.0,14.2,False
2369.0,13.4,False
2410.0,12.5,False
2594.0,12.3,False
2984.0,10.2,False
3307.0,9.3,False
3425.0,8.3,False
3352.0,8.3,False
3247.0,9.4,False
3218.0,10.5,False
3299.0,10.3,False
3070.0,10.3,False
2973.0,10.1,False
2890.0,10.1,False
2835.0,10.4,False
3097.0,10.6,False
3189.0,11.6,False
3075.0,12.8,False
2812.0,13.2,False
2754.0,13.2,False
2911.0,13.3,False
2890.0,13.8,False
2638.0,12.7,False
2500.0,11.2,False
2296.0,10.1,False
2197.0,9.7,False
2182.0,9.1,False
2265.0,8.5,False
2444.0,8.4,False
2585.0,8.1,False
2760.0,7.7,False
2849.0,7.6,False
2862.0,7.8,False
2938.0,8.1,False
3116.0,7.9,False
2924.0,7.7,False
2799.0,7.7,False
2765.0,7.7,False
2812.0,7.1,False
3029.0,6.4,False
3136.0,6.4,False
3054.0,6.7,False
2873.0,6.9,False
2845.0,7.0,False
3029.0,7.1,False
3060.0,7.3,False
2799.0,6.9,False
2760.0,7.2,False
2569.0,7.4,False
2400.0,7.5,False
2387.0,7.7,False
2401.0,7.6,False
2509.0,7.4,False
2610.0,7.2,False
2723.0,7.1,False
2859.0,7.0,False
2984.0,7.2,False
3102.0,7.2,False
3250.0,7.8,False
2973.0,7.3,False
2835.0,7.0,False
2763.0,6.8,False
2806.0,6.8,False
3062.0,7.1,False
3270.0,7.0,False
3200.0,7.1,False
3027.0,7.4,False
2943.0,7.6,False
3076.0,7.6,False
3087.0,7.5,False
2836.0,7.7,False
2817.0,7.6,False
2624.0,7.3,False
2540.0,6.5,False
2551.0,6.3,False
2776.0,5.9,False
3164.0,6.9,False
3461.0,6.8,False
3609.0,7.4,False
3591.0,6.7,False
3491.0,7.0,False
3501.0,7.2,False
3598.0,7.6,False
3418.0,7.4,False
3341.0,7.6,False
3282.0,7.4,False
3347.0,7.0,False
3581.0,6.8,False
3745.0,5.9,False
3617.0,5.0,False
3322.0,5.2,False
3221.0,5.5,False
3323.0,5.7,False
3329.0,5.4,False
3053.0,5.4,False
3039.0,5.0,False
2848.0,4.8,False
2771.0,4.6,False
2802.0,4.1,False
2990.0,3.8,False
3406.0,3.0,False
3674.0,2.6,False
3754.0,2.6,False
3789.0,2.7,False
3683.0,3.2,False
3723.0,3.8,False
3788.0,4.3,False
3644.0,4.8,False
3561.0,4.8,False
3489.0,4.7,False
3548.0,4.7,False
3687.0,5.0,False
3760.0,5.3,False
3662.0,5.1,False
3387.0,5.0,False
3297.0,4.9,False
3387.0,4.7,False
3386.0,4.6,False
3112.0,4.6,False
3096.0,4.6,False
2916.0,4.5,False
2802.0,4.5,False
2821.0,4.4,False
3018.0,4.4,False
3335.0,4.0,False
3638.0,3.6,False
3768.0,3.3,False
3724.0,3.3,False
3766.0,3.8,False
3829.0,4.4,False
3943.0,4.6,False
3749.0,4.9,False
3693.0,5.0,False
3647.0,4.7,False
3568.0,4.3,False
3764.0,3.7,False
3902.0,3.3,False
3755.0,3.2,False
3488.0,3.1,False
3359.0,2.8,False
3507.0,2.7,False
3526.0,2.5,False
3245.0,3.3,False
3252.0,3.2,False
3074.0,3.0,False
3001.0,2.7,False
3020.0,2.1,False
3216.0,1.9,False
3627.0,1.4,False
3885.0,1.4,False
4050.0,1.3,False
4028.0,1.4,False
3878.0,1.8,False
3826.0,2.3,False
3859.0,2.8,False
3621.0,3.4,False
3451.0,3.6,False
3404.0,3.5,False
3474.0,2.8,False
3767.0,1.9,False
3952.0,0.9,False
3854.0,0.4,False
3612.0,0.1,False
3540.0,-0.2,False
3686.0,-0.3,False
3721.0,-0.2,False
3444.0,-0.5,False
3437.0,-0.4,False
3266.0,-0.3,False
3174.0,-0.3,False
3191.0,-0.4,False
3384.0,-0.4,False
3741.0,0.9,False
4034.0,0.9,False
4122.0,0.9,False
4119.0,1.1,False
4044.0,1.4,False
4173.0,1.8,False
4260.0,0.7,False
4019.0,1.0,False
3862.0,1.4,False
3789.0,1.6,False
3751.0,1.5,False
3952.0,0.2,False
4008.0,-0.8,False
3863.0,-1.4,False
3609.0,-1.9,False
3558.0,-2.3,False
3691.0,-2.5,False
3688.0,-2.5,False
3363.0,0.1,False
3337.0,0.3,False
3143.0,0.3,False
3009.0,0.6,False
2963.0,0.4,False
3020.0,0.2,False
3142.0,0.5,False
3270.0,1.0,False
3402.0,1.2,False
3502.0,1.5,False
3465.0,2.1,False
3435.0,3.2,False
3569.0,4.5,False
3266.0,5.1,False
3055.0,6.5,False
2939.0,7.3,False
2989.0,6.6,False
3236.0,5.6,False
3379.0,4.3,False
3330.0,3.1,False
3143.0,2.0,False
3116.0,1.5,False
3277.0,1.4,False
3321.0,1.9,False
3037.0,2.3,False
3023.0,1.8,False
2830.0,1.1,False
2678.0,0.7,False
2596.0,0.3,False
2619.0,0.1,False
2698.0,0.4,False
2832.0,1.1,False
2946.0,1.7,False
3029.0,2.1,False
3076.0,3.0,False
3120.0,3.8,False
3242.0,4.0,False
2930.0,4.8,False
2780.0,5.9,False
2710.0,6.6,False
2720.0,6.2,False
2943.0,4.8,False
3095.0,5.0,False
3082.0,4.6,False
2891.0,4.2,False
2851.0,4.1,False
2991.0,3.6,False
3028.0,3.1,False
2782.0,4.0,False
2760.0,3.7,False
2571.0,3.6,False
2482.0,3.5,False
2476.0,3.4,False
2703.0,3.3,False
3094.0,3.3,False
3395.0,3.4,False
3461.0,3.5,False
3484.0,3.9,False
3414.0,4.3,False
3455.0,5.2,False
3558.0,7.6,False
3387.0,8.3,False
3321.0,8.5,False
3256.0,8.6,False
3255.0,8.3,False
3412.0,7.8,False
3542.0,7.7,False
3407.0,7.3,False
3097.0,7.1,False
3007.0,6.8,False
3121.0,6.5,False
3150.0,6.2,False
2842.0,6.7,False
2813.0,6.6,False
2632.0,6.4,False
2545.0,6.2,False
2566.0,5.7,False
2759.0,5.3,False
3191.0,5.0,False
3422.0,4.9,False
3585.0,4.8,False
3554.0,4.6,False
3532.0,4.6,False
3612.0,4.9,False
3727.0,4.9,False
3513.0,5.1,False
3423.0,5.3,False
3354.0,5.6,False
3359.0,5.8,False
3461.0,6.0,False
3560.0,6.4,False
3410.0,6.9,False
3169.0,8.7,False
3068.0,9.4,False
3157.0,10.0,False
3128.0,10.4,False
2838.0,10.8,False
2780.0,11.1,False
2561.0,11.6,False
2462.0,11.9,False
2447.0,12.2,False
2567.0,12.4,False
2886.0,12.4,False
3140.0,12.3,False
3281.0,12.7,False
3215.0,12.2,False
3168.0,12.4,False
3220.0,12.5,False
3298.0,13.0,False
3117.0,13.1,False
3038.0,12.6,False
2989.0,12.4,False
2958.0,12.4,False
3139.0,12.4,False
3260.0,12.9,False
3130.0,12.8,False
2836.0,13.3,False
2830.0,13.2,False
2889.0,13.1,False
2906.0,13.0,False
2601.0,12.6,False
2575.0,12.1,False
2387.0,11.6,False
2331.0,10.7,False
2348.0,9.5,False
2573.0,8.7,False
2944.0,7.5,False
3288.0,6.9,False
3418.0,6.4,False
3448.0,6.3,False
3341.0,7.0,False
3307.0,8.0,False
3362.0,8.5,False
3220.0,7.9,False
3164.0,7.5,False
3144.0,7.5,False
3180.0,6.8,False
3486.0,6.2,False
3637.0,6.1,False
3523.0,5.8,False
3246.0,5.5,False
3218.0,5.0,False
3347.0,4.4,False
3379.0,4.0,False
3076.0,3.8,False
3043.0,3.4,False
2930.0,3.2,False
2839.0,3.0,False
2900.0,2.8,False
3078.0,3.4,False
3445.0,2.9,False
3758.0,2.8,False
3788.0,3.3,False
3810.0,4.3,False
3647.0,5.7,False
3480.0,7.3,False
3495.0,8.3,False
3221.0,9.2,False
3081.0,9.5,False
3047.0,9.4,False
3085.0,9.0,False
3313.0,8.4,False
3414.0,8.2,False
3300.0,8.0,False
3042.0,8.3,False
3002.0,8.7,False
3137.0,9.1,False
3137.0,8.9,True
2809.0,6.7,True
2801.0,6.1,True
2626.0,5.6,True
2511.0,5.2,True
2491.0,5.0,True
2546.0,5.2,True
2708.0,4.7,True
2821.0,4.9,True
2969.0,5.6,True
3032.0,6.5,True
3043.0,7.6,True
3071.0,8.7,True
3250.0,10.0,True
3016.0,10.4,True
2868.0,10.4,True
2783.0,10.8,True
2760.0,11.6,True
2921.0,12.1,True
3008.0,11.9,True
2911.0,11.8,True
2779.0,11.9,True
2667.0,12.3,True
2819.0,12.1,True
2871.0,11.4,True
2615.0,11.1,True
2563.0,9.8,True
2374.0,8.9,True
2278.0,8.7,True
2255.0,8.6,True
2306.0,7.9,True
2416.0,8.4,True
2575.0,7.9,True
2736.0,7.8,True
2869.0,8.0,True
3002.0,8.2,True
3088.0,8.5,True
3241.0,8.5,True
2967.0,8.3,True
2751.0,7.9,True
2675.0,7.6,True
2726.0,7.3,True
3005.0,6.8,True
3166.0,6.5,True
3161.0,6.2,True
3062.0,6.1,True
3009.0,5.9,True
3179.0,5.9,True
3214.0,5.9,True
2968.0,5.9,True
2936.0,5.8,True
2750.0,5.8,True
2674.0,5.7,True
2699.0,5.4,True
2866.0,5.5,True
3140.0,5.2,True
3378.0,5.3,True
3542.0,5.4,True
3535.0,5.3,True
3454.0,5.9,True
3432.0,7.1,True
3518.0,8.3,True
3267.0,8.9,True
3112.0,9.0,True
3083.0,8.6,True
3084.0,8.1,True
3253.0,7.6,True
3346.0,6.9,True
3267.0,6.8,True
3018.0,6.7,True
2932.0,6.7,True
3035.0,6.7,True
3047.0,6.7,True
2762.0,8.5,True
2719.0,8.9,True
2472.0,9.4,True
2376.0,9.7,True
2326.0,9.8,True
2420.0,9.7,True
2673.0,9.6,True
2850.0,9.5,True
2989.0,9.5,True
2994.0,9.6,True
3005.0,9.7,True
3036.0,10.1,True
3161.0,10.7,True
2936.0,11.3,True
2809.0,11.6,True
2718.0,11.6,True
2685.0,11.4,True
2791.0,10.8,True
2742.0,10.8,True
2579.0,10.5,True
2427.0,10.2,True
2424.0,9.9,True
2617.0,9.7,True
2731.0,9.7,True
2507.0,9.6,True
2474.0,9.5,True
2250.0,9.5,True
2061.0,9.4,True
1992.0,9.4,True
1989.0,9.3,True
2086.0,9.1,True
2148.0,9.0,True
2221.0,9.0,True
2292.0,9.1,True
2403.0,9.3,True
2504.0,9.6,True
2635.0,10.8,True
2414.0,11.4,True
2277.0,11.6,True
2216.0,11.6,True
2234.0,11.4,True
2438.0,11.0,True
2537.0,9.7,True
2561.0,9.6,True
2418.0,9.5,True
2432.0,9.5,True
2657.0,9.4,True
2710.0,9.4,True
2448.0,9.1,True
2444.0,9.2,True
2261.0,9.1,True
2175.0,9.1,True
2198.0,9.0,True
2370.0,8.9,True
2615.0,8.7,True
2792.0,8.6,True
2981.0,8.6,True
3075.0,8.7,True
3146.0,8.9,True
3272.0,9.1,True
3445.0,9.8,True
3207.0,10.5,True
3120.0,10.8,True
3034.0,10.7,True
3039.0,10.3,True
3203.0,9.8,True
3302.0,8.5,True
3190.0,8.5,True
2985.0,8.4,True
2935.0,8.3,True
3082.0,8.3,True
3121.0,8.1,True
2834.0,8.2,True
2821.0,7.7,True
2637.0,7.4,True
2554.0,6.8,True
2549.0,6.3,True
2685.0,6.0,True
2931.0,5.9,True
3090.0,6.1,True
3275.0,6.2,True
3373.0,6.5,True
3442.0,6.8,True
3547.0,7.6,True
3719.0,7.5,True
3447.0,7.6,True
3313.0,7.8,True
3229.0,7.5,True
3233.0,6.8,True
3453.0,6.0,True
3541.0,5.9,True
3440.0,5.4,True
3225.0,4.9,True
3183.0,4.7,True
3346.0,4.5,True
3387.0,4.3,True
3106.0,3.0,True
3073.0,2.9,True
2889.0,2.7,True
2757.0,2.7,True
2727.0,2.7,True
2806.0,2.8,True
2946.0,2.7,True
3087.0,2.4,True
3223.0,2.3,True
3295.0,2.6,True
3423.0,2.7,True
3544.0,3.1,True
3662.0,4.8,True
3422.0,5.6,True
3236.0,6.4,True
3139.0,6.0,True
3136.0,5.5,True
3316.0,5.1,True
3411.0,4.4,True
3307.0,4.3,True
3111.0,4.2,True
3079.0,4.1,True
3219.0,4.1,True
3261.0,4.1,True
3034.0,4.6,True
2990.0,4.6,True
2756.0,4.6,True
2624.0,4.6,True
2556.0,4.6,True
2580.0,4.7,True
2689.0,3.2,True
2793.0,3.2,True
2909.0,3.2,True
3020.0,3.2,True
3131.0,3.3,True
3230.0,3.4,True
3410.0,3.9,True
3125.0,4.4,True
2964.0,4.6,True
2875.0,4.7,True
2882.0,4.8,True
3071.0,4.7,True
3209.0,5.3,True
3209.0,5.2,True
3029.0,5.1,True
2981.0,4.9,True
3140.0,4.8,True
3185.0,4.7,True
2932.0,4.6,True
2903.0,4.4,True
2737.0,4.2,True
2633.0,4.2,True
2648.0,4.1,True
2801.0,4.0,True
3064.0,3.6,True
3267.0,3.5,True
3418.0,3.2,True
3518.0,3.1,True
3581.0,3.0,True
3691.0,2.7,True
3855.0,3.2,True
3633.0,3.2,True
3548.0,3.3,True
3407.0,3.5,True
3392.0,3.4,True
3541.0,3.3,True
3681.0,2.6,True
3556.0,2.7,True
3398.0,2.6,True
3290.0,2.5,True
3449.0,2.3,True
3467.0,2.4,True
3263.0,2.6,True
3227.0,2.7,True
3025.0,2.6,True
2912.0,2.7,True
2872.0,2.7,True
2968.0,2.7,True
3205.0,3.3,True
3356.0,4.7,True
3495.0,5.0,True
3539.0,4.9,True
3536.0,5.1,True
3531.0,5.2,True
3609.0,6.4,True
3388.0,6.6,True
3187.0,9.4,True
3065.0,9.5,True
3031.0,9.0,True
3186.0,8.1,True
3215.0,7.7,True
3075.0,7.7,True
2867.0,7.8,True
2859.0,8.0,True
3052.0,7.9,True
3112.0,8.0,True
2889.0,8.0,True
2856.0,8.5,True
2674.0,8.5,True
2508.0,8.3,True
2396.0,8.3,True
2383.0,8.6,True
2465.0,9.6,True
2465.0,9.8,True
2468.0,9.9,True
2490.0,10.1,True
2531.0,10.4,True
2646.0,10.8,True
2882.0,11.4,True
2706.0,11.4,True
2592.0,11.2,True
2517.0,11.2,True
2520.0,11.2,True
2682.0,11.3,True
2833.0,11.3,True
2789.0,11.2,True
2650.0,11.4,True
2622.0,7.4,True
2796.0,5.5,True
2867.0,5.2,True
2588.0,5.3,True
2584.0,5.3,True
2450.0,5.2,True
2381.0,5.2,True
2407.0,5.3,True
2567.0,5.3,True
2853.0,5.1,True
3031.0,5.1,True
3226.0,5.1,True
3313.0,5.2,True
3344.0,5.4,True
3436.0,5.9,True
3586.0,6.9,True
3325.0,7.1,True
3215.0,7.2,True
3133.0,6.8,True
3174.0,6.4,True
3344.0,5.8,True
3496.0,6.0,True
3418.0,5.6,True
3180.0,5.4,True
3118.0,5.4,True
3305.0,5.2,True
3341.0,5.0,True
3092.0,4.5,True
3072.0,4.2,True
2917.0,4.0,True
2843.0,3.8,True
2900.0,3.5,True
3063.0,3.2,True
3346.0,2.2,True
3597.0,2.0,True
3842.0,1.7,True
3867.0,1.6,True
3858.0,2.3,True
3854.0,3.3,True
3886.0,4.1,True
3561.0,4.6,True
3370.0,4.6,True
3271.0,4.4,True
3324.0,3.6,True
3674.0,2.2,True
3899.0,1.3,True
3829.0,0.8,True
3633.0,0.4,True
3613.0,0.5,True
3788.0,0.3,True
3810.0,0.1,True
3594.0,-0.1,True
3565.0,-0.4,True
3360.0,-0.5,True
3317.0,-0.7,True
3280.0,-0.7,True
3361.0,-0.6,True
3492.0,0.1,True
3623.0,0.1,True
3741.0,0.2,True
3883.0,0.1,True
3978.0,0.2,True
4084.0,0.4,True
4256.0,0.5,True
4018.0,0.3,True
3855.0,0.3,True
3751.0,0.3,True
3673.0,0.4,True
3711.0,0.6,True
3727.0,0.2,True
3519.0,1.1,True
3201.0,2.2,True
3091.0,4.9,True
3199.0,10.9,True
3140.0,11.6,True
2847.0,11.3,True
2770.0,11.3,True
2582.0,11.0,True
2412.0,11.0,True
2331.0,10.9,True
2343.0,11.1,True
2424.0,10.9,True
2487.0,10.9,True
2589.0,10.9,True
2683.0,10.7,True
2815.0,11.2,True
2971.0,11.3,True
3125.0,11.5,True
2850.0,11.7,True
2694.0,11.9,True
2582.0,11.8,True
2576.0,11.8,True
2729.0,11.7,True
2915.0,11.6,True
2876.0,11.5,True
2653.0,11.5,True
2614.0,11.5,True
2787.0,11.9,True
2856.0,11.6,False
2594.0,11.4,False
2576.0,11.2,False
2402.0,10.9,False
2313.0,10.9,False
2354.0,10.5,False
2561.0,10.4,False
2944.0,9.7,False
3246.0,5.9,False
3473.0,5.5,False
3518.0,6.2,False
3442.0,6.4,False
3413.0,6.8,False
3468.0,7.0,False
3252.0,7.5,False
3172.0,7.4,False
3117.0,6.9,False
3144.0,6.3,False
3406.0,5.6,False
3707.0,5.2,False
3603.0,4.9,False
3345.0,4.8,False
3285.0,4.6,False
3427.0,4.6,False
3477.0,4.5,False
3216.0,3.9,False
3203.0,3.8,False
3033.0,3.5,False
2952.0,3.1,False
2972.0,2.9,False
3211.0,2.7,False
3624.0,3.0,False
3904.0,2.7,False
4057.0,2.7,False
4027.0,2.8,False
3954.0,3.7,False
3948.0,4.8,False
4063.0,6.0,False
3843.0,6.7,False
3690.0,6.8,False
3626.0,6.6,False
3606.0,5.7,False
3755.0,5.0,False
3957.0,5.1,False
3787.0,4.9,False
3513.0,4.6,False
3395.0,4.4,False
3499.0,4.3,False
3492.0,4.2,False
3207.0,4.6,False
3170.0,4.5,False
2994.0,4.3,False
2908.0,4.2,False
2885.0,4.0,False
3064.0,3.9,False
3465.0,3.7,False
3705.0,3.8,False
3976.0,3.8,False
3969.0,3.8,False
3954.0,8.2,False
3972.0,11.9,False
4008.0,12.3,False
3745.0,12.1,False
3517.0,11.4,False
3355.0,11.3,False
3300.0,11.1,False
3414.0,11.1,False
3614.0,10.9,False
3439.0,10.6,False
3173.0,10.4,False
3063.0,10.6,False
3164.0,10.3,False
3159.0,10.2,False
2865.0,9.4,False
2816.0,9.1,False
2620.0,8.7,False
2474.0,8.0,False
2523.0,5.8,False
2726.0,5.2,False
3158.0,4.1,False
3518.0,3.8,False
3655.0,3.4,False
3708.0,3.0,False
3634.0,3.2,False
3569.0,3.8,False
3591.0,6.3,False
3373.0,6.8,False
3231.0,6.9,False
3167.0,6.5,False
3244.0,5.7,False
3496.0,4.2,False
3725.0,4.6,False
3575.0,4.4,False
3367.0,4.3,False
3327.0,4.5,False
3486.0,4.2,False
3525.0,3.2,False
3228.0,3.1,False
3218.0,2.1,False
3061.0,1.9,False
2978.0,1.2,False
3047.0,0.3,False
3231.0,0.2,False
3645.0,0.2,False
3939.0,0.1,False
4083.0,0.1,False
4084.0,0.6,False
4079.0,1.0,False
4103.0,1.1,False
4179.0,1.2,False
3961.0,1.4,False
3823.0,1.6,False
3701.0,1.8,False
3630.0,1.9,False
3763.0,1.8,False
3849.0,2.0,False
3700.0,2.0,False
3438.0,2.0,False
3380.0,2.0,False
3492.0,2.0,False
3516.0,2.1,False
3205.0,2.0,False
3151.0,2.2,False
2936.0,2.2,False
2818.0,2.1,False
2773.0,1.8,False
2833.0,1.3,False
2987.0,1.6,False
3153.0,1.0,False
3294.0,0.5,False
3438.0,0.5,False
3434.0,1.9,False
3405.0,3.4,False
3532.0,4.9,False
3255.0,5.7,False
3035.0,5.9,False
2910.0,5.9,False
2948.0,5.1,False
3172.0,3.6,False
3446.0,1.8,False
3411.0,1.0,False
3248.0,0.5,False
3244.0,-0.1,False
3423.0,-0.4,False
3552.0,-0.7,False
3327.0,-0.7,False
3289.0,-0.8,False
3101.0,-0.7,False
3020.0,-0.8,False
3001.0,-1.0,False
3052.0,-1.2,False
3234.0,-1.4,False
3351.0,-1.7,False
3531.0,-1.9,False
3628.0,-1.6,False
3655.0,-0.2,False
3730.0,1.3,False
3868.0,3.2,False
3518.0,4.2,False
3258.0,4.8,False
3105.0,4.8,False
3099.0,4.4,False
3396.0,2.7,False
3770.0,1.3,False
3812.0,0.4,False
3651.0,-0.1,False
3620.0,-0.7,False
3816.0,-1.0,False
3875.0,-1.2,False
3700.0,-0.8,False
3736.0,-1.2,False
3607.0,-1.2,False
3553.0,-1.1,False
3600.0,-1.3,False
3822.0,-1.4,False
4247.0,-1.2,False
4532.0,-1.1,False
4697.0,-1.4,False
4667.0,-1.1,False
4500.0,-0.1,False
4302.0,0.8,False
4310.0,2.0,False
4012.0,2.9,False
3839.0,3.4,False
3827.0,3.7,False
3888.0,3.0,False
4114.0,1.4,False
4386.0,0.1,False
4352.0,-0.5,False
4120.0,-0.9,False
4031.0,-1.3,False
4172.0,-1.5,False
4243.0,-1.6,False
4015.0,-2.3,False
4042.0,-2.0,False
3929.0,-1.8,False
3873.0,-1.7,False
3878.0,-2.2,False
4080.0,-2.2,False
4496.0,-2.4,False
4746.0,-2.6,False
4916.0,-2.5,False
4853.0,-1.9,False
4579.0,-0.8,False
4476.0,0.8,False
4406.0,2.6,False
4076.0,3.8,False
3800.0,4.6,False
3684.0,4.8,False
3706.0,4.1,False
3883.0,2.4,False
4358.0,1.1,False
4263.0,0.2,False
4075.0,0.2,False
4020.0,-0.2,False
4129.0,-0.8,False
4176.0,-1.2,False
3952.0,-1.4,False
3982.0,-1.5,False
3862.0,-1.6,False
3783.0,-1.6,False
3792.0,-1.5,False
3972.0,-1.4,False
4350.0,1.2,False
4606.0,1.0,False
4749.0,0.6,False
4673.0,0.5,False
4493.0,1.2,False
4339.0,1.8,False
4297.0,4.2,False
3960.0,5.7,False
3733.0,6.1,False
3628.0,6.1,False
3634.0,5.2,False
3783.0,4.1,False
4103.0,3.0,False
3992.0,2.8,False
3758.0,2.6,False
3628.0,2.4,False
3738.0,2.7,False
3771.0,3.0,False
3526.0,3.4,False
3490.0,3.2,False
3281.0,3.2,False
3159.0,3.1,False
3169.0,3.0,False
3312.0,2.8,False
3704.0,3.1,False
3976.0,3.2,False
4078.0,3.1,False
4027.0,2.9,False
3862.0,3.6,False
3807.0,4.8,False
3852.0,4.5,False
3504.0,5.3,False
3306.0,5.7,False
3203.0,5.6,False
3231.0,5.0,False
3464.0,3.5,False
3828.0,1.2,False
3771.0,0.7,False
3549.0,0.5,False
3503.0,0.5,False
3659.0,0.3,False
3673.0,0.2,False
3464.0,0.4,False
3452.0,-0.6,False
3329.0,-0.9,False
3264.0,-1.1,False
3339.0,-1.3,False
3551.0,-1.4,False
3983.0,-2.3,False
4278.0,-2.4,False
4434.0,-2.4,False
4389.0,-2.3,False
4205.0,-1.7,False
4116.0,-0.8,False
4048.0,-0.4,False
3745.0,0.3,False
3540.0,0.9,False
3407.0,1.3,False
3411.0,1.3,False
3633.0,0.9,False
3922.0,0.6,False
3879.0,0.4,False
3677.0,0.2,False
3655.0,-0.1,False
3853.0,-0.6,False
3891.0,-0.9,False
3637.0,-1.6,False
3644.0,-2.0,False
3498.0,-2.3,False
3365.0,-2.5,False
3323.0,-2.5,False
3405.0,-2.6,False
3543.0,-2.0,False
3717.0,-2.2,False
3882.0,-2.3,False
4012.0,-2.4,False
4043.0,-2.1,False
4068.0,-1.5,False
4223.0,-0.9,False
3952.0,-0.4,False
3781.0,0.0,False
3684.0,0.4,False
3680.0,0.3,False
3808.0,-0.3,False
4019.0,-0.6,False
3915.0,-0.7,False
3684.0,-0.8,False
3644.0,-1.2,False
3810.0,-1.7,False
3854.0,-1.8,False
3604.0,-1.5,False
3579.0,-1.5,False
3403.0,-1.6,False
3252.0,-1.4,False
3206.0,-1.2,False
3228.0,-1.1,False
3339.0,-1.3,False
3403.0,-1.2,False
3530.0,-1.0,False
3651.0,-0.6,False
3754.0,0.1,False
3836.0,1.3,False
3924.0,1.7,False
3608.0,1.9,False
3265.0,2.3,False
3157.0,2.6,False
3178.0,2.5,False
3357.0,2.1,False
3698.0,1.8,False
3723.0,1.6,False
3549.0,1.3,False
3524.0,1.3,False
3692.0,1.3,False
3767.0,1.1,False
3577.0,1.0,False
3595.0,0.9,False
3465.0,0.6,False
3395.0,0.3,False
3451.0,0.1,False
3691.0,0.1,False
4105.0,-0.8,False
4402.0,-1.0,False
4569.0,-1.1,False
4537.0,-1.0,False
4492.0,-0.6,False
4513.0,0.1,False
4513.0,2.2,False
4279.0,3.3,False
4039.0,4.0,False
3928.0,4.2,False
3936.0,3.9,False
4079.0,2.5,False
4406.0,0.1,False
4295.0,-0.6,False
4011.0,-1.1,False
3919.0,-1.5,False
4048.0,-1.7,False
4069.0,-1.8,False
3832.0,-1.0,False
3838.0,-0.8,False
3673.0,-0.6,False
3605.0,-0.4,False
3621.0,-0.3,False
3766.0,-0.4,False
4180.0,-0.8,False
4453.0,-0.9,False
4559.0,-1.0,False
4553.0,-0.7,False
4532.0,-0.1,False
4555.0,0.7,False
4604.0,2.6,False
4284.0,3.5,False
4121.0,4.2,False
4050.0,4.5,False
3990.0,4.1,False
4081.0,3.4,False
4312.0,3.0,False
4174.0,2.9,False
3873.0,2.8,False
3773.0,2.6,False
3835.0,2.5,False
3844.0,2.4,False
3538.0,1.8,False
3551.0,1.8,False
3349.0,1.7,False
3244.0,1.5,False
3245.0,1.4,False
3413.0,1.3,False
3727.0,1.6,False
3969.0,1.6,False
4123.0,1.8,False
4167.0,2.4,False
4127.0,3.0,False
4205.0,3.5,False
4226.0,3.9,False
4031.0,4.4,False
3852.0,4.8,False
3739.0,4.9,False
3709.0,4.8,False
3739.0,4.2,False
4027.0,4.7,False
3893.0,3.8,False
3567.0,2.9,False
3540.0,1.6,False
3662.0,0.7,False
3766.0,-0.1,False
3472.0,-0.4,False
3495.0,-0.8,False
3342.0,-1.0,False
3270.0,-1.0,False
3278.0,-0.5,False
3500.0,0.5,False
3866.0,1.3,False
4167.0,1.3,False
4251.0,1.9,False
4245.0,3.2,False
4100.0,5.4,False
4012.0,7.9,False
4021.0,9.2,False
3785.0,9.2,False
3643.0,9.0,False
3574.0,9.1,False
3530.0,8.3,False
3591.0,7.0,False
3852.0,7.7,False
3742.0,7.0,False
3430.0,6.1,False
3325.0,6.9,False
3440.0,7.9,False
3458.0,8.6,False
3168.0,8.1,False
3153.0,7.8,False
2972.0,8.0,False
2888.0,7.8,False
2883.0,8.3,False
3015.0,9.6,False
3391.0,9.7,False
3618.0,9.7,False
3719.0,9.7,False
3721.0,10.0,False
3678.0,10.2,False
3749.0,10.6,False
3801.0,9.8,False
3564.0,9.1,False
3444.0,8.8,False
3349.0,8.5,False
3316.0,8.0,False
3379.0,7.6,False
3552.0,6.9,False
3454.0,6.6,False
3166.0,6.5,False
3096.0,6.1,False
3267.0,6.2,False
3274.0,5.8,False
2972.0,5.6,False
2907.0,5.6,False
2682.0,5.5,False
2591.0,5.1,False
2514.0,4.9,False
2593.0,4.7,False
2761.0,4.0,False
2885.0,3.7,False
3021.0,3.5,False
3163.0,3.9,False
3208.0,4.8,False
3305.0,6.3,False
3511.0,5.7,False
3252.0,6.4,False
3177.0,6.7,False
3121.0,6.6,False
3128.0,6.6,False
3258.0,6.5,False
3490.0,5.1,False
3428.0,4.0,False
3254.0,3.1,False
3251.0,2.3,False
3458.0,1.8,False
3491.0,1.9,False
3287.0,4.6,False
3264.0,4.5,False
3003.0,5.2,False
2877.0,5.5,False
2788.0,5.4,False
2806.0,5.2,False
2896.0,4.2,False
2982.0,4.1,False
3108.0,5.4,False
3239.0,6.4,False
3346.0,7.1,False
3458.0,8.1,False
3588.0,8.8,False
3191.0,9.1,False
2960.0,9.9,False
2772.0,10.4,False
2743.0,10.3,False
2840.0,10.3,False
3202.0,9.6,False
3234.0,10.0,False
3066.0,10.0,False
2950.0,10.6,False
3050.0,10.4,False
3079.0,9.0,False
2921.0,8.1,False
2892.0,8.3,False
2725.0,8.3,False
2617.0,7.7,False
2676.0,7.6,False
2864.0,7.3,False
3298.0,7.0,False
3579.0,7.0,False
3707.0,7.0,False
3759.0,7.4,False
3643.0,8.2,False
3702.0,9.0,False
3798.0,9.0,False
3558.0,9.4,False
3387.0,9.2,False
3267.0,9.2,False
3315.0,8.7,False
3461.0,7.8,False
3822.0,7.4,False
3681.0,7.3,False
3442.0,7.3,False
3370.0,7.2,False
3483.0,7.6,False
3501.0,8.1,False
3238.0,8.6,False
3208.0,8.8,False
2987.0,8.7,False
2870.0,8.7,False
2847.0,8.4,False
2995.0,8.0,False
3348.0,7.9,False
3652.0,7.4,False
3710.0,7.1,False
3650.0,7.2,False
3541.0,8.2,False
3596.0,9.5,False
3632.0,10.5,False
3418.0,10.5,False
3337.0,10.3,False
3266.0,9.8,False
3261.0,9.2,False
3379.0,8.4,False
3680.0,7.7,False
3586.0,7.5,False
3320.0,7.1,False
3229.0,6.7,False
3339.0,6.2,False
3373.0,6.1,False
3111.0,6.2,False
3078.0,6.2,False
2895.0,6.2,False
2836.0,5.7,False
2823.0,7.0,False
2975.0,8.6,False
3337.0,8.3,False
3552.0,9.2,False
3728.0,9.2,False
3724.0,8.9,False
3729.0,9.0,False
3806.0,8.8,False
3865.0,9.7,False
3630.0,9.8,False
3487.0,9.5,False
3337.0,9.1,False
3272.0,8.7,False
3279.0,7.8,False
3624.0,7.4,False
3500.0,7.1,False
3234.0,7.0,False
3128.0,6.7,False
3277.0,6.9,False
3336.0,6.5,False
3125.0,6.6,False
3100.0,6.5,False
2937.0,6.4,False
2862.0,6.2,False
2858.0,5.8,False
3051.0,6.2,False
3401.0,6.6,False
3703.0,6.8,False
3796.0,6.4,False
3758.0,6.3,False
3669.0,6.7,False
3584.0,6.9,False
3627.0,7.1,False
3384.0,7.4,False
3207.0,7.5,False
3110.0,7.4,False
3172.0,7.0,False
3307.0,6.0,False
3655.0,5.2,False
3597.0,4.6,False
3379.0,4.0,False
3336.0,3.2,False
3513.0,2.3,False
3554.0,1.6,False
3348.0,0.8,False
3368.0,0.5,False
3235.0,0.2,False
3177.0,-0.0,False
3203.0,-0.2,False
3356.0,-0.4,False
3691.0,0.1,False
3985.0,1.8,False
4025.0,2.3,False
3990.0,3.2,False
3891.0,4.1,False
3911.0,5.1,False
3962.0,7.2,False
3691.0,7.3,False
3510.0,7.5,False
3365.0,7.5,False
3305.0,7.2,False
3356.0,7.1,False
3597.0,6.1,False
3539.0,5.0,False
3347.0,4.0,False
3324.0,3.2,False
3493.0,2.4,False
3527.0,2.8,False
3242.0,1.7,False
3231.0,1.1,False
3059.0,0.7,False
2930.0,0.5,False
2876.0,0.8,False
2937.0,1.1,False
3092.0,0.3,False
3251.0,0.4,False
3407.0,0.4,False
3504.0,0.3,False
3470.0,0.6,False
3461.0,1.6,False
3600.0,2.9,False
3324.0,3.6,False
3175.0,4.0,False
3123.0,4.1,False
3122.0,4.1,False
3250.0,3.9,False
3520.0,4.7,False
3463.0,4.2,False
3273.0,3.5,False
3249.0,3.0,False
3445.0,2.5,False
3522.0,2.2,False
3284.0,3.2,False
3276.0,3.2,False
3107.0,2.9,False
2976.0,2.5,False
2946.0,2.5,False
2991.0,2.7,False
3123.0,1.0,False
3220.0,0.9,False
3361.0,1.0,False
3497.0,1.2,False
3562.0,2.1,False
3593.0,3.2,False
3648.0,4.1,False
3252.0,4.7,False
3005.0,5.2,False
2879.0,5.3,False
2865.0,5.3,False
3042.0,5.1,False
3453.0,6.0,False
3482.0,4.9,False
3303.0,4.7,False
3277.0,4.8,False
3458.0,4.6,False
3510.0,4.4,False
3293.0,-1.0,False
3316.0,-1.4,False
3180.0,-1.7,False
3110.0,-1.9,False
3144.0,-2.0,False
3355.0,-2.1,False
3779.0,-1.9,False
4062.0,-2.1,False
4169.0,-2.1,False
4193.0,-1.1,False
4144.0,0.5,False
4075.0,3.0,False
4052.0,5.1,False
3788.0,6.9,False
3572.0,7.8,False
3442.0,8.5,False
3418.0,8.1,False
3508.0,6.5,False
3871.0,5.0,False
3790.0,3.8,False
3498.0,2.6,False
3392.0,1.5,False
3523.0,0.7,False
3546.0,-0.0,False
3302.0,3.3,False
3306.0,3.4,False
3169.0,3.5,False
3076.0,3.6,False
3122.0,3.6,False
3336.0,4.0,False
3714.0,5.5,False
4032.0,5.6,False
4111.0,5.5,False
4082.0,5.5,False
3934.0,5.7,False
3912.0,6.4,False
3810.0,9.5,False
3503.0,10.2,False
3287.0,10.2,False
3201.0,10.0,False
3230.0,9.3,False
3313.0,8.7,False
3607.0,8.3,False
3574.0,8.1,False
3257.0,7.7,False
3176.0,7.3,False
3285.0,6.9,False
3342.0,6.5,False
3085.0,5.3,False
3072.0,4.2,False
2908.0,3.2,False
2865.0,2.4,False
2902.0,1.7,False
3123.0,1.2,False
3522.0,2.2,False
3830.0,1.6,False
3991.0,1.2,False
3905.0,1.5,False
3715.0,3.0,False
3612.0,5.5,False
3543.0,8.6,False
3269.0,10.1,False
3101.0,10.5,False
2947.0,10.4,False
2974.0,9.7,False
3117.0,8.4,False
3511.0,7.0,False
3459.0,6.4,False
3245.0,5.6,False
3164.0,4.8,False
3315.0,4.3,False
3355.0,3.9,False
3115.0,4.2,False
3135.0,4.1,False
2984.0,4.0,False
2891.0,3.8,False
2932.0,3.9,False
3108.0,4.1,False
3520.0,4.0,False
3812.0,3.8,False
3917.0,3.5,False
3825.0,3.4,False
3703.0,3.3,False
3680.0,3.4,False
3752.0,5.3,False
3454.0,5.8,False
3331.0,6.3,False
3251.0,6.4,False
3250.0,5.9,False
3451.0,4.7,False
3830.0,3.8,False
3778.0,3.0,False
3539.0,2.3,False
3449.0,1.6,False
3570.0,1.4,False
3602.0,1.6,False
3356.0,1.9,False
3319.0,1.9,False
3149.0,1.8,False
3065.0,1.6,False
3078.0,1.4,False
3254.0,1.3,False
3652.0,0.9,False
3965.0,0.8,False
4088.0,0.7,False
4093.0,0.9,False
4073.0,1.2,False
4103.0,1.4,False
4185.0,1.4,False
3992.0,1.5,False
3900.0,1.6,False
3771.0,1.5,False
3727.0,1.3,False
3810.0,0.9,False
4039.0,0.9,False
3957.0,0.6,False
3694.0,0.3,False
3620.0,0.6,False
3756.0,0.8,False
3765.0,0.6,True
3450.0,-0.9,True
3441.0,-1.3,True
3240.0,-1.2,True
3111.0,-1.3,True
3066.0,-1.6,True
3116.0,-1.9,True
3268.0,0.3,True
3396.0,0.2,True
3520.0,0.2,True
3647.0,0.3,True
3629.0,0.9,True
3653.0,1.4,True
3765.0,2.4,True
3491.0,3.2,True
3307.0,4.0,True
3198.0,4.4,True
3148.0,4.7,True
3240.0,4.3,True
3484.0,3.7,True
3474.0,3.5,True
3270.0,3.4,True
3243.0,3.2,True
3419.0,3.2,True
3482.0,3.1,True
3233.0,0.7,True
3226.0,0.2,True
3038.0,-0.3,True
2917.0,-0.5,True
2853.0,-0.5,True
2880.0,-0.2,True
2988.0,-0.2,True
3116.0,0.3,True
3206.0,0.8,True
3312.0,1.7,True
3365.0,3.1,True
3422.0,3.8,True
3507.0,4.6,True
3159.0,5.1,True
2931.0,5.3,True
2800.0,5.4,True
2815.0,5.3,True
2956.0,4.9,True
3308.0,3.1,True
3381.0,3.0,True
3220.0,3.1,True
3186.0,3.7,True
3353.0,3.9,True
3402.0,3.8,True
3224.0,2.4,True
3209.0,1.5,True
3080.0,1.7,True
3015.0,1.9,True
3043.0,2.0,True
3285.0,1.9,True
3638.0,-0.8,True
3923.0,-1.1,True
4112.0,-1.6,True
4119.0,-1.2,True
4019.0,0.1,True
4056.0,2.4,True
4072.0,3.3,True
3883.0,4.0,True
3746.0,4.7,True
3628.0,5.0,True
3566.0,4.7,True
3635.0,4.2,True
3940.0,2.7,True
3866.0,1.4,True
3592.0,0.7,True
3537.0,0.6,True
3682.0,-0.0,True
3779.0,-0.8,True
3533.0,-0.8,True
3548.0,-1.3,True
3418.0,-1.9,True
3357.0,-2.2,True
3392.0,-2.2,True
3599.0,-2.2,True
3951.0,-2.0,True
4200.0,-1.7,True
4339.0,-1.2,True
4299.0,-0.4,True
4186.0,0.5,True
4081.0,1.9,True
4012.0,4.0,True
3686.0,5.2,True
3440.0,5.8,True
3263.0,5.5,True
3210.0,5.3,True
3305.0,5.0,True
3709.0,4.7,True
3758.0,4.3,True
3514.0,4.0,True
3446.0,3.7,True
3580.0,3.6,True
3613.0,3.6,True
3336.0,3.9,True
3310.0,4.0,True
3130.0,4.1,True
3017.0,4.2,True
3013.0,4.1,True
3189.0,4.1,True
3506.0,3.8,True
3784.0,3.8,True
3897.0,3.9,True
3924.0,4.1,True
3835.0,4.4,True
3956.0,4.9,True
4010.0,5.6,True
3806.0,6.2,True
3663.0,6.7,True
3593.0,7.0,True
3525.0,7.3,True
3540.0,7.3,True
3764.0,6.2,True
3693.0,5.8,True
3384.0,5.6,True
3302.0,5.4,True
3383.0,5.2,True
3396.0,5.1,True
3138.0,4.9,True
3138.0,4.8,True
2940.0,4.8,True
2843.0,4.7,True
2850.0,4.8,True
3002.0,4.8,True
3343.0,4.6,True
3606.0,4.5,True
3717.0,4.3,True
3759.0,4.3,True
3738.0,4.4,True
3824.0,4.5,True
3905.0,6.7,True
3697.0,7.1,True
3601.0,7.2,True
3542.0,7.1,True
3535.0,7.0,True
3553.0,6.7,True
3780.0,6.0,True
3711.0,5.6,True
3436.0,5.4,True
3352.0,5.3,True
3457.0,5.1,True
3482.0,5.0,True
3295.0,4.6,True
3215.0,4.7,True
3037.0,4.7,True
2984.0,4.7,True
2997.0,4.5,True
3138.0,4.3,True
3504.0,5.5,True
3731.0,5.4,True
3867.0,5.3,True
3885.0,5.3,True
3879.0,5.4,True
3991.0,5.4,True
4002.0,4.9,True
3745.0,5.0,True
3589.0,5.1,True
3477.0,5.1,True
3420.0,5.1,True
3448.0,5.1,True
3626.0,5.1,True
3630.0,5.1,True
3374.0,5.0,True
3319.0,5.0,True
3438.0,4.8,True
3507.0,4.5,True
3192.0,4.4,True
3172.0,4.2,True
3014.0,3.9,True
2862.0,3.5,True
2863.0,3.0,True
2891.0,2.5,True
3069.0,2.3,True
3230.0,2.1,True
3348.0,2.0,True
3451.0,2.6,True
3332.0,3.4,True
3237.0,4.9,True
3284.0,6.4,True
2946.0,7.6,True
2725.0,8.3,True
2606.0,8.5,True
2545.0,8.2,True
2686.0,7.2,True
3008.0,5.1,True
3126.0,4.1,True
2953.0,3.5,True
2974.0,3.1,True
3192.0,2.8,True
3291.0,2.3,True
3051.0,1.7,True
3159.0,1.5,True
2944.0,1.2,True
2855.0,1.2,True
2834.0,1.2,True
2892.0,1.0,True
3033.0,0.8,True
3156.0,0.7,True
3279.0,0.7,True
3355.0,1.3,True
3351.0,2.5,True
3353.0,4.1,True
3382.0,5.4,True
3025.0,6.3,True
2820.0,7.0,True
2764.0,7.4,True
2752.0,7.7,True
2865.0,7.1,True
3173.0,5.6,True
3284.0,4.5,True
3115.0,3.5,True
3062.0,3.0,True
3225.0,2.4,True
3277.0,1.9,True
3028.0,0.6,True
3026.0,0.2,True
2863.0,-0.2,True
2776.0,-0.4,True
2780.0,-0.6,True
3018.0,-0.6,True
3347.0,-0.4,True
3584.0,-0.5,True
3755.0,-0.5,True
3798.0,0.6,True
3788.0,2.3,True
3799.0,4.1,True
3838.0,6.0,True
3579.0,7.3,True
3422.0,8.1,True
3296.0,8.4,True
3280.0,8.3,True
3270.0,7.6,True
3571.0,7.5,True
3541.0,6.9,True
3259.0,6.6,True
3169.0,6.1,True
3288.0,6.0,True
3302.0,5.8,True
3038.0,3.9,True
3036.0,3.1,True
2873.0,2.4,True
2805.0,1.9,True
2822.0,1.6,True
3039.0,1.4,True
3396.0,1.6,True
3684.0,1.3,True
3798.0,1.1,True
3810.0,1.6,True
3792.0,2.8,True
3642.0,4.7,True
3618.0,7.3,True
3333.0,8.6,True
3135.0,9.3,True
2973.0,9.5,True
2977.0,9.1,True
3024.0,8.2,True
3333.0,6.8,True
3435.0,5.9,True
3174.0,5.4,True
3127.0,5.1,True
3318.0,4.8,True
3319.0,4.5,True
3080.0,4.4,True
3024.0,4.1,True
2885.0,3.9,True
2800.0,3.7,True
2819.0,3.4,True
2955.0,3.4,True
3270.0,3.7,True
3514.0,3.7,True
3604.0,3.8,True
3602.0,4.2,True
3567.0,4.8,True
3581.0,5.6,True
3591.0,8.6,True
3291.0,9.8,True
3012.0,11.1,True
2844.0,11.3,True
2825.0,11.2,True
2870.0,10.6,True
3167.0,10.5,True
3192.0,10.1,True
3008.0,9.8,True
2936.0,9.7,True
3047.0,9.7,True
3083.0,10.0,True
2793.0,10.4,True
2758.0,10.4,True
2575.0,10.5,True
2444.0,10.6,True
2427.0,10.8,True
2552.0,10.8,True
2873.0,11.0,True
3073.0,11.1,True
3231.0,11.2,True
3266.0,11.5,True
3260.0,11.6,True
3340.0,11.7,True
3385.0,11.7,True
3223.0,11.6,True
3108.0,11.0,True
3012.0,10.8,True
2980.0,10.8,True
2987.0,10.9,True
3197.0,11.3,True
3170.0,11.2,True
2927.0,11.1,True
2832.0,11.1,True
2967.0,11.0,True
2970.0,11.0,True
2680.0,11.1,True
2641.0,10.9,True
2451.0,11.0,True
2338.0,10.7,True
2324.0,10.6,True
2478.0,11.7,True
2776.0,11.2,True
3007.0,10.8,True
3125.0,10.5,True
3117.0,10.4,True
3125.0,10.8,True
3174.0,11.5,True
3272.0,12.4,True
3067.0,12.5,True
2982.0,12.5,True
2861.0,12.0,True
2830.0,11.7,True
2896.0,11.3,True
3055.0,10.8,True
3033.0,10.5,True
2827.0,10.3,True
2754.0,10.0,True
2912.0,10.0,True
2914.0,9.7,True
2620.0,9.6,True
2560.0,9.4,True
2359.0,9.5,True
2208.0,9.5,True
2135.0,9.4,True
2181.0,9.1,True
2331.0,9.2,True
2470.0,8.9,True
2608.0,8.8,True
2670.0,9.0,True
2617.0,9.5,True
2610.0,10.2,True
2743.0,12.3,True
2480.0,13.2,True
2304.0,13.6,True
2212.0,13.5,True
2150.0,13.0,True
2217.0,12.1,True
2470.0,10.3,True
2602.0,9.1,True
2460.0,8.3,True
2474.0,7.8,True
2683.0,7.8,True
2774.0,8.2,True
2534.0,8.2,True
2498.0,8.7,True
2321.0,8.9,True
2182.0,9.0,True
2129.0,9.1,True
2157.0,9.1,True
2241.0,9.0,True
2332.0,9.1,True
2448.0,9.2,True
2564.0,9.9,True
2629.0,10.9,True
2715.0,11.5,True
2894.0,12.1,True
2602.0,12.2,True
2453.0,11.8,True
2350.0,11.7,True
2379.0,11.4,True
2475.0,10.9,True
2765.0,10.5,True
2863.0,10.3,True
2689.0,10.2,True
2617.0,10.3,True
2776.0,10.1,True
2830.0,10.0,False
2574.0,10.1,False
2561.0,9.9,False
2376.0,10.0,False
2290.0,10.0,False
2300.0,10.3,False
2499.0,10.4,False
2908.0,10.7,False
3149.0,10.8,False
3281.0,10.7,False
3221.0,10.8,False
3083.0,10.8,False
3052.0,10.8,False
3100.0,11.4,False
2818.0,12.1,False
2678.0,12.4,False
2578.0,12.1,False
2555.0,11.6,False
2574.0,10.8,False
2887.0,9.8,False
2924.0,9.4,False
2736.0,9.1,False
2681.0,9.0,False
2835.0,8.9,False
2869.0,8.9,False
2584.0,8.3,False
2564.0,8.5,False
2381.0,8.7,False
2263.0,8.6,False
2318.0,7.7,False
2505.0,7.2,False
2960.0,6.8,False
3239.0,6.8,False
3333.0,6.5,False
3288.0,7.3,False
3121.0,8.4,False
3169.0,9.4,False
3226.0,10.2,False
3043.0,10.6,False
2865.0,10.6,False
2762.0,10.3,False
2709.0,9.9,False
2776.0,9.1,False
3087.0,7.9,False
3230.0,7.0,False
3014.0,6.2,False
2964.0,5.7,False
3081.0,5.6,False
3150.0,5.2,False
2885.0,4.5,False
2897.0,4.1,False
2753.0,3.8,False
2689.0,3.6,False
2699.0,3.5,False
2899.0,3.3,False
3272.0,3.0,False
3479.0,3.5,False
3562.0,4.7,False
3529.0,6.6,False
3482.0,8.7,False
3527.0,9.4,False
3615.0,10.5,False
3369.0,9.6,False
3229.0,9.2,False
3054.0,9.3,False
3053.0,9.4,False
3091.0,9.4,False
3367.0,7.7,False
3472.0,6.6,False
3218.0,5.4,False
3177.0,4.5,False
3307.0,3.9,False
3370.0,3.3,False
3127.0,3.1,False
3132.0,2.7,False
2997.0,2.4,False
2915.0,2.0,False
2985.0,1.6,False
3174.0,1.4,False
3659.0,1.7,False
3941.0,1.5,False
3981.0,2.0,False
3774.0,4.2,False
3557.0,6.5,False
3472.0,8.6,False
3492.0,10.0,False
3267.0,10.3,False
3127.0,10.1,False
3057.0,9.7,False
2967.0,8.9,False
3099.0,7.6,False
3329.0,6.4,False
3531.0,5.1,False
3277.0,4.1,False
3230.0,3.2,False
3398.0,2.6,False
3471.0,2.2,False
3250.0,2.0,False
3264.0,1.5,False
3140.0,0.9,False
3082.0,0.4,False
3128.0,0.1,False
3367.0,-0.1,False
3781.0,-0.4,False
4054.0,-0.5,False
4064.0,0.2,False
3824.0,2.2,False
3549.0,5.6,False
3447.0,7.7,False
3483.0,8.3,False
3175.0,8.8,False
2991.0,9.2,False
2840.0,9.1,False
2759.0,8.6,False
2829.0,7.6,False
3098.0,5.9,False
3300.0,4.6,False
3144.0,4.1,False
3141.0,3.6,False
3306.0,3.1,False
3348.0,2.8,False
3136.0,2.5,False
3112.0,2.0,False
2952.0,2.0,False
2873.0,2.5,False
2871.0,2.8,False
2944.0,3.0,False
3135.0,2.5,False
3268.0,1.9,False
3370.0,2.1,False
3282.0,3.6,False
3094.0,5.2,False
3055.0,6.6,False
3163.0,7.3,False
2861.0,8.1,False
2679.0,8.1,False
2546.0,7.9,False
2546.0,7.4,False
2645.0,6.4,False
2935.0,5.1,False
3102.0,4.2,False
2983.0,3.6,False
3015.0,3.1,False
3172.0,2.6,False
3306.0,2.4,False
3060.0,2.5,False
3058.0,2.7,False
2922.0,2.7,False
2821.0,2.2,False
2798.0,1.8,False
2874.0,1.6,False
2981.0,1.2,False
3068.0,1.2,False
3152.0,1.5,False
3116.0,2.7,False
3001.0,4.3,False
3027.0,5.9,False
3077.0,6.0,False
2712.0,7.0,False
2476.0,7.7,False
2347.0,8.1,False
2258.0,8.2,False
2391.0,7.8,False
2709.0,6.5,False
3109.0,4.8,False
2911.0,3.7,False
2876.0,3.0,False
3071.0,2.5,False
3154.0,2.1,False
2974.0,1.8,False
3003.0,1.6,False
2889.0,1.3,False
2843.0,1.0,False
2911.0,0.8,False
3188.0,0.5,False
3631.0,-0.7,False
3931.0,-1.4,False
3983.0,-0.6,False
3760.0,1.4,False
3529.0,4.9,False
3353.0,7.0,False
3346.0,8.6,False
3084.0,9.2,False
2919.0,9.6,False
2784.0,9.6,False
2713.0,9.2,False
2799.0,8.2,False
3128.0,6.3,False
3285.0,5.0,False
3077.0,3.9,False
3034.0,3.2,False
3199.0,2.5,False
3285.0,2.1,False
3040.0,1.6,False
3051.0,1.5,False
2908.0,1.3,False
2864.0,0.9,False
2892.0,0.4,False
3141.0,0.1,False
3561.0,0.0,False
3756.0,-0.0,False
3863.0,0.8,False
3681.0,2.6,False
3459.0,5.2,False
3297.0,7.2,False
3290.0,8.8,False
3033.0,9.3,False
2857.0,9.9,False
2709.0,10.2,False
2648.0,10.2,False
2686.0,9.7,False
2963.0,7.4,False
3203.0,5.7,False
3068.0,4.5,False
2945.0,3.4,False
3141.0,2.6,False
3198.0,2.3,False
2978.0,2.0,False
2969.0,2.1,False
2840.0,1.8,False
2773.0,1.2,False
2823.0,0.4,False
3034.0,-0.1,False
3460.0,0.6,False
3686.0,1.8,False
3710.0,2.4,False
3494.0,4.2,False
3243.0,6.6,False
3122.0,9.2,False
3136.0,11.2,False
2849.0,12.3,False
2692.0,13.1,False
2565.0,13.5,False
2483.0,13.4,False
2478.0,12.5,False
2823.0,10.5,False
2992.0,8.5,False
2761.0,7.2,False
2703.0,6.2,False
2867.0,5.3,False
2899.0,5.0,False
2690.0,4.7,False
2693.0,4.2,False
2486.0,3.9,False
2396.0,3.9,False
2438.0,3.7,False
2657.0,3.4,False
3056.0,3.0,False
3273.0,2.9,False
3278.0,3.7,False
3096.0,5.5,False
2958.0,8.1,False
2924.0,10.5,False
2963.0,12.6,False
2759.0,13.2,False
2604.0,13.2,False
2531.0,12.9,False
2464.0,12.4,False
2487.0,11.4,False
2678.0,11.0,False
2845.0,10.3,False
2665.0,10.1,False
2571.0,9.8,False
2723.0,10.5,False
2762.0,10.8,False
2439.0,11.0,False
2392.0,10.9,False
2263.0,10.9,False
2140.0,10.6,False
2140.0,10.2,False
2346.0,9.8,False
2664.0,9.7,False
2866.0,9.6,False
2982.0,9.7,False
2976.0,10.3,False
2916.0,11.2,False
2919.0,12.5,False
2968.0,12.8,False
2748.0,14.0,False
2622.0,14.4,False
2509.0,14.5,False
2405.0,14.3,False
2459.0,13.8,False
2581.0,12.6,False
2759.0,11.5,False
2530.0,10.9,False
2519.0,10.5,False
2673.0,10.2,False
2720.0,10.0,False
2437.0,10.5,False
2388.0,10.4,False
2147.0,10.1,False
2057.0,9.8,False
2029.0,9.5,False
2056.0,9.2,False
2176.0,8.8,False
2286.0,8.5,False
2432.0,8.8,False
2526.0,9.7,False
2538.0,10.8,False
2491.0,12.4,False
2728.0,13.7,False
2405.0,14.8,False
2258.0,15.6,False
2135.0,15.5,False
2113.0,15.0,False
2148.0,14.1,False
2334.0,13.2,False
2431.0,12.7,False
2269.0,12.4,False
2282.0,12.1,False
2443.0,11.9,False
2511.0,12.1,False
2266.0,11.3,False
2221.0,11.2,False
2056.0,11.2,False
1919.0,11.2,False
1832.0,10.6,False
1828.0,10.3,False
1910.0,10.2,False
2014.0,10.1,False
2167.0,10.2,False
2293.0,10.3,False
2405.0,10.0,False
2531.0,9.9,False
2675.0,10.6,False
2396.0,10.4,False
2261.0,10.4,False
2179.0,10.3,False
2164.0,10.4,False
2262.0,10.5,False
2418.0,12.0,False
2582.0,11.4,False
2418.0,10.9,False
2377.0,10.7,False
2539.0,10.6,False
2596.0,10.7,False
2361.0,9.7,False
2340.0,9.0,False
2175.0,8.4,False
2080.0,8.4,False
2104.0,8.3,False
2319.0,8.3,False
2712.0,8.0,False
2943.0,7.8,False
3075.0,7.9,False
3069.0,8.2,False
2995.0,8.9,False
3023.0,9.6,False
3072.0,11.7,False
2843.0,12.2,False
2716.0,12.5,False
2629.0,13.0,False
2575.0,12.8,False
2567.0,12.6,False
2814.0,11.1,False
2948.0,9.9,False
2688.0,9.0,False
2655.0,8.2,False
2799.0,7.5,False
2867.0,7.0,False
2607.0,7.4,False
2590.0,6.9,False
2417.0,6.6,False
2356.0,6.2,False
2403.0,6.0,False
2604.0,6.1,False
2980.0,7.9,False
3152.0,8.2,False
3193.0,8.4,False
3135.0,8.3,False
3064.0,8.2,False
3065.0,8.3,False
3139.0,11.6,False
2986.0,12.2,False
2846.0,11.9,False
2812.0,10.7,False
2779.0,9.6,False
2851.0,8.4,False
3062.0,7.4,False
3150.0,6.9,False
2896.0,6.5,False
2832.0,6.2,False
2965.0,6.1,False
3010.0,6.0,False
2731.0,4.6,False
2726.0,4.5,False
2554.0,4.4,False
2490.0,4.4,False
2531.0,4.5,False
2709.0,4.5,False
3095.0,3.8,False
3271.0,3.4,False
3430.0,3.9,False
3443.0,5.0,False
3448.0,5.7,False
3475.0,6.6,False
3515.0,6.9,False
3295.0,7.7,False
3181.0,8.0,False
3117.0,6.9,False
3104.0,6.9,False
3136.0,6.0,False
3340.0,5.9,False
3497.0,4.6,False
3224.0,3.7,False
3134.0,3.4,False
3303.0,2.9,False
3358.0,2.6,False
3109.0,3.7,False
3120.0,3.3,False
2997.0,3.1,False
2894.0,2.4,False
2949.0,2.0,False
3169.0,2.0,False
3578.0,1.4,False
3765.0,1.2,False
3772.0,2.3,False
3594.0,4.3,False
3402.0,6.2,False
3355.0,7.3,False
3430.0,7.2,False
3208.0,7.5,False
3060.0,7.5,False
2964.0,7.3,False
2901.0,7.1,False
3024.0,6.3,False
3270.0,5.2,False
3490.0,4.2,False
3260.0,3.5,False
3203.0,2.8,False
3385.0,2.0,False
3443.0,1.5,False
3219.0,1.0,False
3227.0,0.8,False
3114.0,0.3,False
3095.0,-0.1,False
3144.0,-0.2,False
3359.0,-0.4,False
3766.0,-0.4,False
3956.0,-0.4,False
3999.0,0.9,False
3800.0,3.3,False
3597.0,6.1,False
3525.0,7.3,False
3533.0,7.9,False
3311.0,8.0,False
3176.0,7.9,False
3074.0,8.0,False
2958.0,7.5,False
2999.0,6.8,False
3225.0,5.7,False
3402.0,4.5,False
3240.0,3.8,False
3209.0,3.3,False
3336.0,2.7,False
3433.0,2.3,False
3167.0,1.5,False
3161.0,1.0,False
2990.0,0.8,False
2919.0,0.5,False
2897.0,0.3,False
2945.0,0.7,False
3122.0,1.5,False
3208.0,1.4,False
3329.0,2.5,False
3277.0,3.9,False
3192.0,5.2,False
3154.0,4.9,False
3274.0,6.4,False
2974.0,7.2,False
2883.0,7.3,False
2752.0,6.9,False
2727.0,6.7,False
2877.0,6.0,False
3122.0,4.9,False
3287.0,4.3,False
3106.0,3.8,False
3094.0,3.8,False
3243.0,3.6,False
3325.0,3.3,False
3089.0,2.3,False
3078.0,2.2,False
2905.0,2.1,False
2794.0,1.9,False
2754.0,1.9,False
2745.0,1.7,False
2885.0,1.6,False
2956.0,1.9,False
3065.0,3.3,False
3155.0,4.7,False
3189.0,5.9,False
3255.0,7.0,False
3324.0,7.8,False
3014.0,8.3,False
2825.0,8.3,False
2742.0,7.9,False
2758.0,7.0,False
2876.0,6.2,False
3092.0,5.8,False
3264.0,4.8,False
3114.0,4.4,False
3059.0,4.2,False
3187.0,4.3,False
3217.0,4.3,False
3019.0,4.4,False
3029.0,4.3,False
2872.0,4.1,False
2798.0,3.5,False
2847.0,3.2,False
3110.0,3.1,False
3481.0,2.7,False
3739.0,2.4,False
3740.0,2.9,False
3647.0,3.9,False
3431.0,5.1,False
3301.0,6.2,False
3370.0,8.3,False
3096.0,9.0,False
2942.0,9.3,False
2839.0,9.4,False
2849.0,9.3,False
2939.0,8.8,False
3182.0,8.0,False
3339.0,6.9,False
3112.0,6.0,False
3070.0,5.6,False
3189.0,5.6,False
3248.0,4.9,False
3006.0,4.3,False
3030.0,3.9,False
2879.0,3.5,False
2835.0,3.0,False
2891.0,2.6,False
3148.0,2.4,False
3536.0,1.9,False
3718.0,1.8,False
3674.0,2.7,False
3553.0,4.3,False
3299.0,6.2,False
3224.0,8.2,False
3205.0,9.4,False
2944.0,10.7,False
2775.0,11.3,False
2665.0,11.4,False
2584.0,11.3,False
2633.0,11.0,False
2867.0,9.8,False
3037.0,8.8,False
2848.0,8.2,False
2818.0,8.0,False
2942.0,7.9,False
2988.0,7.7,False
2720.0,7.6,False
2672.0,7.3,False
2482.0,7.2,False
2389.0,7.3,False
2387.0,7.2,False
2584.0,7.0,False
2906.0,6.2,False
3114.0,6.0,False
3238.0,6.5,False
3149.0,7.6,False
2987.0,9.0,False
2939.0,10.5,False
2990.0,12.4,False
2767.0,13.7,False
2626.0,14.4,False
2480.0,14.8,False
2454.0,14.8,False
2484.0,14.0,False
2684.0,13.1,False
2845.0,11.1,False
2637.0,10.0,False
2545.0,9.5,False
2687.0,9.0,False
2717.0,8.7,False
2461.0,9.7,False
2435.0,9.3,False
2284.0,8.6,False
2192.0,8.0,False
2231.0,7.5,False
2403.0,7.2,False
2755.0,6.9,False
2929.0,6.8,False
2936.0,7.8,False
2839.0,9.3,False
2730.0,10.7,False
2726.0,12.2,False
2848.0,13.6,False
2650.0,14.6,False
2565.0,15.2,False
2498.0,15.6,False
2520.0,15.4,False
2597.0,14.8,False
2695.0,13.9,False
2778.0,12.9,False
2592.0,12.4,False
2585.0,12.3,False
2696.0,12.2,False
2700.0,12.2,False
2421.0,11.8,False
2360.0,11.5,False
2224.0,11.1,False
2116.0,10.8,False
2114.0,10.6,False
2288.0,10.3,False
2660.0,9.8,False
2842.0,9.7,False
2955.0,9.7,False
2973.0,10.1,False
2869.0,11.1,False
2907.0,11.6,False
3009.0,15.2,False
2759.0,14.6,False
2610.0,14.4,False
2548.0,14.0,False
2464.0,13.5,False
2510.0,13.4,False
2543.0,13.2,False
2714.0,12.4,False
2515.0,11.6,False
2498.0,11.0,False
2656.0,10.6,False
2779.0,9.6,False
2427.0,11.0,False
2347.0,11.6,False
2138.0,11.3,False
2025.0,10.9,False
2014.0,10.8,False
2042.0,11.0,False
2178.0,9.9,False
2291.0,10.3,False
2376.0,10.9,False
2424.0,11.3,False
2434.0,11.8,False
2394.0,12.1,False
2505.0,12.3,False
2307.0,11.5,False
2200.0,10.6,False
2133.0,11.2,False
2083.0,11.3,False
2156.0,10.4,False
2296.0,12.2,False
2453.0,10.7,False
2283.0,10.1,False
2296.0,9.3,False
2483.0,8.8,False
2581.0,8.7,False
2305.0,9.2,False
2254.0,9.0,False
2061.0,8.7,False
1943.0,8.2,False
1882.0,7.9,False
1890.0,7.6,False
2001.0,8.5,False
2065.0,8.9,False
2184.0,9.5,False
2329.0,9.7,False
2427.0,10.1,False
2546.0,10.3,False
2674.0,11.3,False
2361.0,11.3,False
2206.0,11.5,False
2121.0,11.2,False
2093.0,10.7,False
2163.0,10.1,False
2339.0,9.6,False
2539.0,9.8,False
2490.0,10.1,False
2393.0,10.3,False
2550.0,10.2,False
2610.0,10.2,False
2342.0,10.2,False
2338.0,10.1,False
2161.0,9.9,False
2061.0,9.5,False
2095.0,9.2,False
2300.0,9.1,False
2661.0,9.3,False
2891.0,9.0,False
3021.0,9.3,False
3062.0,9.7,False
3037.0,9.7,False
3095.0,10.2,False
3166.0,12.1,False
2952.0,12.4,False
2859.0,11.6,False
2778.0,11.9,False
2712.0,11.3,False
2734.0,10.6,False
2914.0,9.4,False
2995.0,8.8,False
2781.0,8.5,False
2702.0,8.4,False
2820.0,8.4,False
2861.0,8.2,False
2567.0,8.5,False
2524.0,8.5,False
2344.0,8.4,False
2273.0,8.2,False
2284.0,8.1,False
2460.0,8.2,False
2810.0,8.5,False
3048.0,8.6,False
3185.0,9.0,False
3171.0,9.6,False
3135.0,10.8,False
3164.0,12.2,False
3233.0,12.4,False
3002.0,13.7,False
2868.0,14.5,False
2770.0,15.2,False
2712.0,14.1,False
2770.0,13.2,False
2928.0,11.2,False
3053.0,10.5,False
2839.0,9.6,False
2752.0,8.8,False
2895.0,8.0,False
2924.0,7.6,False
2640.0,7.1,False
2611.0,7.6,False
2427.0,7.9,False
2348.0,7.8,False
2344.0,8.1,False
2506.0,8.5,False
2798.0,9.1,False
3013.0,9.4,False
3130.0,9.8,False
3112.0,10.3,False
2984.0,10.5,False
2967.0,11.1,False
3017.0,10.5,False
2788.0,10.9,False
2670.0,11.3,False
2528.0,11.2,False
2490.0,11.4,False
2485.0,11.6,False
2714.0,12.5,False
2845.0,10.8,False
2653.0,9.3,False
2598.0,8.3,False
2748.0,7.3,False
2786.0,6.6,False
2551.0,6.5,False
2515.0,5.9,False
2371.0,5.4,False
2293.0,5.1,False
2321.0,4.9,False
2524.0,5.0,False
2873.0,4.7,False
3068.0,5.3,False
3107.0,6.9,False
3032.0,9.0,False
2898.0,11.0,False
2869.0,12.0,False
2928.0,12.6,False
2702.0,13.1,False
2551.0,13.5,False
2444.0,13.7,False
2359.0,13.5,False
2365.0,12.9,False
2555.0,11.8,False
2710.0,9.9,False
2559.0,8.7,False
2530.0,7.6,False
2678.0,6.8,False
2720.0,7.4,False
2429.0,8.0,False
2401.0,8.2,False
2209.0,7.5,False
2115.0,6.5,False
2146.0,6.4,False
2319.0,6.1,False
2630.0,6.5,False
2820.0,7.1,False
2934.0,8.2,False
2953.0,9.1,False
2890.0,9.7,False
2955.0,10.5,False
3000.0,11.3,False
2791.0,12.4,False
2686.0,12.4,False
2543.0,11.8,False
2402.0,11.2,False
2488.0,10.3,False
2650.0,9.6,False
2788.0,8.8,False
2669.0,7.9,False
2648.0,7.2,False
2848.0,6.6,False
2898.0,6.1,False
2630.0,5.0,False
2602.0,4.6,False
2420.0,4.3,False
2319.0,4.1,False
2284.0,3.8,False
2375.0,3.5,False
2512.0,3.5,False
2585.0,3.9,False
2637.0,5.7,False
2554.0,8.1,False
2466.0,10.0,False
2490.0,10.8,False
2626.0,11.6,False
2347.0,12.4,False
2180.0,12.9,False
2081.0,13.0,False
2038.0,12.7,False
2072.0,12.1,False
2227.0,11.4,False
2396.0,10.1,False
2324.0,9.6,False
2297.0,8.9,False
2489.0,8.7,False
2584.0,8.4,False
2344.0,7.7,False
2280.0,7.7,False
2082.0,7.9,False
1959.0,8.3,False
1902.0,8.6,False
1907.0,8.8,False
1983.0,8.9,False
2107.0,9.0,False
2213.0,9.4,False
2299.0,9.9,False
2342.0,10.5,False
2487.0,11.1,False
2217.0,13.9,False
2030.0,14.7,False
1891.0,14.7,False
1800.0,15.3,False
1872.0,15.3,False
1956.0,14.7,False
2098.0,12.4,False
2162.0,10.8,False
2220.0,9.4,False
2393.0,8.1,False
2461.0,7.2,False
2173.0,6.6,False
2185.0,6.5,False
2069.0,6.2,False
1977.0,6.1,False
2012.0,6.2,False
2243.0,6.1,False
2606.0,5.8,False
2896.0,4.9,False
3004.0,5.5,False
2954.0,6.8,False
2803.0,9.1,False
2752.0,11.4,False
2794.0,12.9,False
2599.0,14.3,False
2463.0,15.2,False
2344.0,15.8,False
2269.0,15.6,False
2225.0,15.5,False
2269.0,14.8,False
2378.0,14.1,False
2324.0,12.6,False
2349.0,11.4,False
2476.0,10.6,False
2543.0,9.9,False
2250.0,9.5,False
2229.0,9.0,False
2093.0,8.6,False
2011.0,8.3,False
2038.0,8.0,False
2215.0,7.6,False
2576.0,7.3,False
2795.0,7.0,False
2894.0,7.1,False
2862.0,8.2,False
2703.0,9.7,False
2758.0,11.4,False
2794.0,12.8,False
2580.0,14.3,False
2473.0,15.1,False
2374.0,15.6,False
2267.0,15.8,False
2262.0,15.6,False
2382.0,14.9,False
2390.0,13.8,False
2275.0,12.8,False
2395.0,12.0,False
2559.0,11.3,False
2558.0,10.8,False
2290.0,10.3,False
2268.0,9.5,False
2102.0,9.1,False
2042.0,8.6,False
2065.0,8.3,False
2244.0,7.9,False
2606.0,7.7,False
2833.0,7.2,False
2904.0,7.5,False
2847.0,8.4,False
2759.0,9.8,False
2739.0,11.4,False
2813.0,12.9,False
2615.0,13.9,False
2485.0,14.9,False
2378.0,15.6,False
2304.0,15.6,False
2279.0,15.0,False
2449.0,12.4,False
2487.0,14.3,False
2361.0,13.7,False
2429.0,13.2,False
2539.0,12.5,False
2558.0,11.4,False
2251.0,10.5,False
2237.0,10.3,False
2033.0,10.1,False
1971.0,10.3,False
1987.0,10.3,False
2135.0,10.0,False
2479.0,9.9,False
2728.0,9.2,False
2772.0,9.3,False
2822.0,9.2,False
2850.0,9.0,False
2918.0,9.1,False
3059.0,9.3,False
2896.0,9.8,False
2788.0,10.0,False
2701.0,10.6,False
2620.0,11.1,False
2590.0,11.4,False
2726.0,11.8,False
2607.0,12.0,False
2542.0,11.7,False
2536.0,11.5,False
2667.0,11.2,False
2692.0,11.2,False
2456.0,10.9,False
2333.0,10.9,False
2149.0,10.8,False
2080.0,10.6,False
2043.0,10.7,False
2150.0,10.6,False
2513.0,11.0,False
2711.0,10.2,False
2725.0,11.1,False
2779.0,12.5,False
2720.0,13.8,False
2728.0,15.4,False
2751.0,16.5,False
2520.0,18.2,False
2414.0,19.0,False
2286.0,18.7,False
2192.0,19.3,False
2204.0,19.1,False
2303.0,18.5,False
2316.0,17.1,False
2185.0,15.7,False
2301.0,14.8,False
2406.0,14.6,False
2439.0,14.3,True
2112.0,13.8,True
2056.0,14.0,True
1825.0,13.9,True
1746.0,13.7,True
1643.0,13.7,True
1700.0,13.4,True
1810.0,13.0,True
1926.0,11.5,True
2051.0,12.1,True
2119.0,13.5,True
2110.0,14.7,True
2126.0,16.0,True
2278.0,17.4,True
2104.0,19.4,True
1933.0,19.8,True
1872.0,20.4,True
1794.0,20.6,True
1830.0,20.4,True
1899.0,19.8,True
1907.0,18.7,True
1884.0,16.7,True
1988.0,15.3,True
2165.0,14.2,True
2244.0,13.1,True
1952.0,12.2,True
1916.0,11.7,True
1700.0,11.2,True
1561.0,10.8,True
1521.0,10.7,True
1505.0,10.7,True
1574.0,10.2,True
1641.0,9.8,True
1776.0,10.8,True
1936.0,12.5,True
1990.0,14.7,True
2065.0,16.3,True
2200.0,17.8,True
1974.0,19.7,True
1813.0,20.2,True
1721.0,20.1,True
1624.0,19.6,True
1657.0,18.9,True
1782.0,17.9,True
1851.0,16.6,True
1879.0,14.7,True
2001.0,13.1,True
2161.0,12.1,True
2194.0,11.4,True
1908.0,10.9,True
1870.0,10.3,True
1735.0,10.0,True
1676.0,9.6,True
1692.0,9.6,True
1875.0,9.7,True
2163.0,9.4,True
2412.0,8.7,True
2534.0,9.6,True
2545.0,11.3,True
2500.0,12.9,True
2520.0,14.3,True
2608.0,15.7,True
2451.0,17.4,True
2326.0,18.4,True
2245.0,19.0,True
2150.0,19.4,True
2110.0,19.3,True
2211.0,18.8,True
2223.0,16.6,True
2160.0,14.8,True
2252.0,13.2,True
2386.0,12.0,True
2406.0,11.2,True
2103.0,10.5,True
2064.0,9.7,True
1914.0,9.0,True
1820.0,8.4,True
1847.0,7.9,True
2008.0,7.6,True
2289.0,7.2,True
2480.0,7.0,True
2606.0,7.8,True
2568.0,10.4,True
2523.0,13.4,True
2517.0,15.5,True
2618.0,17.3,True
2461.0,18.5,True
2358.0,19.3,True
2247.0,19.8,True
2160.0,19.9,True
2131.0,19.4,True
2201.0,18.4,True
2246.0,16.6,True
2193.0,14.7,True
2232.0,13.1,True
2384.0,11.8,True
2409.0,10.9,True
2098.0,10.2,True
2071.0,8.8,True
1883.0,8.1,True
1812.0,7.4,True
1840.0,7.2,True
1996.0,7.1,True
2269.0,6.9,True
2473.0,6.9,True
2631.0,7.8,True
2563.0,10.0,True
2570.0,12.7,True
2566.0,14.8,True
2642.0,16.0,True
2492.0,17.0,True
2383.0,17.5,True
2262.0,17.7,True
2184.0,16.8,True
2167.0,16.0,True
2253.0,14.9,True
2290.0,13.3,True
2211.0,11.9,True
2286.0,10.7,True
2410.0,9.9,True
2472.0,9.5,True
2196.0,9.2,True
2155.0,8.3,True
1982.0,7.9,True
1882.0,7.6,True
1899.0,7.4,True
2048.0,7.2,True
2364.0,7.0,True
2554.0,6.5,True
2656.0,7.3,True
2638.0,9.3,True
2555.0,11.7,True
2573.0,13.9,True
2654.0,15.7,True
2520.0,17.9,True
2401.0,18.8,True
2271.0,19.7,True
2155.0,19.9,True
2152.0,19.1,True
2225.0,17.5,True
2253.0,15.6,True
2162.0,13.6,True
2249.0,12.0,True
2416.0,11.0,True
2444.0,10.3,True
2151.0,9.8,True
2134.0,8.5,True
1953.0,8.1,True
1879.0,7.7,True
1877.0,7.6,True
2009.0,7.6,True
2243.0,7.5,True
2472.0,7.3,True
2595.0,8.5,True
2590.0,10.8,True
2502.0,13.4,True
2517.0,15.6,True
2645.0,17.0,True
2454.0,18.8,True
2343.0,20.1,True
2230.0,20.9,True
2098.0,21.4,True
2080.0,21.3,True
2114.0,20.8,True
2137.0,18.7,True
2034.0,16.6,True
2148.0,15.0,True
2282.0,14.1,True
2339.0,14.1,True
2029.0,14.3,True
1985.0,14.0,True
1793.0,14.0,True
1657.0,13.6,True
1586.0,13.3,True
1609.0,13.0,True
1701.0,12.9,True
1768.0,11.7,True
1928.0,11.7,True
2034.0,11.4,True
2057.0,11.1,True
2113.0,11.9,True
2280.0,13.2,True
2072.0,14.1,True
1964.0,14.0,True
1864.0,14.3,True
1784.0,14.1,True
1784.0,13.8,True
1880.0,13.5,True
1902.0,12.8,True
1824.0,12.8,True
1926.0,12.7,True
2108.0,12.8,True
2159.0,12.9,True
1913.0,11.1,True
1885.0,12.9,True
1684.0,11.4,True
1571.0,10.4,True
1511.0,10.0,True
1524.0,9.9,True
1557.0,9.5,True
1596.0,8.3,True
1718.0,8.9,True
1868.0,10.4,True
1925.0,12.0,True
2040.0,12.8,True
2224.0,13.3,True
1960.0,15.3,True
1830.0,15.0,True
1742.0,12.7,True
1710.0,13.2,True
1722.0,14.4,True
1872.0,14.1,True
1994.0,13.3,True
1941.0,12.3,True
2100.0,11.3,True
2214.0,10.4,True
2248.0,9.5,True
1985.0,8.7,True
1989.0,7.1,True
1818.0,6.7,True
1750.0,6.4,True
1798.0,6.3,True
1987.0,6.1,True
2279.0,5.9,True
2465.0,6.7,True
2604.0,7.6,True
2633.0,9.5,True
2609.0,11.2,True
2659.0,12.9,True
2757.0,13.9,True
2584.0,14.5,True
2472.0,14.8,True
2441.0,15.0,True
2362.0,14.8,True
2385.0,14.1,True
2506.0,13.4,True
2522.0,11.5,True
2368.0,10.9,True
2409.0,10.0,True
2529.0,9.8,True
2547.0,9.8,True
2259.0,9.8,True
2218.0,10.5,True
2029.0,10.1,True
1946.0,9.7,True
1938.0,8.8,True
2062.0,8.1,True
2348.0,8.2,True
2474.0,9.6,True
2688.0,10.1,True
2733.0,10.4,True
2734.0,10.5,True
2819.0,10.7,True
2898.0,10.9,True
2750.0,12.9,True
2672.0,10.6,True
2559.0,7.3,True
2538.0,6.4,True
2567.0,7.1,True
2626.0,7.2,True
2711.0,10.7,True
2616.0,9.4,True
2671.0,7.9,True
2811.0,6.8,True
2816.0,6.4,True
2492.0,5.7,True
2498.0,5.0,True
2372.0,4.6,True
2258.0,4.2,True
2281.0,4.0,True
2440.0,3.4,True
2760.0,2.7,True
2910.0,2.3,True
3057.0,4.8,True
2948.0,7.7,True
2824.0,10.6,True
2828.0,12.3,True
2895.0,12.9,True
2725.0,12.1,True
2627.0,9.9,True
2511.0,9.1,True
2471.0,8.9,True
2514.0,9.5,True
2592.0,9.7,True
2635.0,9.3,True
2549.0,8.1,True
2600.0,6.9,True
2767.0,6.0,True
2808.0,5.3,True
2502.0,4.7,True
2480.0,6.0,True
2332.0,5.6,True
2239.0,5.4,True
2245.0,5.2,True
2411.0,5.5,True
2732.0,5.4,True
2925.0,4.0,True
3027.0,5.4,True
3003.0,8.2,True
2905.0,10.6,True
2884.0,12.6,True
2943.0,13.8,True
2736.0,14.4,True
2599.0,15.2,True
2472.0,15.9,True
2375.0,16.2,True
2376.0,15.0,True
2491.0,14.5,True
2556.0,13.5,True
2457.0,12.1,True
2510.0,10.8,True
2670.0,10.0,True
2678.0,9.1,True
2372.0,8.3,True
2314.0,7.6,True
2135.0,7.2,True
2072.0,7.0,True
2073.0,7.0,True
2191.0,7.2,True
2466.0,7.7,True
2614.0,9.1,True
2826.0,9.0,True
2943.0,9.0,True
2956.0,9.4,True
2985.0,9.6,True
3072.0,9.6,True
2935.0,10.3,True
2798.0,11.0,True
2681.0,10.6,True
2605.0,10.1,True
2648.0,10.6,True
2715.0,10.8,True
2689.0,11.0,True
2550.0,11.3,True
2633.0,11.3,True
2750.0,11.1,True
2752.0,10.9,True
2397.0,10.8,True
2323.0,10.7,True
2081.0,10.7,True
2022.0,10.7,True
1923.0,10.6,True
1974.0,10.6,True
2079.0,10.5,True
2153.0,10.5,True
2295.0,10.7,True
2382.0,10.9,True
2374.0,12.1,True
2410.0,13.2,True
2541.0,14.1,True
2317.0,15.0,True
2193.0,15.7,True
2066.0,16.0,True
2045.0,15.8,True
2117.0,15.8,True
2254.0,15.4,True
2290.0,12.8,True
2160.0,12.1,True
2274.0,11.7,True
2425.0,11.3,True
2479.0,11.0,True
2162.0,10.9,True
2107.0,11.0,True
1905.0,10.6,True
1796.0,10.5,True
1743.0,10.4,True
1740.0,10.4,True
1869.0,10.4,True
1912.0,10.2,True
2092.0,10.4,True
2189.0,10.9,True
2308.0,11.5,True
2388.0,11.9,True
2512.0,12.5,True
2242.0,12.9,True
2062.0,13.0,True
1923.0,12.1,True
1860.0,12.0,True
1872.0,13.0,True
2009.0,13.0,True
2100.0,11.6,True
2062.0,10.9,True
2136.0,9.8,True
2348.0,8.9,True
2416.0,9.0,True
2134.0,9.3,True
2109.0,8.8,True
1881.0,8.6,True
1826.0,9.4,True
1728.0,9.6,True
1778.0,9.6,True
1868.0,9.4,True
1950.0,9.1,True
2075.0,9.7,True
2190.0,10.4,True
2218.0,10.7,True
2324.0,11.7,True
2438.0,13.5,True
2175.0,14.9,True
1995.0,15.3,True
1905.0,15.2,True
1842.0,15.3,True
1901.0,14.8,True
2078.0,14.5,True
2134.0,13.6,True
2077.0,12.5,True
2190.0,11.4,True
2347.0,10.1,True
2405.0,9.2,False
2132.0,8.3,False
2128.0,7.7,False
1955.0,7.0,False
1871.0,6.5,False
1910.0,6.2,False
2151.0,6.0,False
2519.0,5.8,False
2763.0,6.4,False
2842.0,7.3,False
2804.0,9.3,False
2702.0,11.4,False
2709.0,12.9,False
2809.0,13.9,False
2600.0,14.9,False
2493.0,14.9,False
2396.0,14.4,False
2304.0,14.7,False
2282.0,14.5,False
2423.0,13.9,False
2446.0,13.0,False
2334.0,11.7,False
2439.0,10.8,False
2528.0,10.4,False
2563.0,10.4,False
2266.0,10.6,False
2233.0,11.1,False
2038.0,11.2,False
1938.0,11.8,False
1918.0,12.3,False
2061.0,12.0,False
2357.0,11.4,False
2543.0,10.6,False
2680.0,10.5,False
2696.0,11.2,False
2701.0,11.6,False
2774.0,12.0,False
2870.0,13.7,False
2679.0,15.4,False
2555.0,15.8,False
2423.0,15.9,False
2358.0,16.0,False
2349.0,15.5,False
2491.0,14.7,False
2546.0,13.7,False
2369.0,12.6,False
2423.0,11.5,False
2557.0,10.5,False
2591.0,9.6,False
2263.0,8.8,False
2243.0,7.9,False
2068.0,7.8,False
1959.0,8.3,False
1963.0,8.8,False
2059.0,9.3,False
2420.0,9.2,False
2647.0,9.7,False
2747.0,10.3,False
2724.0,11.3,False
2669.0,12.6,False
2720.0,13.6,False
2775.0,14.6,False
2596.0,15.6,False
2490.0,15.5,False
2361.0,15.6,False
2293.0,16.3,False
2282.0,16.8,False
2410.0,17.0,False
2426.0,15.2,False
2258.0,14.3,False
2354.0,13.3,False
2497.0,12.5,False
2533.0,11.8,False
2230.0,11.3,False
2195.0,11.7,False
2000.0,11.7,False
1921.0,11.5,False
1946.0,11.4,False
2098.0,11.2,False
2391.0,10.8,False
2616.0,11.5,False
2703.0,11.8,False
2688.0,12.0,False
2604.0,12.4,False
2585.0,13.2,False
2684.0,14.3,False
2519.0,17.3,False
2369.0,17.7,False
2276.0,18.1,False
2184.0,17.9,False
2209.0,17.6,False
2346.0,17.4,False
2366.0,16.5,False
2171.0,15.4,False
2279.0,14.5,False
2422.0,13.3,False
2445.0,12.7,False
2127.0,12.8,False
2069.0,12.1,False
1879.0,12.0,False
1749.0,12.1,False
1672.0,11.8,False
1699.0,11.5,False
1793.0,11.2,False
1893.0,11.3,False
2050.0,11.5,False
2196.0,12.0,False
2247.0,12.5,False
2309.0,13.0,False
2466.0,13.1,False
2233.0,13.4,False
2113.0,13.9,False
2014.0,14.0,False
1913.0,14.3,False
1924.0,14.6,False
2024.0,14.3,False
2063.0,13.1,False
1935.0,12.5,False
2011.0,11.7,False
2253.0,11.1,False
2336.0,10.5,False
2076.0,10.0,False
1996.0,9.6,False
1806.0,9.8,False
1717.0,9.9,False
1657.0,9.8,False
1652.0,9.9,False
1738.0,10.1,False
1818.0,9.7,False
1914.0,10.5,False
2004.0,11.4,False
2077.0,13.3,False
2119.0,14.7,False
2254.0,15.9,False
1983.0,16.6,False
1870.0,17.6,False
1763.0,18.1,False
1672.0,18.2,False
1666.0,17.7,False
1833.0,16.7,False
1924.0,15.9,False
1890.0,14.5,False
1995.0,12.9,False
2145.0,11.7,False
2197.0,11.0,False
1958.0,10.7,False
1898.0,8.8,False
1733.0,8.5,False
1662.0,8.3,False
1697.0,8.1,False
1867.0,7.8,False
2178.0,7.4,False
2398.0,7.9,False
2491.0,9.7,False
2485.0,12.8,False
2443.0,15.0,False
2484.0,16.7,False
2535.0,18.3,False
2454.0,19.8,False
2356.0,20.3,False
2226.0,20.5,False
2183.0,20.8,False
2126.0,20.6,False
2246.0,20.2,False
2267.0,19.0,False
2118.0,17.6,False
2214.0,16.1,False
2318.0,15.3,False
2330.0,14.9,False
2016.0,14.5,False
1967.0,14.1,False
1781.0,14.1,False
1703.0,13.7,False
1708.0,13.4,False
1836.0,13.1,False
2086.0,12.8,False
2263.0,12.7,False
2400.0,13.7,False
2403.0,15.2,False
2381.0,17.1,False
2446.0,19.0,False
2575.0,20.7,False
2458.0,22.2,False
2355.0,22.9,False
2294.0,23.2,False
2190.0,23.1,False
2281.0,22.8,False
2152.0,22.3,False
2237.0,21.4,False
2090.0,19.8,False
2159.0,18.5,False
2290.0,18.0,False
2295.0,17.7,False
1941.0,17.3,False
1903.0,17.0,False
1727.0,16.7,False
1666.0,16.3,False
1647.0,16.1,False
1777.0,15.8,False
1992.0,15.4,False
2150.0,15.1,False
2278.0,15.9,False
2345.0,17.3,False
2359.0,19.0,False
2430.0,20.9,False
2566.0,22.4,False
2446.0,24.2,False
2350.0,24.9,False
2238.0,25.2,False
2157.0,25.3,False
2157.0,25.3,False
2188.0,24.9,False
2144.0,24.1,False
1994.0,22.7,False
2093.0,21.0,False
2226.0,19.9,False
2211.0,19.0,False
1849.0,18.3,False
1821.0,18.3,False
1628.0,17.6,False
1496.0,17.1,False
1405.0,16.5,False
1390.0,16.0,False
1395.0,15.9,False
1455.0,16.0,False
1580.0,17.0,False
1693.0,18.3,False
1781.0,19.7,False
1858.0,20.6,False
2042.0,19.7,False
1835.0,23.1,False
1760.0,22.2,False
1663.0,21.0,False
1617.0,21.0,False
1642.0,20.3,False
1812.0,19.4,False
1836.0,20.9,False
1761.0,19.7,False
1873.0,18.4,False
2020.0,17.5,False
2069.0,16.7,False
1766.0,16.2,False
1721.0,15.6,False
1570.0,15.2,False
1490.0,15.1,False
1486.0,15.1,False
1595.0,15.2,False
1777.0,14.9,False
1963.0,13.6,False
2075.0,14.3,False
2157.0,15.1,False
2164.0,16.3,False
2225.0,17.7,False
2390.0,19.6,False
2231.0,22.5,False
2123.0,23.8,False
2051.0,24.7,False
1955.0,24.7,False
1971.0,24.3,False
2053.0,22.6,False
2049.0,21.0,False
1905.0,18.4,False
2013.0,17.1,False
2156.0,15.8,False
2181.0,14.6,False
1845.0,14.0,False
1789.0,15.9,False
1594.0,15.7,False
1482.0,15.4,False
1459.0,15.3,False
1479.0,15.5,False
1525.0,14.7,False
1629.0,14.5,False
1742.0,15.7,False
1869.0,17.4,False
1921.0,19.3,False
1994.0,21.0,False
2168.0,22.5,False
1965.0,23.3,False
1870.0,23.8,False
1815.0,23.9,False
1723.0,23.8,False
1714.0,23.6,False
1859.0,23.1,False
1816.0,15.9,False
1708.0,15.9,False
1841.0,15.0,False
2027.0,14.5,False
2053.0,14.3,False
1745.0,14.2,False
1687.0,13.7,False
1512.0,13.2,False
1406.0,13.2,False
1352.0,12.9,False
1332.0,13.3,False
1352.0,13.5,False
1418.0,13.1,False
1549.0,12.3,False
1693.0,11.8,False
1767.0,11.6,False
1914.0,12.5,False
2077.0,14.1,False
1828.0,14.6,False
1755.0,15.6,False
1651.0,16.1,False
1610.0,15.2,False
1673.0,14.4,False
1813.0,13.4,False
1886.0,12.4,False
1790.0,11.5,False
1898.0,10.8,False
2055.0,10.3,False
2086.0,9.9,False
1792.0,9.6,False
1762.0,9.6,False
1615.0,9.2,False
1518.0,8.8,False
1551.0,8.6,False
1688.0,8.4,False
1978.0,8.4,False
2183.0,8.7,False
2308.0,9.5,False
2354.0,10.2,False
2379.0,11.1,False
2413.0,11.2,False
2525.0,12.2,False
2410.0,12.0,False
2312.0,12.2,False
2205.0,12.6,False
2151.0,13.1,False
2155.0,13.2,False
2241.0,12.7,False
2287.0,12.1,False
2118.0,10.6,False
2179.0,9.9,False
2346.0,9.5,False
2358.0,9.5,False
2070.0,9.5,False
2020.0,9.5,False
1851.0,9.3,False
1779.0,9.1,False
1789.0,8.9,False
1916.0,8.7,False
2153.0,8.6,False
2389.0,8.8,False
2495.0,10.1,False
2521.0,11.5,False
2474.0,12.8,False
2509.0,13.9,False
2593.0,14.7,False
2471.0,15.6,False
2342.0,16.0,False
2264.0,15.9,False
2176.0,15.6,False
2191.0,15.0,False
2299.0,14.0,False
2265.0,12.7,False
2136.0,11.6,False
2234.0,10.6,False
2412.0,9.8,False
2428.0,9.3,False
2103.0,8.9,False
2065.0,9.1,False
1908.0,8.7,False
1838.0,8.4,False
1852.0,8.3,False
1972.0,8.3,False
2213.0,8.2,False
2413.0,8.5,False
2505.0,9.9,False
2525.0,11.5,False
2513.0,13.1,False
2567.0,14.4,False
2702.0,15.3,False
2497.0,16.1,False
2428.0,16.4,False
2310.0,16.5,False
2232.0,16.3,False
2208.0,15.7,False
2301.0,14.8,False
2293.0,13.6,False
2171.0,12.4,False
2247.0,11.4,False
2426.0,10.7,False
2462.0,10.2,False
2132.0,9.7,False
2094.0,9.3,False
1907.0,9.3,False
1799.0,9.3,False
1741.0,9.2,False
1778.0,9.2,False
1841.0,9.2,False
1899.0,9.0,False
2004.0,10.0,False
2099.0,11.3,False
2140.0,12.3,False
2202.0,14.0,False
2370.0,15.5,False
2110.0,15.5,False
2027.0,15.7,False
1895.0,15.9,False
1858.0,15.9,False
1872.0,15.6,False
2012.0,15.2,False
2084.0,14.4,False
1991.0,13.4,False
2103.0,12.3,False
2312.0,11.5,False
2343.0,10.9,False
2042.0,10.5,False
2016.0,9.6,False
1828.0,9.3,False
1763.0,8.9,False
1751.0,8.6,False
1901.0,8.4,False
2114.0,8.1,False
2271.0,8.9,False
2342.0,10.3,False
2391.0,12.3,False
2357.0,14.2,False
2391.0,15.6,False
2545.0,16.5,False
2359.0,17.2,False
2173.0,17.8,False
2120.0,18.3,False
2048.0,18.5,False
2077.0,18.6,False
2190.0,18.2,False
2191.0,16.5,False
2037.0,14.9,False
2138.0,13.9,False
2320.0,13.5,False
2330.0,13.1,False
2014.0,13.0,False
1973.0,12.0,False
1783.0,11.4,False
1662.0,11.2,False
1592.0,11.2,False
1623.0,11.0,False
1697.0,11.2,False
1825.0,10.7,False
1926.0,11.3,False
2040.0,12.4,False
2074.0,14.0,False
2128.0,15.5,False
2289.0,17.0,False
2136.0,17.9,False
2033.0,18.2,False
1933.0,17.8,False
1821.0,17.5,False
1805.0,17.6,False
1913.0,18.0,False
1896.0,18.1,False
1792.0,17.0,False
1882.0,15.5,False
2076.0,14.5,False
2156.0,13.9,False
1866.0,13.4,False
1818.0,13.0,False
1624.0,12.8,False
1501.0,12.8,False
1407.0,12.7,False
1408.0,12.6,False
1429.0,12.8,False
1521.0,13.0,False
1644.0,13.4,False
1779.0,13.9,False
1898.0,14.1,False
2004.0,14.7,False
2180.0,16.4,False
1946.0,14.4,False
1825.0,16.2,False
1740.0,16.7,False
1676.0,15.9,False
1700.0,15.6,False
1842.0,15.8,False
1905.0,15.6,False
1808.0,14.5,False
1872.0,13.3,False
2073.0,12.2,False
2127.0,11.4,False
1842.0,10.6,False
1808.0,10.6,False
1625.0,10.1,False
1571.0,10.2,False
1570.0,10.5,False
1738.0,10.8,False
2018.0,11.0,False
2265.0,9.9,False
2397.0,11.5,False
2430.0,12.3,False
2411.0,13.3,False
2473.0,14.1,False
2590.0,15.1,False
2436.0,16.1,False
2371.0,15.7,False
2297.0,16.0,False
2215.0,16.6,False
2183.0,16.8,False
2329.0,15.6,False
2335.0,14.6,False
2121.0,13.9,False
2166.0,12.5,False
2361.0,11.5,False
2339.0,11.2,False
2025.0,10.8,False
2007.0,10.4,False
1827.0,10.5,False
1760.0,10.7,False
1776.0,10.8,False
1902.0,10.7,False
2126.0,10.8,False
2364.0,11.2,False
2499.0,11.8,False
2519.0,12.5,False
2476.0,13.6,False
2551.0,15.2,False
2627.0,16.4,False
2473.0,15.8,False
2402.0,16.2,False
2318.0,15.9,False
2218.0,15.7,False
2222.0,16.5,False
2333.0,15.6,False
2314.0,14.9,False
2140.0,14.6,False
2174.0,13.5,False
2349.0,12.6,False
2318.0,12.0,False
2077.0,11.8,False
2003.0,10.2,False
1823.0,9.8,False
1763.0,9.8,False
1762.0,9.6,False
1900.0,9.4,False
2104.0,9.2,False
2284.0,10.1,False
2418.0,11.9,False
2454.0,14.9,False
2447.0,16.5,False
2490.0,17.6,False
2624.0,18.6,False
2456.0,19.3,False
2392.0,20.1,False
2318.0,20.6,False
2236.0,20.6,False
2215.0,20.8,False
2311.0,20.3,False
2277.0,17.4,False
2116.0,16.7,False
2157.0,15.5,False
2289.0,14.5,False
2339.0,13.7,False
2022.0,13.1,False
1979.0,12.4,False
1793.0,12.1,False
1746.0,11.8,False
1701.0,11.5,False
1824.0,11.2,False
2045.0,11.0,False
2251.0,11.6,False
2390.0,12.4,False
2448.0,13.8,False
2428.0,15.1,False
2468.0,16.3,False
2542.0,17.2,False
2391.0,17.5,False
2356.0,17.6,False
2255.0,17.3,False
2166.0,16.7,False
2151.0,16.0,False
2235.0,15.1,False
2207.0,14.4,False
2072.0,13.5,False
2110.0,12.8,False
2278.0,12.2,False
2282.0,11.7,False
1993.0,11.5,False
1944.0,11.0,False
1794.0,10.7,False
1698.0,10.4,False
1728.0,10.2,False
1804.0,9.9,False
2049.0,9.8,False
2248.0,10.3,False
2367.0,11.6,False
2426.0,13.1,False
2399.0,14.8,False
2434.0,16.4,False
2546.0,17.6,False
2406.0,18.1,False
2289.0,18.7,False
2189.0,18.8,False
2102.0,18.5,False
2129.0,18.1,False
2158.0,17.4,False
2104.0,15.9,False
1980.0,14.5,False
2036.0,13.3,False
2239.0,12.5,False
2252.0,12.0,False
1934.0,11.7,False
1875.0,11.4,False
1681.0,10.7,False
1589.0,10.4,False
1537.0,9.9,False
1575.0,9.5,False
1607.0,9.2,False
1677.0,9.9,False
1796.0,11.6,False
1924.0,13.5,False
1951.0,15.0,False
1995.0,16.1,False
2154.0,17.0,False
1974.0,17.6,False
1895.0,18.2,False
1781.0,18.6,False
1712.0,18.8,False
1717.0,18.5,False
1818.0,18.0,False
1774.0,16.6,False
1689.0,15.3,False
1720.0,13.9,False
2016.0,12.9,False
2079.0,12.2,False
1808.0,11.7,False
1744.0,11.3,False
1539.0,10.8,False
1417.0,10.4,False
1376.0,10.0,False
1361.0,9.7,False
1385.0,9.5,False
1443.0,10.1,False
1575.0,11.9,False
1700.0,14.4,False
1767.0,16.5,False
1884.0,18.1,False
2014.0,19.2,False
1831.0,20.2,False
1716.0,20.9,False
1633.0,21.5,False
1576.0,21.9,False
1593.0,21.3,False
1758.0,19.9,False
1813.0,18.5,False
1739.0,17.1,False
1816.0,15.9,False
2014.0,14.8,False
2055.0,14.0,False
1787.0,13.4,False
1717.0,13.6,False
1561.0,12.7,False
1472.0,12.0,False
1497.0,11.4,False
1648.0,10.9,False
1908.0,10.5,False
2117.0,12.2,False
2253.0,13.2,False
2328.0,14.6,False
2349.0,16.3,False
2374.0,17.8,False
2509.0,18.9,False
2321.0,20.1,False
2260.0,20.8,False
2220.0,21.3,False
2131.0,20.9,False
2125.0,20.2,False
2237.0,19.5,False
2202.0,18.4,False
2038.0,17.3,False
2063.0,16.4,False
2251.0,15.6,False
2237.0,14.7,False
1917.0,14.0,False
1888.0,13.1,False
1701.0,12.6,False
1649.0,12.2,False
1630.0,11.6,False
1765.0,10.8,False
1999.0,10.3,False
2210.0,11.1,False
2329.0,12.8,False
2366.0,14.8,False
2378.0,16.8,False
2425.0,18.7,False
2537.0,20.2,False
2403.0,21.4,False
2318.0,21.8,False
2223.0,22.2,False
2145.0,22.1,False
2135.0,21.4,False
2214.0,20.4,False
2176.0,20.2,False
2054.0,19.0,False
2092.0,17.7,False
2264.0,16.4,False
2267.0,15.3,False
1936.0,14.5,False
1907.0,13.6,False
1716.0,13.5,False
1655.0,13.2,False
1647.0,12.8,False
1766.0,12.4,False
1964.0,12.1,False
2170.0,12.5,False
2360.0,13.8,False
2449.0,15.4,False
2479.0,16.3,False
2517.0,16.3,False
2585.0,16.3,False
2405.0,15.0,False
2338.0,14.6,False
2242.0,15.3,False
2180.0,14.3,False
2146.0,14.7,False
2295.0,15.3,False
2268.0,13.5,False
2099.0,13.0,False
2128.0,12.2,False
2303.0,11.4,False
2319.0,10.8,False
2007.0,10.5,False
1969.0,10.1,False
1800.0,9.9,False
1735.0,9.9,False
1720.0,10.1,False
1841.0,10.0,False
2054.0,10.0,False
2272.0,11.1,False
2389.0,12.9,False
2398.0,15.2,False
2410.0,17.3,False
2441.0,18.7,False
2584.0,19.8,False
2417.0,20.9,False
2320.0,21.5,False
2248.0,21.8,False
2172.0,21.9,False
2167.0,21.4,False
2245.0,20.4,False
2207.0,19.0,False
2049.0,17.8,False
2097.0,16.5,False
2269.0,15.2,False
2273.0,14.0,False
1948.0,13.1,False
1916.0,12.2,False
1749.0,11.5,False
1672.0,10.8,False
1658.0,10.3,False
1780.0,9.9,False
1990.0,9.7,False
2178.0,10.4,False
2310.0,12.3,False
2374.0,14.3,False
2382.0,16.5,False
2390.0,18.1,False
2532.0,19.3,False
2358.0,20.5,False
2262.0,21.2,False
2176.0,20.8,False
2096.0,20.5,False
2094.0,20.0,False
2131.0,19.1,False
2105.0,17.4,False
1955.0,16.2,False
2010.0,15.0,False
2225.0,14.1,False
2240.0,13.3,False
1899.0,12.6,False
1846.0,11.9,False
1653.0,11.5,False
1527.0,11.1,False
1482.0,10.9,False
1505.0,10.7,False
1514.0,10.4,False
1602.0,11.4,False
1772.0,13.0,False
1860.0,14.8,False
1914.0,16.7,False
1992.0,18.3,False
2147.0,19.5,False
1991.0,18.6,False
1882.0,18.9,False
1762.0,19.5,False
1730.0,19.5,False
1754.0,19.1,False
1852.0,18.9,False
1846.0,17.0,False
1702.0,16.6,False
1793.0,15.9,False
2040.0,15.3,False
2067.0,15.0,False
1810.0,14.9,False
1745.0,14.6,False
1546.0,14.9,False
1436.0,14.9,False
1394.0,14.8,False
1367.0,14.8,False
1382.0,14.6,False
1482.0,14.9,False
1595.0,15.1,False
1719.0,16.8,False
1839.0,17.9,False
1959.0,18.9,False
2093.0,19.4,False
1841.0,19.6,False
1772.0,18.8,False
1657.0,18.7,False
1585.0,19.9,False
1629.0,19.6,False
1750.0,17.9,False
1806.0,17.5,False
1752.0,16.7,False
1785.0,15.9,False
2035.0,14.9,False
2078.0,14.0,False
1788.0,13.2,False
1767.0,12.2,False
1594.0,11.7,False
1506.0,12.0,False
1552.0,12.0,False
1686.0,11.4,False
1945.0,10.9,False
2174.0,11.4,False
2302.0,12.9,False
2357.0,14.7,False
2362.0,15.9,False
2400.0,16.9,False
2563.0,17.9,False
2423.0,18.6,False
2347.0,18.5,False
2237.0,17.4,False
2159.0,17.7,False
2167.0,17.9,False
2286.0,17.6,False
2224.0,16.7,False
2067.0,15.9,False
2102.0,15.4,False
2210.0,14.7,False
2271.0,13.9,False
1987.0,13.2,False
1916.0,13.0,False
1746.0,12.7,False
1694.0,12.4,False
1680.0,12.2,False
1792.0,12.2,False
2027.0,12.4,False
2256.0,12.4,False
2406.0,13.9,False
2437.0,15.6,False
2406.0,16.2,False
2504.0,17.1,False
2581.0,18.0,False
2448.0,18.4,False
2366.0,18.7,False
2370.0,18.5,False
2253.0,18.6,False
2234.0,18.3,False
2304.0,17.7,False
2288.0,17.1,False
2126.0,16.2,False
2155.0,15.2,False
2330.0,14.6,False
2330.0,14.4,False
2001.0,14.3,False
1954.0,14.6,False
1784.0,14.6,False
1717.0,14.6,False
1712.0,14.7,False
1810.0,15.0,False
1974.0,15.2,False
2206.0,15.3,False
2435.0,15.3,False
2487.0,15.6,False
2469.0,16.2,False
2508.0,16.6,False
2621.0,17.6,False
2484.0,16.9,False
2389.0,16.9,False
2302.0,17.4,False
2225.0,17.8,False
2194.0,17.9,False
2227.0,17.6,False
2192.0,19.6,False
2054.0,18.9,False
2109.0,17.8,False
2314.0,17.1,False
2306.0,16.6,True
1960.0,15.8,True
1915.0,15.6,True
1725.0,15.2,True
1589.0,14.9,True
1513.0,14.5,True
1528.0,14.2,True
1525.0,13.9,True
1619.0,15.2,True
1755.0,15.8,True
1886.0,16.7,True
1946.0,17.8,True
2049.0,18.7,True
2218.0,19.7,True
2013.0,18.0,True
1914.0,19.0,True
1825.0,20.6,True
1739.0,21.4,True
1788.0,21.4,True
1879.0,21.0,True
1916.0,20.8,True
1833.0,19.9,True
1920.0,18.6,True
2165.0,17.1,True
2170.0,16.1,True
1846.0,15.3,True
1824.0,14.1,True
1628.0,13.6,True
1554.0,13.2,True
1540.0,12.8,True
1618.0,12.5,True
1724.0,12.3,True
1850.0,12.6,True
2029.0,15.2,True
2173.0,17.6,True
2205.0,19.5,True
2260.0,21.3,True
2432.0,22.8,True
2268.0,25.0,True
2175.0,26.0,True
2097.0,27.2,True
2041.0,27.6,True
2034.0,27.2,True
2096.0,26.8,True
2031.0,24.7,True
1920.0,20.5,True
1976.0,18.2,True
2208.0,16.7,True
2205.0,15.7,True
1862.0,15.1,True
1807.0,15.9,True
1620.0,15.3,True
1522.0,14.9,True
1472.0,14.6,True
1484.0,14.5,True
1518.0,14.5,True
1594.0,14.6,True
1743.0,15.2,True
1892.0,16.8,True
1937.0,18.6,True
2006.0,19.9,True
2153.0,21.4,True
1988.0,22.5,True
1919.0,23.2,True
1836.0,23.8,True
1772.0,24.4,True
1757.0,22.9,True
1853.0,22.3,True
1843.0,21.5,True
1724.0,20.1,True
1797.0,19.0,True
2014.0,18.2,True
2060.0,17.4,True
1754.0,16.8,True
1701.0,16.5,True
1479.0,16.0,True
1381.0,15.2,True
1337.0,14.5,True
1322.0,13.9,True
1336.0,13.6,True
1397.0,14.1,True
1543.0,14.9,True
1672.0,16.2,True
1745.0,17.6,True
1888.0,19.2,True
2048.0,19.8,True
1849.0,21.3,True
1779.0,21.6,True
1672.0,21.0,True
1636.0,21.3,True
1669.0,21.6,True
1796.0,21.0,True
1867.0,19.2,True
1760.0,17.9,True
1812.0,16.7,True
2009.0,15.7,True
2050.0,15.1,False
1762.0,14.5,False
1702.0,13.6,False
1542.0,13.0,False
1457.0,12.5,False
1506.0,12.2,False
1663.0,11.9,False
1876.0,11.7,False
2130.0,11.9,False
2268.0,13.5,False
2330.0,15.5,False
2341.0,16.8,False
2389.0,17.8,False
2523.0,18.6,False
2389.0,19.8,False
2324.0,20.6,False
2227.0,21.5,False
2177.0,21.8,False
2163.0,21.4,False
2250.0,21.2,False
2193.0,21.2,False
2055.0,19.3,False
2063.0,17.4,False
2268.0,15.4,False
2274.0,14.4,False
1930.0,13.7,False
1884.0,12.5,False
1716.0,12.2,False
1617.0,11.8,False
1632.0,11.5,False
1743.0,11.4,False
1967.0,11.6,False
2186.0,12.4,False
2322.0,13.8,False
2398.0,15.6,False
2445.0,16.7,False
2472.0,16.8,False
2585.0,17.5,False
2486.0,17.5,False
2379.0,16.8,False
2300.0,16.6,False
2241.0,16.0,False
2235.0,15.4,False
2262.0,14.9,False
2323.0,14.9,False
2167.0,14.3,False
2111.0,13.8,False
2296.0,13.5,False
2272.0,13.3,False
1957.0,12.4,False
1900.0,11.3,False
1735.0,10.9,False
1678.0,10.4,False
1668.0,10.1,False
1768.0,10.0,False
1976.0,10.1,False
2201.0,11.2,False
2353.0,12.8,False
2404.0,14.2,False
2406.0,15.2,False
2482.0,15.6,False
2603.0,15.4,False
2432.0,16.5,False
2383.0,16.1,False
2265.0,17.1,False
2187.0,16.5,False
2146.0,16.5,False
2288.0,16.8,False
2260.0,16.2,False
2106.0,15.8,False
2041.0,15.0,False
2302.0,14.2,False
2303.0,14.0,False
1954.0,13.7,False
1940.0,13.6,False
1750.0,13.6,False
1675.0,13.6,False
1665.0,13.3,False
1785.0,13.1,False
1989.0,13.1,False
2226.0,13.5,False
2416.0,14.1,False
2481.0,14.5,False
2465.0,14.7,False
2544.0,15.2,False
2651.0,15.5,False
2474.0,15.5,False
2394.0,15.7,False
2321.0,15.7,False
2258.0,16.4,False
2295.0,16.2,False
2388.0,15.8,False
2308.0,14.7,False
2142.0,14.5,False
2135.0,14.2,False
2328.0,13.9,False
2312.0,13.6,False
1973.0,13.2,False
1949.0,12.8,False
1779.0,12.2,False
1711.0,11.7,False
1685.0,11.5,False
1803.0,11.5,False
2011.0,11.5,False
2241.0,12.0,False
2405.0,13.2,False
2413.0,14.5,False
2507.0,15.8,False
2512.0,17.0,False
2608.0,17.2,False
2441.0,17.8,False
2376.0,18.0,False
2240.0,17.9,False
2157.0,17.6,False
2186.0,16.9,False
2212.0,16.3,False
2173.0,15.8,False
2035.0,15.0,False
2097.0,14.2,False
2257.0,13.5,False
2257.0,13.2,False
1944.0,13.0,False
1867.0,13.1,False
1681.0,12.7,False
1577.0,12.5,False
1528.0,12.4,False
1537.0,12.5,False
1549.0,12.6,False
1681.0,12.4,False
1788.0,13.4,False
1954.0,14.4,False
1962.0,15.2,False
2077.0,16.5,False
2243.0,16.7,False
1981.0,17.2,False
1957.0,17.8,False
1856.0,18.3,False
1772.0,18.2,False
1795.0,18.2,False
1883.0,17.7,False
1879.0,17.0,False
1771.0,16.3,False
1856.0,15.3,False
2075.0,13.6,False
2107.0,12.6,False
1810.0,11.8,False
1769.0,13.1,False
1566.0,12.2,False
1485.0,11.4,False
1410.0,10.8,False
1412.0,10.3,False
1416.0,10.0,False
1496.0,10.3,False
1629.0,11.9,False
1717.0,13.9,False
1817.0,15.3,False
1903.0,16.3,False
2053.0,17.4,False
1828.0,18.4,False
1731.0,19.0,False
1629.0,19.4,False
1603.0,19.8,False
1625.0,20.0,False
1689.0,19.9,False
1740.0,19.0,False
1642.0,17.5,False
1737.0,16.0,False
1981.0,14.7,False
2032.0,14.2,False
1733.0,13.7,False
1716.0,11.7,False
1498.0,11.0,False
1400.0,10.4,False
1379.0,9.9,False
1400.0,9.4,False
1442.0,9.2,False
1543.0,10.3,False
1677.0,12.5,False
1830.0,14.3,False
1906.0,15.8,False
2009.0,17.2,False
2206.0,18.4,False
1993.0,19.1,False
1952.0,19.9,False
1836.0,20.5,False
1766.0,21.0,False
1795.0,21.3,False
1930.0,21.5,False
1954.0,20.5,False
1828.0,19.3,False
1868.0,17.5,False
2089.0,16.1,False
2122.0,14.8,False
1826.0,13.8,False
1800.0,13.1,False
1624.0,12.5,False
1543.0,12.1,False
1551.0,11.8,False
1699.0,11.3,False
1933.0,11.3,False
2181.0,12.3,False
2336.0,13.9,False
2382.0,15.7,False
2378.0,17.5,False
2472.0,19.0,False
2592.0,20.2,False
2442.0,20.7,False
2388.0,21.2,False
2314.0,21.9,False
2251.0,22.4,False
2229.0,22.7,False
2309.0,22.8,False
2253.0,22.8,False
2104.0,20.7,False
2111.0,18.1,False
2247.0,16.4,False
2308.0,15.5,False
1951.0,14.7,False
1899.0,13.9,False
1720.0,13.6,False
1649.0,13.6,False
1637.0,13.7,False
1745.0,13.4,False
1930.0,13.3,False
2154.0,14.5,False
2303.0,16.5,False
2374.0,18.5,False
2394.0,20.3,False
2491.0,22.2,False
2638.0,24.1,False
2511.0,26.6,False
2466.0,28.1,False
2371.0,29.1,False
2334.0,29.9,False
2291.0,30.4,False
2392.0,29.8,False
2345.0,28.0,False
2168.0,26.4,False
2161.0,24.9,False
2339.0,24.0,False
2337.0,21.9,False
2045.0,20.7,False
2024.0,21.5,False
1785.0,20.2,False
1712.0,19.9,False
1659.0,19.3,False
1785.0,18.8,False
2003.0,18.6,False
2188.0,17.3,False
2336.0,17.3,False
2473.0,17.6,False
2455.0,19.1,False
2498.0,19.7,False
2631.0,21.4,False
2484.0,21.8,False
2399.0,21.9,False
2315.0,21.4,False
2292.0,21.3,False
2279.0,20.9,False
2315.0,20.2,False
2287.0,19.4,False
2139.0,18.7,False
2151.0,18.0,False
2307.0,17.4,False
2294.0,16.8,False
1947.0,16.5,False
1924.0,15.7,False
1755.0,15.7,False
1680.0,15.6,False
1684.0,15.6,False
1775.0,15.4,False
1960.0,15.1,False
2186.0,16.2,False
2349.0,17.4,False
2409.0,18.9,False
2407.0,19.9,False
2501.0,21.9,False
2566.0,23.1,False
2469.0,23.4,False
2409.0,23.0,False
2309.0,23.0,False
2201.0,21.9,False
2200.0,21.8,False
2251.0,20.7,False
2180.0,21.7,False
2032.0,21.3,False
2070.0,20.8,False
2283.0,19.6,False
2231.0,18.6,False
1892.0,17.9,False
1843.0,17.4,False
1647.0,17.0,False
1553.0,16.2,False
1496.0,15.8,False
1527.0,15.8,False
1528.0,15.5,False
1610.0,13.7,False
1777.0,15.1,False
1912.0,16.4,False
1950.0,17.4,False
2027.0,17.9,False
2188.0,18.6,False
2004.0,18.9,False
1931.0,18.6,False
1849.0,18.4,False
1773.0,18.0,False
1776.0,18.2,False
1849.0,18.1,False
1806.0,17.4,False
1695.0,16.6,False
1770.0,15.9,False
1998.0,15.2,False
2063.0,14.9,False
1725.0,14.4,False
1679.0,14.7,False
1504.0,14.5,False
1394.0,14.4,False
1327.0,14.2,False
1320.0,13.5,False
1326.0,13.1,False
1390.0,13.0,False
1537.0,13.6,False
1690.0,15.0,False
1786.0,16.7,False
1871.0,18.1,False
2016.0,19.4,False
1798.0,20.4,False
1713.0,21.1,False
1647.0,21.7,False
1615.0,21.7,False
1636.0,20.9,False
1746.0,20.2,False
1810.0,20.1,False
1751.0,18.7,False
1800.0,17.4,False
2029.0,16.3,False
2041.0,15.2,False
1708.0,14.4,False
1679.0,13.7,False
1513.0,13.1,False
1450.0,12.6,False
1476.0,12.3,False
1622.0,12.0,False
1850.0,12.3,False
2082.0,11.8,False
2229.0,13.3,False
2303.0,15.3,False
2333.0,17.5,False
2386.0,19.3,False
2500.0,20.6,False
2387.0,22.0,False
2307.0,23.1,False
2247.0,24.0,False
2181.0,24.5,False
2173.0,23.4,False
2263.0,22.6,False
2217.0,22.2,False
2043.0,21.3,False
2078.0,19.7,False
2252.0,17.7,False
2245.0,16.3,False
1899.0,15.3,False
1866.0,14.4,False
1685.0,13.6,False
1625.0,13.0,False
1638.0,13.0,False
1731.0,13.0,False
1935.0,13.1,False
2161.0,13.7,False
2311.0,15.6,False
2357.0,18.5,False
2387.0,21.1,False
2461.0,23.0,False
2583.0,24.4,False
2456.0,25.2,False
2398.0,26.1,False
2328.0,26.4,False
2244.0,26.5,False
2227.0,26.2,False
2271.0,24.9,False
2233.0,22.8,False
2087.0,21.3,False
2109.0,19.4,False
2284.0,17.8,False
2267.0,16.8,False
1924.0,16.1,False
1885.0,14.9,False
1690.0,14.5,False
1605.0,14.3,False
1627.0,14.0,False
1724.0,13.6,False
1920.0,13.3,False
2127.0,14.1,False
2265.0,15.8,False
2326.0,18.0,False
2372.0,20.1,False
2432.0,21.9,False
2570.0,23.5,False
2450.0,25.2,False
2389.0,26.0,False
2320.0,26.3,False
2246.0,25.8,False
2248.0,24.8,False
2296.0,23.9,False
2254.0,22.7,False
2078.0,21.2,False
2134.0,19.6,False
2308.0,18.5,False
2302.0,18.1,False
1943.0,18.1,False
1918.0,18.1,False
1701.0,17.7,False
1662.0,17.6,False
1639.0,17.3,False
1732.0,17.2,False
1942.0,17.5,False
2130.0,18.2,False
2301.0,20.1,False
2403.0,22.0,False
2410.0,23.7,False
2477.0,25.6,False
2593.0,27.2,False
2474.0,30.7,False
2440.0,31.9,False
2394.0,32.7,False
2337.0,33.1,False
2304.0,33.4,False
2326.0,33.2,False
2282.0,31.0,False
2161.0,29.5,False
2185.0,27.5,False
2360.0,25.7,False
2321.0,25.4,False
1960.0,25.2,False
1923.0,25.3,False
1798.0,25.1,False
1690.0,24.7,False
1654.0,24.2,False
1781.0,23.9,False
1966.0,23.4,False
2164.0,22.8,False
2339.0,24.4,False
2420.0,26.4,False
2459.0,28.4,False
2511.0,30.2,False
2640.0,31.6,False
2440.0,35.0,False
2410.0,35.7,False
2381.0,34.4,False
2282.0,34.7,False
2285.0,34.5,False
2289.0,34.3,False
2220.0,33.1,False
2068.0,31.7,False
2137.0,30.2,False
2325.0,28.9,False
2317.0,28.1,False
1931.0,27.1,False
1870.0,25.4,False
1672.0,25.0,False
1576.0,24.5,False
1537.0,24.2,False
1540.0,23.9,False
1549.0,23.6,False
1638.0,25.4,False
1789.0,26.4,False
1939.0,27.3,False
2027.0,28.6,False
2059.0,30.3,False
2199.0,32.1,False
2009.0,34.6,False
2004.0,33.3,False
1951.0,33.0,False
1855.0,34.2,False
1911.0,33.3,False
1903.0,31.9,False
1830.0,28.3,False
1749.0,27.8,False
1810.0,23.4,False
2034.0,21.8,False
2040.0,20.5,False
1729.0,19.8,False
1692.0,18.6,False
1510.0,18.0,False
1420.0,17.5,False
1371.0,17.3,False
1345.0,17.0,False
1334.0,16.5,False
1389.0,17.1,False
1507.0,17.4,False
1647.0,18.6,False
1722.0,20.4,False
1829.0,21.9,False
1981.0,23.1,False
1827.0,24.1,False
1759.0,24.9,False
1674.0,25.6,False
1668.0,25.0,False
1690.0,23.9,False
1787.0,23.1,False
1849.0,22.8,False
1759.0,21.3,False
1843.0,19.7,False
2041.0,18.6,False
2024.0,18.0,False
1722.0,17.6,False
1698.0,17.0,False
1558.0,16.3,False
1476.0,15.8,False
1528.0,15.8,False
1673.0,16.0,False
1877.0,16.1,False
2102.0,16.9,False
2257.0,17.5,False
2350.0,18.3,False
2390.0,18.9,False
2449.0,20.6,False
2534.0,23.0,False
2392.0,24.1,False
2347.0,26.0,False
2277.0,27.4,False
2208.0,28.1,False
2197.0,28.0,False
2277.0,27.5,False
2253.0,26.0,False
2066.0,24.9,False
2067.0,23.4,False
2272.0,21.1,False
2240.0,19.6,False
1881.0,18.8,False
1873.0,17.3,False
1707.0,16.7,False
1628.0,16.3,False
1639.0,15.9,False
1743.0,15.6,False
1944.0,15.6,False
2117.0,16.3,False
2262.0,17.8,False
2325.0,19.6,False
2343.0,21.4,False
2438.0,23.0,False
2528.0,24.7,False
2417.0,26.1,False
2397.0,27.2,False
2332.0,28.1,False
2242.0,28.9,False
2233.0,29.0,False
2294.0,29.2,False
2256.0,28.6,False
2110.0,27.9,False
2135.0,24.4,False
2283.0,21.8,False
2262.0,20.3,False
1905.0,19.4,False
1877.0,18.7,False
1701.0,18.3,False
1633.0,18.1,False
1639.0,18.2,False
1732.0,18.2,False
1897.0,18.3,False
2113.0,18.0,False
2287.0,18.8,False
2353.0,19.1,False
2344.0,20.1,False
2452.0,22.6,False
2566.0,24.5,False
2453.0,23.8,False
2427.0,26.1,False
2349.0,26.9,False
2271.0,27.3,False
2231.0,27.1,False
2289.0,26.6,False
2258.0,22.5,False
2083.0,22.2,False
2131.0,20.7,False
2264.0,18.0,False
2250.0,17.0,False
1906.0,17.2,False
1865.0,18.3,False
1682.0,17.4,False
1635.0,16.8,False
1657.0,16.6,False
1748.0,16.7,False
1921.0,16.7,False
2151.0,16.8,False
2289.0,17.4,False
2346.0,18.1,False
2437.0,19.6,False
2426.0,19.5,False
2568.0,20.9,False
2402.0,21.5,False
2386.0,22.1,False
2327.0,21.8,False
2269.0,22.6,False
2245.0,21.9,False
2334.0,20.9,False
2274.0,21.4,False
2118.0,20.6,False
2111.0,19.7,False
2287.0,18.9,False
2262.0,18.2,False
1934.0,17.8,False
1914.0,17.7,False
1734.0,18.0,False
1685.0,18.0,False
1687.0,18.2,False
1787.0,18.1,False
1970.0,17.9,False
2173.0,18.3,False
2326.0,18.7,False
2379.0,19.5,False
2392.0,20.4,False
2459.0,21.2,False
2532.0,22.3,False
2405.0,23.4,False
2363.0,24.2,False
2265.0,23.9,False
2192.0,23.8,False
2190.0,24.0,False
2199.0,23.5,False
2167.0,23.1,False
2030.0,22.3,False
2051.0,21.3,False
2251.0,20.5,False
2236.0,19.6,False
1909.0,18.9,False
1850.0,18.2,False
1654.0,17.5,False
1560.0,17.0,False
1493.0,16.8,False
1526.0,16.8,False
1542.0,16.8,False
1634.0,16.5,False
1773.0,17.2,False
1891.0,18.9,False
1944.0,20.9,False
2014.0,22.3,False
2170.0,23.5,False
2008.0,24.0,False
1971.0,25.1,False
1897.0,26.0,False
1815.0,26.7,False
1863.0,27.2,False
1912.0,27.5,False
1839.0,27.2,False
1735.0,25.2,False
1798.0,22.6,False
2018.0,20.7,False
2053.0,19.6,False
1755.0,18.9,False
1664.0,18.5,False
1488.0,18.1,False
1398.0,17.7,False
1347.0,17.4,False
1332.0,17.5,False
1345.0,17.9,False
1422.0,18.8,False
1526.0,19.5,False
1677.0,20.9,False
1754.0,22.7,False
1853.0,24.4,False
1992.0,25.9,False
1823.0,27.2,False
1798.0,28.2,False
1719.0,28.8,False
1687.0,29.1,False
1714.0,28.7,False
1767.0,27.9,False
1867.0,25.5,False
1805.0,23.4,False
1860.0,21.8,False
2071.0,20.7,False
2067.0,20.1,False
1734.0,20.0,False
1703.0,19.9,False
1521.0,19.8,False
1474.0,19.8,False
1525.0,19.5,False
1659.0,19.3,False
1845.0,19.1,False
2057.0,20.3,False
2243.0,22.2,False
2399.0,24.3,False
2422.0,26.3,False
2518.0,28.2,False
2633.0,30.0,False
2516.0,30.4,False
2457.0,31.3,False
2395.0,31.9,False
2346.0,32.6,False
2321.0,31.9,False
2344.0,31.1,False
2260.0,29.5,False
2171.0,27.9,False
2217.0,25.9,False
2380.0,24.4,False
2348.0,23.1,False
1970.0,22.1,False
1932.0,21.5,False
1752.0,20.8,False
1668.0,20.2,False
1727.0,19.6,False
1830.0,19.2,False
2030.0,19.0,False
2228.0,18.0,False
2358.0,19.1,False
2429.0,20.6,False
2439.0,22.5,False
2499.0,24.6,False
2614.0,26.3,False
2520.0,27.2,False
2482.0,28.5,False
2393.0,29.5,False
2340.0,29.3,False
2267.0,27.9,False
2343.0,26.2,False
2280.0,25.1,False
2123.0,23.2,False
2134.0,21.7,False
2311.0,20.9,False
2313.0,20.4,False
1930.0,20.2,False
1913.0,19.3,False
1747.0,19.2,False
1654.0,19.1,False
1668.0,18.8,False
1761.0,18.6,False
1949.0,18.8,False
2165.0,17.3,False
2315.0,17.1,False
2391.0,17.9,False
2408.0,18.2,False
2469.0,19.3,False
2549.0,19.1,False
2435.0,19.2,False
2398.0,21.0,False
2295.0,22.0,False
2184.0,22.6,False
2198.0,22.5,False
2261.0,21.8,False
2244.0,20.7,False
2051.0,20.0,False
2077.0,19.0,False
2261.0,18.0,False
2235.0,17.2,False
1930.0,16.5,False
1891.0,15.8,False
1697.0,15.4,False
1645.0,15.2,False
1659.0,14.9,False
1757.0,14.6,False
1928.0,14.5,False
2128.0,14.5,False
2253.0,16.2,False
2356.0,17.9,False
2401.0,19.5,False
2460.0,20.9,False
2584.0,22.2,False
2464.0,22.7,False
2412.0,23.5,False
2330.0,23.5,False
2247.0,23.2,False
2222.0,22.8,False
2284.0,21.8,False
2213.0,20.6,False
2067.0,19.5,False
2101.0,18.5,False
2302.0,18.0,False
2297.0,17.2,False
1939.0,16.5,False
1893.0,15.9,False
1720.0,15.5,False
1645.0,15.1,False
1633.0,14.7,False
1752.0,14.5,False
1921.0,14.3,False
2054.0,14.6,False
2258.0,16.2,False
2366.0,18.4,False
2396.0,20.0,False
2457.0,21.4,False
2577.0,22.5,False
2444.0,23.7,False
2385.0,24.4,False
2284.0,25.0,False
2211.0,25.3,False
2217.0,24.2,False
2199.0,22.9,False
2135.0,22.0,False
1990.0,20.6,False
2052.0,19.0,False
2245.0,17.6,False
2225.0,16.6,True
1887.0,15.9,True
1851.0,15.4,True
1644.0,15.1,True
1545.0,14.6,True
1483.0,14.1,True
1496.0,13.7,True
1507.0,13.5,True
1601.0,13.6,True
1740.0,15.2,True
1862.0,17.3,True
1953.0,19.2,True
2037.0,20.8,True
2191.0,22.3,True
1987.0,23.0,True
1956.0,23.6,True
1889.0,24.3,True
1813.0,24.1,True
1850.0,23.4,True
1919.0,21.6,True
1846.0,19.5,True
1745.0,19.2,True
1819.0,18.4,True
2005.0,17.9,True
2043.0,17.4,True
1705.0,17.5,True
1698.0,15.2,True
1495.0,15.2,True
1418.0,15.7,True
1367.0,15.9,True
1359.0,16.3,True
1325.0,17.1,True
1432.0,16.4,True
1518.0,16.8,True
1662.0,18.2,True
1792.0,18.5,True
1887.0,18.5,True
2048.0,20.3,True
1857.0,23.3,True
1796.0,24.2,True
1682.0,22.8,True
1662.0,22.0,True
1706.0,21.1,True
1791.0,21.6,True
1843.0,18.9,True
1736.0,18.2,True
1784.0,17.4,True
2002.0,16.8,True
2004.0,16.7,True
1717.0,16.1,True
1680.0,16.3,True
1524.0,16.1,True
1462.0,15.6,True
1506.0,15.3,True
1640.0,15.0,True
1802.0,14.9,True
2051.0,15.1,True
2199.0,16.4,True
2320.0,17.6,True
2332.0,18.4,True
2443.0,19.3,True
2564.0,19.9,True
2439.0,20.6,True
2375.0,20.9,True
2288.0,21.3,True
2204.0,21.3,True
2154.0,20.9,True
2254.0,20.5,True
2226.0,19.3,True
2066.0,18.6,True
2070.0,17.7,True
2260.0,16.7,True
2263.0,15.7,True
1916.0,14.9,True
1895.0,14.2,True
1687.0,13.6,True
1614.0,13.2,True
1629.0,12.9,True
1726.0,12.8,True
1883.0,12.7,True
2087.0,12.8,True
2257.0,14.7,True
2347.0,17.4,True
2412.0,19.3,True
2460.0,20.6,True
2591.0,21.7,True
2458.0,22.8,True
2378.0,23.5,True
2281.0,23.9,True
2208.0,24.1,True
2174.0,23.5,True
2291.0,22.0,True
2240.0,20.1,True
2061.0,18.7,True
2086.0,17.4,True
2283.0,16.3,True
2282.0,15.2,True
1925.0,14.3,True
1887.0,13.8,True
1705.0,13.3,True
1631.0,12.8,True
1640.0,12.5,True
1727.0,12.1,True
1892.0,11.9,True
2081.0,13.6,True
2244.0,15.3,True
2353.0,17.2,True
2373.0,18.9,True
2440.0,20.4,True
2591.0,21.8,True
2477.0,22.3,True
2423.0,23.2,True
2323.0,24.0,True
2279.0,24.8,True
2232.0,25.2,True
2285.0,24.8,True
2273.0,23.0,True
2088.0,21.6,True
2108.0,20.1,True
2298.0,18.6,True
2296.0,17.3,True
1936.0,16.3,True
1910.0,15.6,True
1722.0,15.3,True
1642.0,14.9,True
1641.0,14.7,True
1749.0,14.4,True
1902.0,14.3,True
2078.0,15.1,True
2263.0,17.2,True
2370.0,20.0,True
2424.0,22.1,True
2470.0,23.8,True
2595.0,24.9,True
2500.0,26.5,True
2456.0,27.3,True
2388.0,27.9,True
2295.0,27.9,True
2283.0,27.8,True
2313.0,27.5,True
2286.0,26.5,True
2133.0,25.3,True
2154.0,23.4,True
2353.0,21.9,True
2311.0,20.8,True
1960.0,20.0,True
1923.0,19.6,True
1757.0,19.2,True
1668.0,18.9,True
1665.0,18.6,True
1758.0,18.3,True
1892.0,18.2,True
2092.0,18.2,True
2266.0,20.0,True
2386.0,22.3,True
2440.0,24.3,True
2472.0,25.6,True
2583.0,26.9,True
2468.0,30.6,True
2430.0,32.1,True
2377.0,32.7,True
2285.0,33.2,True
2263.0,33.4,True
2300.0,31.5,True
2225.0,28.2,True
2113.0,26.7,True
2151.0,25.3,True
2316.0,24.1,True
2309.0,23.3,True
1952.0,22.7,True
1893.0,22.6,True
1696.0,22.0,True
1571.0,21.7,True
1527.0,21.3,True
1537.0,21.0,True
1541.0,20.9,True
1643.0,21.4,True
1792.0,23.2,True
1945.0,25.2,True
2030.0,26.9,True
2105.0,28.6,True
2225.0,29.6,True
2082.0,32.3,True
2044.0,33.2,True
2003.0,33.7,True
1944.0,33.7,True
1923.0,33.2,True
1967.0,32.0,True
1937.0,30.0,True
1815.0,28.1,True
1903.0,26.2,True
2096.0,24.9,True
2097.0,24.1,True
1762.0,23.7,True
1724.0,23.1,True
1520.0,22.7,True
1436.0,22.4,True
1377.0,22.2,True
1366.0,22.2,True
1357.0,22.1,True
1429.0,21.2,True
1565.0,23.1,True
1719.0,25.7,True
1807.0,28.1,True
1899.0,29.9,True
2047.0,31.8,True
1856.0,32.4,True
1803.0,32.1,True
1717.0,31.7,True
1691.0,31.0,True
1761.0,30.1,True
1791.0,28.7,True
1830.0,23.8,True
1731.0,22.6,True
1803.0,21.7,True
2035.0,21.1,True
2006.0,20.6,True
1672.0,19.9,True
1695.0,19.6,True
1488.0,19.6,True
1396.0,18.8,True
1372.0,18.0,True
1356.0,17.4,True
1412.0,17.0,True
1482.0,17.0,True
1602.0,18.7,True
1779.0,20.3,True
1861.0,21.6,True
1962.0,21.6,True
2127.0,18.5,True
1923.0,21.0,True
1887.0,19.0,True
1800.0,19.3,True
1740.0,20.4,True
1838.0,22.0,True
1899.0,21.9,True
1930.0,21.5,True
1831.0,20.7,True
1857.0,19.8,True
2049.0,18.8,True
2043.0,18.0,True
1735.0,17.6,True
1709.0,17.3,True
1538.0,16.8,True
1487.0,16.5,True
1550.0,16.2,True
1641.0,16.4,True
1846.0,16.5,True
2053.0,16.6,True
2214.0,17.4,True
2295.0,19.0,True
2387.0,20.8,True
2475.0,22.2,True
2560.0,23.3,True
2467.0,24.3,True
2376.0,24.6,True
2302.0,24.4,True
2253.0,24.3,True
2200.0,24.2,True
2315.0,23.1,True
2193.0,22.3,True
2108.0,21.4,True
2104.0,20.1,True
2296.0,19.2,True
2255.0,18.5,True
1931.0,18.0,True
1910.0,17.9,True
1720.0,17.8,True
1640.0,17.8,True
1659.0,17.9,True
1784.0,18.1,True
1914.0,18.0,True
2126.0,17.4,True
2282.0,18.1,True
2387.0,19.0,True
2452.0,20.3,True
2530.0,21.7,True
2592.0,23.8,True
2472.0,25.6,True
2428.0,25.1,True
2344.0,24.6,True
2273.0,25.5,True
2281.0,25.6,True
2343.0,24.9,True
2305.0,25.2,True
2173.0,24.4,True
2131.0,23.5,True
2336.0,22.5,True
2388.0,21.6,True
1964.0,20.2,True
1920.0,18.5,True
1735.0,18.0,True
1650.0,17.5,True
1653.0,17.3,True
1743.0,17.5,True
1920.0,17.7,True
2140.0,18.3,True
2307.0,19.0,True
2396.0,20.1,True
2475.0,21.5,True
2530.0,23.0,True
2661.0,25.0,True
2511.0,26.3,True
2451.0,27.9,True
2369.0,29.3,True
2355.0,29.9,True
2267.0,29.8,True
2340.0,29.1,True
2288.0,26.6,True
2126.0,25.6,True
2168.0,23.6,True
2332.0,21.4,True
2301.0,20.5,True
1963.0,19.8,True
1928.0,19.4,True
1735.0,19.1,True
1660.0,18.6,True
1642.0,18.2,True
1755.0,17.9,True
1911.0,17.6,True
2096.0,17.6,True
2272.0,18.9,True
2377.0,20.8,True
2445.0,22.3,True
2513.0,23.8,True
2643.0,25.3,True
2536.0,26.2,True
2456.0,26.9,True
2339.0,27.6,True
2224.0,27.9,True
2193.0,26.8,True
2227.0,24.9,True
2197.0,18.9,True
2082.0,18.5,True
2103.0,17.8,True
2256.0,17.3,True
2261.0,17.1,True
1864.0,16.8,True
1907.0,17.2,True
1657.0,17.0,True
1542.0,16.7,True
1487.0,16.5,True
1503.0,16.6,True
1520.0,16.5,True
1602.0,16.8,True
1737.0,17.2,True
1873.0,17.9,True
1959.0,18.7,True
2048.0,18.6,True
2211.0,20.8,True
2029.0,22.4,True
1942.0,21.8,True
1840.0,21.9,True
1793.0,21.6,True
1786.0,21.0,True
1820.0,19.9,True
1900.0,19.7,True
1779.0,19.3,True
1814.0,18.8,True
2035.0,18.3,True
2037.0,18.2,True
1692.0,18.2,True
1685.0,17.7,True
1530.0,17.8,True
1412.0,17.5,True
1330.0,16.7,True
1306.0,15.9,True
1321.0,15.3,True
1420.0,15.6,True
1551.0,16.5,True
1670.0,17.7,True
1830.0,19.0,True
1902.0,19.3,True
2130.0,19.4,True
1865.0,19.8,True
1769.0,19.7,True
1708.0,19.9,True
1651.0,19.5,True
1673.0,18.6,True
1775.0,18.3,True
1851.0,17.6,True
1764.0,16.9,True
1808.0,16.6,True
1994.0,16.1,True
2007.0,16.0,True
1664.0,15.7,True
1661.0,15.0,True
1518.0,14.7,True
1463.0,14.3,True
1464.0,13.7,True
1625.0,13.4,True
1766.0,13.5,True
1984.0,14.9,True
2155.0,16.1,True
2278.0,17.7,True
2321.0,19.8,True
2447.0,20.6,True
2538.0,21.6,True
2429.0,22.3,True
2367.0,22.8,True
2284.0,23.7,True
2207.0,23.3,True
2197.0,22.6,True
2282.0,21.9,True
2277.0,21.2,True
2080.0,20.6,True
2073.0,19.8,True
2265.0,18.9,True
2238.0,18.1,True
1901.0,17.5,True
1877.0,16.3,True
1703.0,15.8,True
1627.0,15.3,True
1638.0,14.8,True
1724.0,14.4,True
1862.0,14.0,True
2076.0,14.5,True
2270.0,15.9,True
2354.0,17.6,True
2413.0,19.3,True
2498.0,20.6,True
2584.0,21.7,True
2456.0,22.0,True
2384.0,21.6,True
2304.0,20.6,True
2206.0,21.3,True
2140.0,21.7,True
2275.0,19.8,True
2267.0,20.6,True
2090.0,19.8,True
2101.0,19.0,True
2301.0,18.2,True
2287.0,17.1,True
1927.0,17.0,True
1899.0,15.4,True
1705.0,15.2,True
1630.0,14.9,True
1620.0,14.8,True
1726.0,15.1,True
1878.0,15.1,True
2072.0,15.5,True
2249.0,15.7,True
2369.0,16.1,True
2403.0,16.0,True
2473.0,17.0,True
2592.0,17.1,True
2450.0,20.0,True
2356.0,19.5,True
2258.0,20.1,True
2178.0,20.2,True
2158.0,20.4,True
2204.0,19.8,True
2238.0,19.0,True
2059.0,18.0,True
2082.0,16.9,True
2259.0,16.2,True
2250.0,15.7,True
1901.0,15.3,True
1890.0,14.8,True
1702.0,14.8,True
1657.0,15.1,True
1614.0,15.0,True
1696.0,14.7,True
1858.0,14.4,True
2080.0,14.5,True
2219.0,15.8,True
2344.0,17.5,True
2388.0,18.8,True
2459.0,20.1,True
2554.0,21.1,True
2423.0,21.6,True
2347.0,21.6,True
2282.0,22.1,True
2211.0,21.8,True
2170.0,21.8,True
2208.0,21.4,True
2216.0,20.9,True
2069.0,19.8,True
2059.0,18.6,True
2253.0,17.5,True
2247.0,16.6,True
1887.0,15.8,True
1867.0,15.2,True
1684.0,15.0,True
1593.0,14.7,True
1633.0,14.4,True
1688.0,14.1,True
1853.0,13.8,True
2048.0,15.0,True
2231.0,16.6,True
2306.0,18.5,True
2362.0,20.2,True
2421.0,21.5,True
2542.0,22.6,True
2398.0,23.8,True
2342.0,24.5,True
2227.0,24.8,True
2145.0,25.1,True
2095.0,23.9,True
2156.0,22.3,True
2139.0,21.2,True
1995.0,20.2,True
2006.0,19.0,True
2228.0,18.0,True
2205.0,17.4,True
1852.0,17.4,True
1777.0,15.5,True
1559.0,14.9,True
1457.0,14.7,True
1428.0,14.4,True
1463.0,14.1,True
1468.0,13.8,True
1552.0,14.7,True
1718.0,15.5,True
1859.0,16.4,True
1941.0,18.6,True
2002.0,20.4,True
2174.0,21.0,True
1966.0,21.4,True
1903.0,21.2,True
1820.0,20.8,True
1774.0,20.4,True
1804.0,21.2,True
1856.0,21.3,True
1869.0,19.6,True
1749.0,19.3,True
1826.0,18.2,True
2010.0,17.7,True
2015.0,17.2,True
1696.0,16.9,True
1653.0,16.8,True
1464.0,16.5,True
1372.0,16.3,True
1317.0,16.2,True
1327.0,16.0,True
1312.0,15.9,True
1393.0,15.7,True
1530.0,16.2,True
1664.0,17.0,True
1773.0,18.0,True
1875.0,19.0,True
2001.0,20.1,True
1835.0,21.2,True
1745.0,21.4,True
1668.0,21.1,True
1619.0,21.4,True
1664.0,21.2,True
1779.0,20.8,True
1844.0,20.5,True
1757.0,19.7,True
1819.0,18.7,True
2030.0,17.9,True
2018.0,17.1,True
1678.0,16.5,True
1664.0,16.5,True
1503.0,15.9,True
1436.0,15.4,True
1457.0,15.1,True
1603.0,14.9,True
1770.0,14.5,True
1967.0,14.4,True
2149.0,15.5,True
2278.0,17.3,True
2321.0,19.0,True
2410.0,20.5,True
2514.0,21.2,True
2344.0,22.3,True
2321.0,22.5,True
2249.0,22.8,True
2185.0,22.9,True
2122.0,22.9,True
2225.0,22.4,True
2240.0,21.8,True
2046.0,20.7,True
2078.0,19.3,True
2266.0,18.1,True
2254.0,17.1,True
1877.0,16.4,True
1838.0,16.4,True
1672.0,15.8,True
1592.0,15.4,True
1600.0,15.1,True
1695.0,14.9,True
1841.0,14.7,True
2027.0,14.1,True
2215.0,15.4,True
2342.0,17.1,True
2362.0,18.8,True
2455.0,19.2,True
2568.0,19.8,True
2410.0,21.3,True
2359.0,22.5,True
2253.0,22.2,True
2168.0,20.7,True
2150.0,20.1,True
2269.0,21.0,True
2263.0,20.1,True
2061.0,20.3,True
2102.0,19.6,True
2270.0,18.9,True
2259.0,17.9,True
1891.0,17.0,True
1856.0,16.6,True
1692.0,16.2,True
1588.0,16.0,True
1604.0,16.1,True
1697.0,15.8,True
1844.0,15.4,True
2037.0,15.6,True
2211.0,16.7,True
2338.0,18.3,True
2413.0,19.6,True
2475.0,21.4,True
2592.0,22.1,True
2423.0,22.8,True
2334.0,23.4,True
2231.0,23.9,True
2189.0,23.9,True
2130.0,23.8,True
2251.0,23.1,True
2219.0,22.2,True
2082.0,21.0,True
2093.0,19.6,True
2281.0,18.5,True
2265.0,17.4,True
1905.0,16.5,True
1861.0,15.5,True
1662.0,14.9,True
1597.0,14.6,True
1581.0,14.7,True
1689.0,14.9,True
1840.0,15.0,True
2030.0,15.4,True
2221.0,16.1,True
2331.0,16.8,True
2386.0,17.8,True
2470.0,18.6,True
2578.0,20.0,True
2407.0,21.0,True
2394.0,20.6,True
2249.0,21.1,True
2198.0,22.1,True
2187.0,22.9,True
2273.0,23.5,True
2239.0,22.4,True
2099.0,21.1,True
2118.0,19.9,True
2297.0,18.9,True
2266.0,18.1,True
1920.0,17.1,True
1883.0,17.4,True
1707.0,16.7,True
1599.0,16.1,True
1614.0,15.4,True
1691.0,14.8,True
1818.0,14.8,True
2027.0,16.0,True
2175.0,17.2,True
2301.0,18.2,True
2329.0,19.4,True
2381.0,21.0,True
2506.0,22.0,True
2319.0,22.3,True
2247.0,22.4,True
2147.0,22.5,True
2050.0,21.9,True
2039.0,21.4,True
2090.0,20.9,True
2107.0,20.2,True
1952.0,18.9,True
2016.0,17.9,True
2192.0,17.0,True
2187.0,16.3,True
1807.0,15.7,True
1781.0,15.3,True
1590.0,15.0,True
1481.0,14.7,True
1423.0,14.4,True
1457.0,14.2,True
1463.0,14.0,True
1531.0,14.3,True
1696.0,15.7,True
1858.0,17.6,True
1908.0,18.9,True
1990.0,20.1,True
2136.0,20.9,True
1969.0,22.0,True
1909.0,22.8,True
1808.0,22.8,True
1733.0,22.8,True
1735.0,22.5,True
1803.0,21.6,True
1824.0,20.7,True
1728.0,19.5,True
1803.0,18.4,True
1918.0,17.4,True
1994.0,16.6,True
1698.0,15.8,True
1648.0,15.2,True
1471.0,15.0,True
1360.0,14.8,True
1320.0,14.7,True
1301.0,14.6,True
1315.0,14.4,True
1395.0,14.0,True
1526.0,15.1,True
1694.0,17.1,True
1775.0,18.8,True
1876.0,20.5,True
2066.0,21.7,True
1835.0,23.1,True
1771.0,24.2,True
1694.0,25.1,True
1648.0,25.3,True
1665.0,25.0,True
1765.0,24.8,True
1847.0,24.6,True
1787.0,23.5,True
1864.0,22.2,True
2059.0,21.0,True
2053.0,20.0,True
1723.0,19.1,True
1692.0,19.0,True
1512.0,18.4,True
1444.0,17.9,True
1468.0,17.3,True
1558.0,16.8,True
1720.0,16.3,True
1871.0,16.3,True
2044.0,17.5,True
2167.0,19.3,True
2245.0,21.2,True
2343.0,23.2,True
2492.0,24.6,True
2344.0,26.0,True
2294.0,26.8,True
2231.0,27.1,True
2136.0,27.2,True
2142.0,27.2,True
2248.0,26.7,True
2253.0,25.4,True
2096.0,23.9,True
2147.0,22.2,True
2330.0,21.0,True
2255.0,19.9,True
1888.0,19.1,True
1850.0,18.7,True
1679.0,18.4,True
1597.0,17.3,True
1567.0,16.4,True
1641.0,15.3,True
1749.0,14.8,True
1906.0,14.1,True
2087.0,15.4,True
2210.0,17.0,True
2270.0,18.4,True
2340.0,19.4,True
2456.0,20.6,True
2305.0,21.2,True
2235.0,21.7,True
2148.0,22.1,True
2079.0,22.3,True
2078.0,22.1,True
2172.0,21.6,True
2171.0,20.9,True
2006.0,19.6,True
2058.0,18.3,True
2243.0,17.1,True
2206.0,16.5,True
1857.0,16.2,True
1824.0,15.9,True
1654.0,15.8,True
1564.0,15.7,True
1546.0,15.5,True
1621.0,15.4,True
1744.0,15.3,True
1902.0,15.4,True
2058.0,16.3,True
2200.0,18.0,True
2240.0,19.3,True
2330.0,20.4,True
2474.0,21.5,True
2321.0,23.2,True
2261.0,24.2,True
2168.0,25.1,True
2101.0,25.6,True
2081.0,25.7,True
2170.0,25.7,True
2188.0,25.4,True
2025.0,24.5,True
2082.0,22.5,True
2283.0,20.8,True
2257.0,19.6,True
1898.0,18.7,True
1857.0,17.9,True
1674.0,17.1,True
1593.0,16.6,True
1573.0,16.3,True
1647.0,15.8,True
1762.0,15.4,True
1897.0,15.3,True
2064.0,16.7,True
2194.0,18.8,True
2252.0,21.2,True
2347.0,23.4,True
2480.0,25.5,True
2319.0,26.6,True
2262.0,27.5,True
2172.0,28.0,True
2104.0,28.3,True
2108.0,28.1,True
2212.0,27.6,True
2199.0,25.3,True
2026.0,24.3,True
2107.0,22.9,True
2288.0,22.0,True
2267.0,20.9,True
1894.0,19.9,True
1868.0,19.7,True
1682.0,19.2,True
1612.0,18.9,True
1594.0,18.7,True
1673.0,18.5,True
1805.0,18.4,True
1945.0,18.7,True
2097.0,19.0,True
2218.0,19.7,True
2253.0,20.8,True
2326.0,22.1,True
2494.0,23.0,True
2324.0,25.1,True
2273.0,26.2,True
2159.0,27.3,True
2087.0,28.3,True
2107.0,28.5,True
2142.0,28.6,True
2138.0,26.4,True
2007.0,23.2,True
2067.0,21.2,True
2209.0,19.7,True
2209.0,18.8,True
1834.0,18.3,True
1786.0,18.2,True
1590.0,17.8,True
1493.0,17.5,True
1434.0,17.3,True
1449.0,17.2,True
1489.0,17.2,True
1558.0,17.0,True
1693.0,17.7,True
1828.0,19.1,True
1926.0,20.8,True
1979.0,22.2,True
2120.0,23.2,True
1969.0,25.5,True
1943.0,26.6,True
1862.0,27.5,True
1737.0,27.2,True
1758.0,25.4,True
1808.0,24.2,True
1832.0,21.9,True
1757.0,20.4,True
1838.0,18.9,True
2016.0,18.0,True
2000.0,17.5,True
1675.0,17.0,True
1663.0,16.3,True
1466.0,16.0,True
1363.0,15.7,True
1320.0,15.5,True
1295.0,15.2,True
1312.0,14.9,True
1368.0,14.9,True
1518.0,16.5,True
1677.0,18.8,True
1783.0,20.9,True
1856.0,22.5,True
2005.0,24.0,True
1847.0,25.9,True
1777.0,27.1,True
1692.0,28.0,True
1654.0,28.4,True
1672.0,28.2,True
1742.0,27.3,True
1840.0,24.8,True
1792.0,23.1,True
1869.0,21.1,True
2037.0,19.8,True
2002.0,19.2,True
1679.0,18.9,True
1649.0,19.3,True
1481.0,19.0,True
1442.0,18.9,True
1436.0,19.0,True
1547.0,18.8,True
1665.0,18.4,True
1812.0,18.5,True
1989.0,19.5,True
2142.0,21.6,True
2210.0,23.8,True
2341.0,26.3,True
2466.0,28.4,True
2287.0,29.9,True
2259.0,31.2,True
2207.0,32.5,True
2178.0,32.4,True
2170.0,33.3,True
2224.0,33.5,True
2215.0,31.8,True
2099.0,29.9,True
2167.0,28.2,True
2312.0,26.7,True
2261.0,25.0,True
1907.0,23.1,True
1868.0,22.6,True
1682.0,22.0,True
1608.0,20.2,True
1582.0,19.2,True
1704.0,18.5,True
1819.0,18.3,True
1921.0,17.2,True
2079.0,17.6,True
2213.0,18.5,True
2253.0,19.9,True
2350.0,22.1,True
2486.0,24.3,True
2362.0,27.0,True
2323.0,27.8,True
2248.0,28.1,True
2170.0,28.3,True
2176.0,28.3,True
2254.0,28.0,True
2238.0,27.4,True
2104.0,26.1,True
2156.0,24.5,True
2302.0,23.2,True
2265.0,22.3,True
1893.0,21.5,True
1865.0,20.1,True
1674.0,19.7,True
1594.0,19.2,True
1592.0,18.7,True
1665.0,18.2,True
1807.0,17.7,True
1920.0,18.6,True
2106.0,18.9,True
2230.0,19.6,True
2289.0,20.0,True
2380.0,20.8,True
2518.0,21.4,True
2342.0,23.2,True
2260.0,24.8,True
2168.0,26.0,True
2072.0,27.1,True
2077.0,27.6,True
2205.0,28.4,True
2213.0,25.4,True
2068.0,24.2,True
2136.0,22.0,True
2324.0,20.5,True
2268.0,19.9,True
1862.0,19.2,True
1846.0,19.8,True
1673.0,19.3,True
1606.0,18.6,True
1607.0,17.8,True
1683.0,17.1,True
1811.0,16.7,True
1933.0,18.3,True
2089.0,19.0,True
2215.0,20.2,True
2324.0,21.4,True
2364.0,22.4,True
2509.0,23.4,True
2373.0,24.8,True
2310.0,25.8,True
2190.0,26.6,True
2118.0,27.5,True
2092.0,27.6,True
2160.0,25.5,True
2151.0,23.9,True
2018.0,22.2,True
2094.0,20.6,True
2229.0,19.5,True
2194.0,18.6,True
1868.0,18.1,True
1790.0,17.2,True
1594.0,16.9,True
1508.0,16.8,True
1458.0,16.9,True
1463.0,17.0,True
1509.0,17.1,True
1566.0,17.9,True
1703.0,19.1,True
1806.0,21.1,True
1903.0,23.6,True
1986.0,25.7,True
2146.0,27.3,True
1999.0,28.4,True
1953.0,29.7,True
1853.0,30.7,True
1788.0,31.4,True
1881.0,31.7,True
1950.0,31.5,True
1957.0,30.4,True
1867.0,29.2,True
1961.0,27.3,True
2112.0,25.8,True
2101.0,24.8,True
1766.0,24.2,True
1727.0,23.3,True
1543.0,22.9,True
1403.0,22.7,True
1399.0,22.5,True
1425.0,22.3,True
1504.0,22.1,True
1575.0,21.3,True
1696.0,21.7,True
1781.0,22.9,True
1866.0,24.4,True
1942.0,26.1,True
2157.0,28.0,True
1993.0,30.0,True
1961.0,31.1,True
1892.0,32.0,True
1841.0,32.3,True
1856.0,32.3,True
1888.0,31.9,True
1935.0,31.1,True
1811.0,29.9,True
1915.0,28.6,True
2098.0,27.1,True
2019.0,25.6,True
1728.0,24.8,True
1670.0,23.3,True
1482.0,22.8,True
1367.0,22.4,True
1328.0,22.0,True
1318.0,21.6,True
1355.0,21.2,True
1411.0,21.6,True
1530.0,22.1,True
1677.0,23.3,True
1778.0,24.9,True
1854.0,26.7,True
2040.0,28.3,True
1876.0,31.4,True
1815.0,32.6,True
1687.0,33.4,True
1657.0,33.8,True
1687.0,33.9,True
1830.0,33.7,True
1884.0,29.9,True
1835.0,28.5,True
1967.0,27.1,True
2083.0,25.9,True
2027.0,25.3,True
1722.0,24.6,True
1682.0,23.4,True
1511.0,23.1,True
1433.0,22.6,True
1462.0,22.1,True
1581.0,21.6,True
1750.0,21.1,True
1895.0,21.1,True
2074.0,21.3,True
2207.0,22.1,True
2238.0,23.1,True
2334.0,23.9,True
2473.0,24.0,True
2310.0,26.0,True
2291.0,27.0,True
2214.0,27.5,True
2149.0,28.1,True
2144.0,28.4,True
2225.0,28.4,True
2230.0,24.5,True
2079.0,24.0,True
2150.0,23.5,True
2279.0,22.7,True
2254.0,22.2,True
1889.0,22.0,True
1859.0,19.9,True
1684.0,19.5,True
1619.0,19.3,True
1621.0,19.1,True
1697.0,18.9,True
1839.0,18.5,True
1973.0,19.4,True
2152.0,19.6,True
2255.0,20.3,True
2298.0,21.1,True
2417.0,21.4,True
2522.0,22.2,True
2360.0,23.4,True
2292.0,24.1,True
2176.0,23.2,True
2122.0,23.5,True
2135.0,23.0,True
2171.0,21.1,True
2190.0,19.1,True
2049.0,18.5,True
2092.0,18.0,True
2234.0,17.8,True
2196.0,17.3,True
1862.0,17.2,True
1844.0,17.2,True
1653.0,17.5,True
1587.0,17.8,True
1614.0,17.7,True
1679.0,17.4,True
1814.0,17.4,True
1966.0,17.6,True
2162.0,17.9,True
2288.0,18.3,True
2349.0,18.6,True
2419.0,19.8,True
2564.0,20.0,True
2353.0,20.8,True
2285.0,20.3,True
2172.0,19.5,True
2133.0,19.2,True
2102.0,19.2,True
2219.0,19.4,True
2226.0,17.4,True
2043.0,17.1,True
2098.0,16.8,True
2246.0,16.3,True
2227.0,15.9,True
1903.0,15.7,True
1848.0,15.3,True
1675.0,15.0,True
1587.0,14.5,True
1586.0,14.0,True
1682.0,13.7,True
1831.0,13.5,True
1967.0,13.5,True
2112.0,14.7,True
2220.0,16.5,True
2282.0,18.1,True
2335.0,18.8,True
2471.0,19.6,True
2327.0,20.0,True
2222.0,20.0,True
2134.0,20.0,True
2084.0,19.9,True
2086.0,19.6,True
2172.0,18.9,True
2180.0,17.3,True
2040.0,16.3,True
2120.0,15.5,True
2239.0,14.8,True
2225.0,14.2,True
1894.0,13.8,True
1858.0,13.9,True
1682.0,13.6,True
1606.0,13.3,True
1581.0,13.1,True
1664.0,12.9,True
1820.0,12.8,True
1924.0,14.8,True
2079.0,15.2,True
2183.0,16.2,True
2241.0,17.8,True
2325.0,18.8,True
2469.0,19.7,True
2276.0,20.3,True
2225.0,20.8,True
2139.0,21.1,True
2055.0,21.2,True
2061.0,20.6,True
2099.0,20.1,True
2107.0,19.7,True
1993.0,18.3,True
2082.0,16.9,True
2180.0,15.9,True
2181.0,15.0,True
1826.0,14.4,True
1772.0,14.4,True
1573.0,14.0,True
1475.0,13.4,True
1412.0,12.8,True
1422.0,12.3,True
1494.0,11.8,True
1548.0,11.9,True
1668.0,13.1,True
1805.0,15.6,True
1864.0,17.7,True
1924.0,18.9,True
2119.0,19.9,True
1973.0,20.9,True
1898.0,21.6,True
1815.0,22.1,True
1743.0,22.3,True
1755.0,22.3,True
1820.0,22.0,True
1816.0,21.3,True
1728.0,20.1,True
1828.0,18.9,True
1960.0,17.8,True
1964.0,16.9,True
1662.0,16.1,True
1638.0,15.4,True
1446.0,15.1,True
1337.0,14.9,True
1310.0,14.6,True
1297.0,14.3,True
1316.0,14.2,True
1348.0,14.1,True
1472.0,14.9,True
1669.0,16.6,True
1741.0,18.7,True
1819.0,20.7,True
2003.0,22.3,True
1848.0,23.9,True
1763.0,24.7,True
1662.0,25.3,True
1635.0,25.7,True
1648.0,25.8,True
1734.0,25.4,True
1805.0,24.0,True
1767.0,22.6,True
1900.0,21.1,True
1987.0,20.2,True
1984.0,19.4,True
1699.0,18.7,True
1664.0,19.6,True
1473.0,19.0,True
1436.0,18.4,True
1461.0,17.7,True
1591.0,17.2,True
1773.0,16.7,True
1933.0,15.7,True
2127.0,16.7,True
2225.0,18.3,True
2292.0,20.5,True
2382.0,22.7,True
2514.0,24.5,True
2402.0,27.6,True
2354.0,28.8,True
2275.0,29.6,True
2224.0,28.9,True
2175.0,28.2,True
2256.0,27.1,True
2219.0,25.4,True
2091.0,23.7,True
2179.0,21.8,True
2278.0,20.5,True
2234.0,19.6,True
1894.0,18.8,True
1901.0,18.0,True
1723.0,17.3,True
1620.0,16.7,True
1613.0,16.8,True
1726.0,17.4,True
1921.0,17.5,True
2079.0,17.5,True
2248.0,17.7,True
2362.0,18.2,True
2374.0,18.2,True
2443.0,19.9,True
2544.0,22.4,True
2391.0,23.7,True
2327.0,24.3,True
2221.0,24.5,True
2198.0,23.9,True
2179.0,23.6,True
2223.0,22.8,True
2217.0,21.6,True
2094.0,20.4,True
2133.0,19.7,True
2244.0,19.1,True
2200.0,18.6,True
1867.0,17.9,True
1868.0,17.1,True
1696.0,17.3,True
1607.0,16.9,True
1622.0,16.6,True
1738.0,16.2,True
1913.0,16.0,True
2011.0,15.6,True
2220.0,16.4,True
2311.0,18.0,True
2306.0,19.4,True
2445.0,20.8,True
2571.0,21.0,True
2438.0,21.4,True
2309.0,20.4,True
2244.0,20.5,True
2183.0,19.5,True
2168.0,18.9,True
2294.0,18.8,True
2261.0,19.1,True
2109.0,17.8,True
2158.0,16.1,True
2250.0,15.0,True
2194.0,14.1,True
1854.0,13.6,True
1836.0,13.5,True
1706.0,13.4,True
1613.0,13.0,True
1611.0,12.7,True
1719.0,12.7,True
1919.0,12.8,True
2061.0,13.0,True
2172.0,14.0,True
2288.0,15.7,True
2327.0,17.4,True
2409.0,19.1,True
2512.0,20.3,True
2375.0,21.3,True
2355.0,22.1,True
2240.0,21.6,True
2138.0,21.1,True
2152.0,20.2,True
2213.0,19.8,True
2235.0,18.6,True
2071.0,17.8,True
2125.0,17.0,True
2250.0,16.3,True
2213.0,16.1,True
1881.0,16.1,True
1908.0,15.8,True
1691.0,16.1,True
1650.0,15.9,True
1643.0,15.5,True
1710.0,15.1,True
1909.0,15.0,True
2059.0,14.9,True
2242.0,15.2,True
2331.0,16.1,True
2370.0,17.1,True
2398.0,17.7,True
2492.0,19.2,True
2371.0,19.2,True
2299.0,19.9,True
2168.0,19.0,True
2105.0,19.1,True
2104.0,19.3,True
2149.0,18.8,True
2134.0,18.5,True
2027.0,17.3,True
2117.0,16.4,True
2221.0,15.6,True
2215.0,14.9,True
1858.0,14.5,True
1798.0,14.1,True
1591.0,13.7,True
1510.0,13.5,True
1446.0,13.4,True
1467.0,13.6,True
1531.0,13.9,True
1591.0,14.3,True
1715.0,15.0,True
1845.0,16.5,True
1906.0,17.4,True
1973.0,18.0,True
2162.0,18.9,True
1984.0,18.0,True
1914.0,18.7,True
1845.0,19.2,True
1819.0,18.9,True
1832.0,18.0,True
1917.0,16.9,True
1935.0,18.5,True
1802.0,18.3,True
1876.0,18.0,True
2036.0,17.5,True
2036.0,16.9,True
1739.0,16.8,True
1712.0,15.8,True
1510.0,15.2,True
1397.0,14.9,True
1340.0,14.3,True
1346.0,13.9,True
1378.0,14.1,True
1402.0,13.1,True
1534.0,13.7,True
1668.0,15.4,True
1770.0,16.7,True
1919.0,17.7,True
2074.0,18.5,True
1905.0,19.0,True
1755.0,19.4,True
1703.0,19.5,True
1630.0,19.3,True
1654.0,18.8,True
1810.0,18.1,True
1820.0,17.5,True
1783.0,16.4,True
1858.0,15.5,True
1993.0,14.5,True
2003.0,13.9,False
1712.0,13.8,False
1697.0,13.6,False
1530.0,13.5,False
1462.0,13.6,False
1492.0,13.6,False
1649.0,13.9,False
1901.0,14.0,False
2071.0,14.1,False
2202.0,14.4,False
2272.0,15.2,False
2318.0,16.4,False
2443.0,17.6,False
2575.0,19.2,False
2381.0,19.2,False
2335.0,19.6,False
2237.0,20.3,False
2166.0,20.3,False
2137.0,20.3,False
2262.0,19.6,False
2228.0,18.5,False
2097.0,17.3,False
2092.0,16.1,False
2208.0,15.2,False
2198.0,14.4,False
1893.0,13.8,False
1870.0,13.1,False
1673.0,13.0,False
1609.0,12.8,False
1607.0,12.7,False
1736.0,13.4,False
2022.0,13.6,False
2229.0,13.8,False
2357.0,14.4,False
2375.0,15.0,False
2400.0,15.9,False
2479.0,17.8,False
2543.0,17.8,False
2439.0,19.2,False
2374.0,19.4,False
2316.0,18.7,False
2166.0,18.7,False
2206.0,18.3,False
2299.0,18.2,False
2288.0,17.2,False
2129.0,16.2,False
2179.0,15.7,False
2235.0,15.4,False
2219.0,15.3,False
1905.0,15.5,False
1907.0,16.2,False
1764.0,16.7,False
1699.0,17.5,False
1656.0,17.9,False
1805.0,18.1,False
2041.0,18.0,False
2213.0,18.1,False
2386.0,18.4,False
2469.0,18.4,False
2554.0,17.7,False
2563.0,17.3,False
2623.0,19.3,False
2491.0,19.6,False
2386.0,20.0,False
2322.0,20.4,False
2218.0,19.8,False
2239.0,19.2,False
2359.0,18.4,False
2283.0,17.3,False
2133.0,16.0,False
2164.0,15.3,False
2243.0,14.8,False
2238.0,14.7,False
1912.0,14.5,False
1863.0,14.5,False
1720.0,14.5,False
1669.0,14.5,False
1677.0,14.6,False
1779.0,14.5,False
2006.0,13.8,False
2227.0,13.4,False
2355.0,13.7,False
2381.0,14.9,False
2431.0,16.0,False
2497.0,17.1,False
2578.0,18.1,False
2411.0,18.9,False
2341.0,19.2,False
2272.0,19.1,False
2183.0,19.0,False
2186.0,18.7,False
2303.0,17.9,False
2273.0,16.4,False
2141.0,15.1,False
2142.0,14.0,False
2273.0,13.3,False
2235.0,12.7,False
1898.0,12.2,False
1897.0,12.0,False
1708.0,11.7,False
1661.0,11.7,False
1662.0,12.2,False
1767.0,12.6,False
2036.0,12.9,False
2224.0,12.9,False
2333.0,13.1,False
2386.0,13.7,False
2412.0,14.9,False
2457.0,16.5,False
2559.0,17.8,False
2425.0,19.3,False
2379.0,19.8,False
2254.0,19.9,False
2144.0,20.0,False
2149.0,19.9,False
2163.0,19.7,False
2165.0,18.8,False
2058.0,17.7,False
2099.0,16.9,False
2192.0,15.9,False
2164.0,14.9,False
1828.0,14.0,False
1794.0,13.3,False
1594.0,13.0,False
1483.0,12.9,False
1442.0,12.8,False
1457.0,12.5,False
1544.0,12.2,False
1609.0,11.6,False
1720.0,12.3,False
1886.0,14.3,False
1933.0,16.5,False
2065.0,17.9,False
2256.0,19.6,False
2060.0,20.8,False
1991.0,22.1,False
1865.0,23.2,False
1823.0,23.9,False
1801.0,24.1,False
1871.0,23.5,False
1915.0,21.6,False
1804.0,20.1,False
1873.0,19.1,False
1994.0,18.3,False
2035.0,17.4,False
1765.0,16.6,False
1727.0,16.9,False
1509.0,16.0,False
1432.0,15.3,False
1341.0,15.2,False
1324.0,15.0,False
1370.0,15.0,False
1418.0,17.5,False
1553.0,17.8,False
1688.0,18.9,False
1816.0,19.4,False
1956.0,19.5,False
2148.0,19.9,False
1917.0,20.3,False
1825.0,21.7,False
1743.0,22.1,False
1704.0,21.8,False
1740.0,21.1,False
1879.0,20.2,False
1911.0,19.0,False
1868.0,17.7,False
1871.0,16.7,False
1989.0,15.6,False
2014.0,14.7,False
1700.0,14.0,False
1700.0,13.5,False
1558.0,13.3,False
1496.0,12.8,False
1530.0,12.3,False
1641.0,12.0,False
1924.0,11.7,False
2158.0,11.3,False
2273.0,12.2,False
2339.0,14.1,False
2352.0,16.4,False
2429.0,17.7,False
2519.0,18.6,False
2412.0,19.6,False
2347.0,19.8,False
2224.0,19.9,False
2180.0,19.9,False
2155.0,19.5,False
2262.0,18.8,False
2252.0,17.6,False
2110.0,16.4,False
2109.0,15.2,False
2210.0,14.2,False
2191.0,13.3,False
1881.0,12.4,False
1862.0,12.1,False
1686.0,11.7,False
1617.0,11.3,False
1621.0,10.9,False
1775.0,10.5,False
2025.0,10.2,False
2189.0,10.8,False
2331.0,11.6,False
2396.0,13.2,False
2371.0,15.5,False
2432.0,17.3,False
2500.0,17.9,False
2391.0,18.6,False
2366.0,18.2,False
2267.0,16.3,False
2146.0,15.1,False
2207.0,14.1,False
2309.0,14.2,False
2290.0,14.4,False
2208.0,14.5,False
2131.0,14.9,False
2263.0,14.6,False
2226.0,13.9,False
1903.0,13.3,False
1958.0,13.3,False
1710.0,12.8,False
1631.0,12.7,False
1631.0,13.1,False
1752.0,13.3,False
1987.0,13.3,False
2160.0,13.3,False
2359.0,13.7,False
2415.0,14.1,False
2435.0,14.5,False
2525.0,15.2,False
2621.0,15.2,False
2421.0,15.0,False
2400.0,15.3,False
2331.0,15.6,False
2216.0,16.1,False
2264.0,16.9,False
2353.0,16.6,False
2302.0,15.6,False
2188.0,15.2,False
2195.0,14.2,False
2258.0,13.5,False
2257.0,13.0,False
1963.0,12.6,False
1918.0,12.2,False
1755.0,12.5,False
1660.0,12.3,False
1682.0,12.0,False
1771.0,11.7,False
2101.0,11.9,False
2239.0,11.9,False
2375.0,12.6,False
2440.0,13.2,False
2497.0,14.0,False
2519.0,15.6,False
2606.0,17.0,False
2476.0,16.3,False
2416.0,17.5,False
2317.0,17.1,False
2240.0,17.5,False
2260.0,17.2,False
2347.0,16.3,False
2294.0,15.2,False
2181.0,14.0,False
2171.0,13.0,False
2279.0,12.4,False
2262.0,12.0,False
1954.0,11.7,False
1933.0,11.4,False
1761.0,11.2,False
1682.0,11.1,False
1685.0,11.1,False
1823.0,11.0,False
2098.0,10.8,False
2260.0,10.5,False
2376.0,11.1,False
2437.0,12.7,False
2433.0,14.6,False
2533.0,16.2,False
2587.0,17.1,False
2446.0,17.6,False
2309.0,18.1,False
2226.0,17.9,False
2128.0,17.3,False
2136.0,17.3,False
2214.0,16.8,False
2214.0,15.9,False
2138.0,15.0,False
2091.0,14.3,False
2226.0,13.6,False
2227.0,13.1,False
1871.0,12.6,False
1847.0,12.9,False
1633.0,12.7,False
1545.0,12.4,False
1502.0,12.4,False
1502.0,12.3,False
1598.0,11.9,False
1660.0,12.1,False
1789.0,12.7,False
1912.0,13.7,False
1973.0,15.2,False
2092.0,16.4,False
2262.0,17.2,False
2036.0,17.4,False
1946.0,18.4,False
1861.0,17.4,False
1789.0,17.2,False
1842.0,17.3,False
1925.0,16.9,False
1929.0,14.8,False
1862.0,14.2,False
1876.0,13.6,False
2007.0,13.4,False
2051.0,13.5,False
1759.0,13.8,False
1717.0,13.4,False
1511.0,13.4,False
1395.0,13.4,False
1329.0,13.7,False
1301.0,14.2,False
1378.0,14.3,False
1452.0,13.9,False
1570.0,14.0,False
1711.0,14.3,False
1821.0,14.8,False
1994.0,15.1,False
2136.0,15.9,False
1981.0,17.8,False
1824.0,18.9,False
1727.0,18.3,False
1715.0,18.7,False
1792.0,18.5,False
1958.0,18.1,False
2002.0,18.5,False
1948.0,18.0,False
1912.0,17.8,False
2047.0,16.9,False
2081.0,15.6,False
1843.0,15.0,False
1756.0,15.1,False
1587.0,14.6,False
1510.0,14.0,False
1516.0,13.6,False
1668.0,13.2,False
1962.0,13.0,False
2225.0,12.5,False
2347.0,13.2,False
2389.0,14.4,False
2450.0,15.8,False
2502.0,17.0,False
2573.0,17.3,False
2460.0,17.8,False
2371.0,17.6,False
2284.0,17.8,False
2224.0,18.0,False
2199.0,17.6,False
2336.0,17.0,False
2312.0,16.2,False
2225.0,15.3,False
2172.0,14.6,False
2284.0,13.9,False
2294.0,13.4,False
1955.0,12.9,False
1937.0,12.5,False
1765.0,12.0,False
1685.0,11.7,False
1677.0,11.6,False
1814.0,11.6,False
2109.0,11.4,False
2325.0,11.2,False
2451.0,11.9,False
2499.0,13.1,False
2407.0,14.7,False
2506.0,16.3,False
2618.0,17.3,False
2446.0,17.4,False
2386.0,18.3,False
2310.0,18.3,False
2190.0,18.5,False
2223.0,18.0,False
2326.0,17.5,False
2338.0,16.4,False
2238.0,15.7,False
2163.0,15.1,False
2290.0,14.6,False
2282.0,14.3,False
1951.0,14.0,False
1920.0,13.3,False
1738.0,13.3,False
1661.0,13.3,False
1690.0,13.1,False
1782.0,12.9,False
2058.0,12.9,False
2247.0,13.5,False
2428.0,13.6,False
2437.0,14.9,False
2435.0,16.9,False
2505.0,18.4,False
2608.0,19.6,False
2465.0,20.2,False
2394.0,20.6,False
2293.0,20.7,False
2186.0,20.5,False
2214.0,20.0,False
2358.0,19.1,False
2351.0,18.1,False
2239.0,16.5,False
2174.0,15.1,False
2296.0,14.0,False
2289.0,13.3,False
1984.0,13.0,False
1944.0,12.6,False
1763.0,12.0,False
1678.0,12.0,False
1681.0,12.2,False
1798.0,12.7,False
2062.0,12.8,False
2279.0,13.5,False
2400.0,13.7,False
2420.0,14.5,False
2458.0,15.6,False
2505.0,16.8,False
2614.0,18.2,False
2432.0,20.6,False
2360.0,21.7,False
2281.0,22.2,False
2234.0,22.4,False
2193.0,22.3,False
2298.0,21.7,False
2303.0,20.3,False
2229.0,18.4,False
2174.0,16.9,False
2276.0,15.8,False
2266.0,15.1,False
1960.0,14.4,False
1946.0,13.9,False
1758.0,13.6,False
1665.0,13.3,False
1680.0,13.1,False
1769.0,13.1,False
2050.0,13.1,False
2266.0,12.5,False
2366.0,13.0,False
2395.0,14.6,False
2404.0,17.2,False
2476.0,19.4,False
2603.0,21.2,False
2429.0,22.4,False
2381.0,23.1,False
2249.0,23.5,False
2173.0,23.8,False
2170.0,23.4,False
2255.0,22.9,False
2254.0,21.6,False
2174.0,20.3,False
2129.0,19.2,False
2231.0,17.9,False
2230.0,17.6,False
1941.0,17.1,False
1852.0,16.0,False
1639.0,15.2,False
1534.0,15.2,False
1465.0,14.8,False
1498.0,14.5,False
1552.0,14.4,False
1637.0,16.7,False
1752.0,16.7,False
1894.0,16.3,False
1944.0,17.2,False
2048.0,17.8,False
2257.0,18.1,False
2046.0,19.4,False
2003.0,18.8,False
1884.0,17.4,False
1842.0,17.5,False
1836.0,17.7,False
1882.0,17.6,False
1922.0,16.0,False
1898.0,14.7,False
1891.0,13.8,False
1984.0,13.2,False
2046.0,12.6,False
1757.0,12.1,False
1719.0,11.7,False
1543.0,11.7,False
1440.0,11.3,False
1375.0,10.8,False
1365.0,10.6,False
1413.0,10.3,False
1487.0,9.0,False
1581.0,9.3,False
1718.0,10.4,False
1833.0,12.8,False
1969.0,15.0,False
2149.0,16.3,False
1898.0,17.2,False
1805.0,17.3,False
1688.0,16.6,False
1678.0,15.8,False
1755.0,14.7,False
1915.0,14.5,False
1979.0,13.7,False
1940.0,13.4,False
1904.0,13.0,False
2014.0,12.7,False
2047.0,12.4,False
1775.0,12.1,False
1789.0,12.0,False
1598.0,11.9,False
1521.0,11.9,False
1550.0,12.0,False
1705.0,11.7,False
2010.0,11.2,False
2259.0,11.1,False
2400.0,11.0,False
2461.0,11.5,False
2436.0,12.7,False
2494.0,14.2,False
2649.0,15.2,False
2463.0,15.7,False
2379.0,15.9,False
2289.0,15.3,False
2215.0,15.2,False
2218.0,14.7,False
2345.0,14.1,False
2356.0,13.2,False
2253.0,12.5,False
2179.0,12.2,False
2255.0,11.9,False
2285.0,11.9,False
1963.0,11.7,False
1959.0,10.6,False
1795.0,10.2,False
1721.0,9.5,False
1685.0,9.2,False
1844.0,8.8,False
2158.0,8.5,False
2447.0,7.9,False
2493.0,8.1,False
2520.0,10.2,False
2418.0,12.4,False
2531.0,14.0,False
2612.0,14.6,False
2449.0,13.8,False
2385.0,14.8,False
2299.0,15.2,False
2231.0,14.9,False
2232.0,14.3,False
2299.0,13.6,False
2325.0,13.0,False
2266.0,12.1,False
2220.0,11.8,False
2312.0,11.6,False
2306.0,11.6,False
2014.0,11.6,False
1990.0,9.9,False
1819.0,9.6,False
1732.0,9.5,False
1755.0,9.7,False
1879.0,10.1,False
2158.0,9.5,False
2391.0,9.7,False
2494.0,9.5,False
2550.0,10.7,False
2531.0,13.5,False
2589.0,15.0,False
2649.0,15.6,False
2532.0,16.5,False
2425.0,16.7,False
2357.0,16.4,False
2251.0,16.2,False
2255.0,15.7,False
2400.0,14.9,False
2418.0,13.9,False
2333.0,12.5,False
2230.0,11.4,False
2340.0,10.5,False
2346.0,9.7,False
2041.0,10.0,False
2029.0,8.4,False
1839.0,8.1,False
1786.0,7.6,False
1784.0,7.3,False
1902.0,6.8,False
2230.0,6.4,False
2492.0,8.1,False
2581.0,8.4,False
2608.0,10.2,False
2542.0,11.7,False
2576.0,12.4,False
2647.0,13.4,False
2489.0,16.0,False
2428.0,16.2,False
2324.0,16.4,False
2260.0,16.3,False
2253.0,15.6,False
2415.0,14.8,False
2405.0,13.8,False
2333.0,12.4,False
2247.0,11.2,False
2343.0,11.4,False
2342.0,11.5,False
2044.0,11.4,False
2041.0,8.0,False
1850.0,7.7,False
1777.0,7.3,False
1777.0,7.2,False
1926.0,7.2,False
2238.0,7.2,False
2437.0,6.6,False
2571.0,6.6,False
2600.0,8.0,False
2557.0,11.3,False
2584.0,14.0,False
2687.0,15.3,False
2473.0,16.0,False
2402.0,16.2,False
2287.0,16.7,False
2192.0,16.8,False
2205.0,16.3,False
2293.0,15.3,False
2330.0,13.2,False
2259.0,12.4,False
2234.0,11.2,False
2318.0,10.8,False
2322.0,10.5,False
2054.0,10.1,False
1970.0,8.9,False
1754.0,8.5,False
1655.0,8.4,False
1591.0,8.3,False
1619.0,8.7,False
1717.0,8.7,False
1832.0,8.4,False
1932.0,8.6,False
2068.0,9.5,False
2119.0,11.1,False
2179.0,13.0,False
2302.0,14.6,False
2085.0,16.3,False
1982.0,16.7,False
1890.0,16.8,False
1812.0,16.7,False
1860.0,16.6,False
1990.0,16.0,False
2027.0,15.2,False
1962.0,14.6,False
1947.0,14.0,False
2103.0,13.1,False
2138.0,12.1,False
1867.0,11.4,False
1829.0,10.7,False
1621.0,10.6,False
1521.0,10.5,False
1478.0,10.3,False
1470.0,10.2,False
1536.0,10.4,False
1624.0,9.6,False
1713.0,9.8,False
1858.0,10.9,False
1977.0,12.8,False
2074.0,13.5,False
2234.0,14.2,False
1971.0,14.1,False
1847.0,14.3,False
1739.0,14.5,False
1697.0,14.0,False
1739.0,14.0,False
1911.0,14.2,False
2018.0,13.2,False
1972.0,11.6,False
1935.0,10.6,False
2076.0,9.9,False
2098.0,9.3,False
1858.0,9.1,False
1846.0,9.3,False
1651.0,8.9,False
1575.0,8.5,False
1621.0,8.1,False
1801.0,7.7,False
2126.0,7.3,False
2398.0,6.9,False
2491.0,6.9,False
2535.0,8.6,False
2474.0,11.9,False
2519.0,15.0,False
2637.0,16.6,False
2438.0,17.9,False
2383.0,18.4,False
2295.0,18.7,False
2205.0,18.8,False
2165.0,17.8,False
2346.0,16.8,False
2360.0,15.2,False
2269.0,13.9,False
2182.0,12.9,False
2292.0,11.9,False
2297.0,11.1,False
1998.0,10.5,False
1977.0,10.6,False
1803.0,10.2,False
1736.0,9.9,False
1752.0,9.7,False
1902.0,9.4,False
2203.0,9.2,False
2510.0,9.3,False
2572.0,10.0,False
2570.0,12.0,False
2536.0,14.0,False
2558.0,15.8,False
2648.0,17.0,False
2467.0,17.8,False
2370.0,18.4,False
2282.0,18.9,False
2193.0,19.1,False
2187.0,18.9,False
2319.0,17.8,False
2363.0,15.8,False
2273.0,14.3,False
2214.0,13.1,False
2337.0,12.1,False
2322.0,11.3,False
2033.0,10.8,False
1995.0,10.7,False
1820.0,10.3,False
1742.0,9.7,False
1749.0,9.0,False
1899.0,8.6,False
2179.0,8.4,False
2436.0,7.5,False
2533.0,7.6,False
2529.0,8.9,False
2525.0,11.1,False
2575.0,13.4,False
2684.0,15.2,False
2507.0,17.2,False
2437.0,18.2,False
2334.0,18.7,False
2235.0,18.8,False
2231.0,18.7,False
2374.0,18.0,False
2429.0,16.3,False
2305.0,14.7,False
2219.0,13.6,False
2327.0,12.6,False
2325.0,11.9,False
2018.0,11.4,False
1992.0,10.8,False
1807.0,10.3,False
1728.0,9.9,False
1725.0,9.5,False
1856.0,9.1,False
2173.0,8.9,False
2440.0,9.1,False
2528.0,9.2,False
2522.0,10.4,False
2478.0,12.2,False
2509.0,14.8,False
2604.0,16.4,False
2488.0,18.0,False
2418.0,18.5,False
2295.0,19.0,False
2213.0,18.9,False
2207.0,18.6,False
2365.0,17.6,False
2389.0,16.3,False
2246.0,15.3,False
2172.0,14.5,False
2294.0,14.0,False
2323.0,13.5,False
2022.0,13.3,False
1965.0,13.6,False
1819.0,13.6,False
1711.0,13.9,False
1711.0,14.4,False
1830.0,15.2,False
2143.0,15.4,False
2396.0,15.8,False
2488.0,16.0,False
2529.0,16.2,False
2582.0,16.0,False
2635.0,16.0,False
2682.0,16.2,False
2532.0,17.1,False
2441.0,17.4,False
2306.0,18.1,False
2291.0,18.0,False
2261.0,17.8,False
2374.0,17.3,False
2411.0,17.7,False
2275.0,17.2,False
2202.0,17.4,False
2299.0,17.6,False
2319.0,17.6,False
2028.0,17.5,False
2014.0,17.6,False
1761.0,17.6,False
1635.0,17.6,False
1594.0,17.6,False
1608.0,17.0,False
1649.0,14.0,False
1788.0,13.8,False
1870.0,12.2,False
1961.0,12.4,False
2066.0,13.2,False
2249.0,13.8,False
2373.0,14.8,False
2146.0,15.1,False
2043.0,15.4,False
1921.0,15.3,False
1869.0,15.1,False
1896.0,14.5,False
2002.0,13.7,False
2062.0,12.6,False
1988.0,11.9,False
1928.0,11.5,False
2098.0,11.1,False
2167.0,10.8,False
1919.0,10.5,False
1862.0,9.9,False
1674.0,9.7,False
1562.0,9.8,False
1508.0,9.8,False
1486.0,9.9,False
1558.0,9.9,False
1664.0,9.7,False
1773.0,9.7,False
1886.0,10.8,False
1968.0,12.7,False
2107.0,14.2,False
2317.0,15.1,False
2062.0,15.9,False
1957.0,16.1,False
1789.0,16.5,False
1693.0,15.8,False
1757.0,15.2,False
1936.0,14.5,False
2092.0,13.3,False
2006.0,11.9,False
1962.0,11.5,False
2102.0,11.8,False
2158.0,11.0,False
1917.0,10.3,False
1913.0,8.8,False
1715.0,8.4,False
1641.0,8.2,False
1673.0,8.9,False
1847.0,9.4,False
2160.0,9.8,False
2514.0,7.9,False
2596.0,8.4,False
2618.0,9.2,False
2622.0,10.5,False
2613.0,12.0,False
2682.0,14.1,False
2528.0,15.4,False
2443.0,16.1,False
2359.0,16.6,False
2232.0,16.8,False
2143.0,16.8,False
2373.0,16.4,False
2473.0,14.4,False
2324.0,12.9,False
2230.0,11.8,False
2357.0,10.8,False
2346.0,10.0,False
2091.0,9.6,False
2042.0,9.6,False
1867.0,9.5,False
1803.0,9.3,False
1817.0,8.8,False
1949.0,8.3,False
2272.0,8.0,False
2602.0,7.9,False
2649.0,7.7,False
2614.0,9.1,False
2559.0,11.4,False
2595.0,14.0,False
2695.0,15.7,False
2489.0,17.0,False
2471.0,18.0,False
2327.0,18.6,False
2227.0,18.9,False
2141.0,18.7,False
2361.0,17.5,False
2480.0,15.3,False
2304.0,13.7,False
2233.0,12.3,False
2308.0,11.3,False
2318.0,10.7,False
2099.0,10.2,False
2020.0,9.7,False
1838.0,9.0,False
1757.0,8.6,False
1790.0,8.3,False
1909.0,8.1,False
2198.0,8.8,False
2495.0,9.8,False
2597.0,10.1,False
2603.0,11.4,False
2563.0,12.8,False
2605.0,14.5,False
2698.0,16.0,False
2526.0,17.3,False
2417.0,18.2,False
2310.0,18.2,False
2228.0,17.8,False
2243.0,16.9,False
2382.0,15.7,False
2488.0,14.3,False
2339.0,13.3,False
2218.0,12.5,False
2346.0,11.9,False
2340.0,11.5,False
2054.0,11.3,False
2034.0,11.0,False
1858.0,11.7,False
1760.0,12.1,False
1760.0,12.4,False
1908.0,12.5,False
2200.0,12.2,False
2472.0,11.9,False
2556.0,11.8,False
2583.0,12.1,False
2585.0,13.4,False
2617.0,15.1,False
2685.0,16.2,False
2485.0,17.2,False
2427.0,17.8,False
2328.0,17.7,False
2239.0,17.1,False
2237.0,16.3,False
2395.0,15.3,False
2469.0,14.7,False
2307.0,13.4,False
2259.0,12.5,False
2345.0,11.7,False
2365.0,11.3,False
2051.0,11.1,False
2035.0,10.5,False
1854.0,10.3,False
1790.0,10.0,False
1803.0,9.8,False
1935.0,9.6,False
2242.0,9.5,False
2553.0,8.0,False
2584.0,8.1,False
2617.0,9.4,False
2561.0,12.0,False
2564.0,14.2,False
2654.0,15.9,False
2487.0,17.5,False
2421.0,18.1,False
2313.0,18.5,False
2194.0,18.5,False
2183.0,18.0,False
2294.0,16.9,False
2391.0,15.1,False
2244.0,14.1,False
2197.0,13.4,False
2318.0,12.8,False
2297.0,12.3,False
1991.0,11.8,False
1953.0,11.6,False
1739.0,11.4,False
1632.0,11.2,False
1583.0,10.8,False
1627.0,10.5,False
1730.0,10.3,False
1834.0,9.9,False
1933.0,9.7,False
2036.0,10.7,False
2095.0,12.6,False
2201.0,14.6,False
2371.0,16.2,False
2158.0,17.4,False
2079.0,18.1,False
1947.0,18.5,False
1859.0,18.4,False
1866.0,17.7,False
1947.0,16.7,False
2121.0,15.9,False
1985.0,15.0,False
1972.0,14.6,False
2125.0,14.4,False
2163.0,13.8,False
1918.0,13.1,False
1872.0,13.2,False
1674.0,12.7,False
1554.0,12.2,False
1521.0,11.9,False
1520.0,11.4,False
1590.0,10.9,False
1716.0,10.8,False
1774.0,10.6,False
1888.0,11.5,False
1995.0,13.5,False
2071.0,15.7,False
2269.0,17.5,False
2011.0,18.3,False
1850.0,19.2,False
1743.0,19.9,False
1670.0,19.9,False
1701.0,19.5,False
1847.0,18.6,False
2071.0,16.7,False
1985.0,15.5,False
1958.0,14.5,False
2075.0,14.0,False
2118.0,13.8,False
1838.0,13.6,False
1827.0,13.1,False
1650.0,12.7,False
1542.0,12.3,False
1600.0,11.8,False
1802.0,11.6,False
2120.0,11.4,False
2441.0,10.8,False
2552.0,10.8,False
2568.0,11.6,False
2524.0,13.1,False
2537.0,14.8,False
2619.0,15.9,False
2465.0,17.5,False
2399.0,18.6,False
2276.0,19.2,False
2223.0,19.2,False
2139.0,18.7,False
2416.0,17.8,False
2517.0,16.6,False
2296.0,15.7,False
2215.0,15.1,False
2320.0,14.6,False
2322.0,13.8,False
2087.0,13.2,False
2013.0,12.8,False
1796.0,12.6,False
1731.0,12.3,False
1749.0,12.0,False
1853.0,11.7,False
2169.0,11.5,False
2462.0,11.3,False
2551.0,11.1,False
2528.0,11.8,False
2467.0,13.4,False
2577.0,15.2,False
2662.0,16.8,False
2455.0,17.4,False
2379.0,17.8,False
2258.0,18.2,False
2171.0,18.1,False
2157.0,17.4,False
2376.0,16.3,False
2498.0,14.9,False
2302.0,14.0,False
2215.0,13.3,False
2343.0,12.9,False
2317.0,12.4,False
2053.0,12.1,False
2016.0,11.7,False
1832.0,11.3,False
1732.0,11.1,False
1737.0,10.9,False
1854.0,10.8,False
2180.0,10.6,False
2461.0,10.2,False
2571.0,10.1,False
2604.0,11.1,False
2526.0,12.8,False
2580.0,14.4,False
2696.0,15.6,False
2537.0,16.5,False
2423.0,16.9,False
2305.0,17.0,False
2239.0,17.0,False
2260.0,16.5,False
2439.0,15.6,False
2557.0,14.9,False
2359.0,13.9,False
2252.0,13.3,False
2373.0,12.8,False
2411.0,12.3,False
2121.0,11.8,False
2074.0,12.0,False
1888.0,11.8,False
1803.0,11.3,False
1809.0,10.9,False
1925.0,10.6,False
2287.0,10.3,False
2526.0,10.0,False
2638.0,9.8,False
2611.0,10.6,False
2544.0,12.1,False
2554.0,14.0,False
2672.0,15.4,False
2499.0,16.5,False
2405.0,17.0,False
2285.0,17.0,False
2164.0,17.0,False
2168.0,16.8,False
2381.0,15.9,False
2497.0,14.6,False
2355.0,13.4,False
2253.0,12.6,False
2387.0,12.1,False
2380.0,11.8,False
2091.0,11.3,False
2081.0,11.1,False
1908.0,10.7,False
1838.0,10.3,False
1846.0,10.0,False
1917.0,9.8,False
2326.0,9.5,False
2631.0,9.3,False
2714.0,9.0,False
2646.0,9.8,False
2563.0,11.5,False
2556.0,13.5,False
2671.0,14.9,False
2518.0,16.0,False
2425.0,16.7,False
2250.0,17.0,False
2143.0,17.0,False
2139.0,16.5,False
2307.0,15.6,False
2448.0,14.0,False
2258.0,12.7,False
2222.0,11.8,False
2372.0,11.2,False
2386.0,10.7,True
2107.0,10.4,True
2058.0,10.0,True
1850.0,9.6,True
1745.0,9.1,True
1696.0,8.6,True
1750.0,8.2,True
1832.0,7.8,True
1995.0,7.3,True
2124.0,7.0,True
2260.0,7.7,True
2323.0,9.0,True
2319.0,11.3,True
2445.0,13.3,True
2272.0,14.0,True
2111.0,14.7,True
2020.0,15.2,True
1927.0,15.3,True
1987.0,15.0,True
2146.0,14.2,True
2274.0,12.9,True
2042.0,12.2,True
2010.0,12.1,True
2200.0,11.9,True
2259.0,11.8,True
1975.0,11.9,True
1932.0,11.1,True
1739.0,11.3,True
1602.0,11.4,True
1526.0,11.5,True
1515.0,11.9,True
1572.0,12.4,True
1675.0,13.3,True
1791.0,14.5,True
1898.0,14.6,True
2082.0,14.8,True
2282.0,15.0,True
2467.0,15.6,True
2205.0,15.3,True
2052.0,15.6,True
1948.0,15.1,True
1910.0,15.0,True
1933.0,14.8,True
2086.0,14.1,True
2282.0,13.1,True
2068.0,12.9,True
2049.0,13.0,True
2190.0,13.1,True
2213.0,12.9,True
1985.0,13.1,True
1931.0,13.0,True
1767.0,13.0,True
1662.0,13.2,True
1681.0,12.6,True
1831.0,13.0,True
2128.0,13.1,True
2384.0,12.8,True
2569.0,12.9,True
2608.0,13.2,True
2631.0,13.9,True
2735.0,14.6,True
2830.0,15.1,True
2661.0,15.7,True
2588.0,15.7,True
2475.0,16.0,True
2371.0,15.4,True
2381.0,15.1,True
2572.0,14.2,True
2685.0,13.4,True
2423.0,13.0,True
2347.0,12.6,True
2456.0,12.5,True
2477.0,12.6,True
2178.0,12.7,True
2161.0,12.3,True
1999.0,12.8,True
1899.0,12.8,True
1890.0,12.6,True
2025.0,12.5,True
2286.0,12.4,True
2550.0,12.4,True
2700.0,12.3,True
2706.0,12.5,True
2678.0,13.3,True
2741.0,14.5,True
2840.0,15.5,True
2625.0,16.1,True
2564.0,16.8,True
2434.0,16.5,True
2397.0,16.0,True
2396.0,15.6,True
2601.0,14.6,True
2734.0,13.8,True
2464.0,13.5,True
2368.0,13.2,True
2435.0,13.1,True
2483.0,13.0,True
2210.0,12.8,True
2182.0,12.6,True
1989.0,12.7,True
1913.0,13.7,True
1897.0,15.0,True
2006.0,14.8,True
2248.0,15.0,True
2525.0,15.0,True
2720.0,15.2,True
2738.0,14.8,True
2738.0,15.0,True
2747.0,16.0,True
2816.0,16.8,True
2650.0,14.8,True
2607.0,15.5,True
2540.0,15.6,True
2484.0,15.5,True
2523.0,14.6,True
2703.0,13.2,True
2766.0,12.9,True
2507.0,13.0,True
2400.0,15.0,True
2496.0,16.0,True
2507.0,15.9,True
2210.0,15.2,True
2180.0,13.0,True
2064.0,12.3,True
1961.0,12.2,True
1945.0,11.8,True
2103.0,11.0,True
2358.0,10.2,True
2655.0,9.8,True
2806.0,9.7,True
2876.0,10.4,True
2849.0,10.1,True
2874.0,11.0,True
2954.0,12.1,True
2862.0,12.7,True
2643.0,12.4,True
2543.0,12.1,True
2505.0,11.5,True
2510.0,10.8,True
2736.0,10.0,True
2859.0,9.4,True
2655.0,8.8,True
2580.0,8.3,True
2692.0,7.9,True
2702.0,7.7,True
2428.0,7.8,True
2396.0,7.4,True
2232.0,7.2,True
2171.0,7.0,True
2215.0,6.8,True
2312.0,6.7,True
2627.0,6.5,True
2846.0,6.3,True
3136.0,6.6,True
3081.0,7.3,True
3000.0,9.0,True
2985.0,10.3,True
2976.0,10.8,True
2861.0,10.4,True
2748.0,10.5,True
2624.0,11.5,True
2539.0,11.8,True
2554.0,11.6,True
2718.0,10.9,True
2867.0,10.1,True
2641.0,9.5,True
2574.0,9.1,True
2722.0,8.8,True
2727.0,8.9,True
2388.0,9.0,True
2364.0,9.5,True
2178.0,9.9,True
2053.0,9.9,True
1990.0,9.7,True
2012.0,9.1,True
2152.0,8.1,True
2279.0,8.2,True
2419.0,8.3,True
2489.0,8.5,True
2510.0,9.1,True
2493.0,10.7,True
2657.0,12.0,True
2403.0,12.8,True
2332.0,13.1,True
2236.0,12.9,True
2145.0,12.2,True
2260.0,11.2,True
2410.0,10.0,True
2460.0,9.9,True
2444.0,9.1,True
2380.0,8.4,True
2550.0,7.7,True
2579.0,7.0,True
2334.0,6.5,True
2334.0,6.1,True
2334.0,6.5,True
1979.0,6.8,True
1945.0,6.6,True
1914.0,6.7,True
2017.0,6.7,True
2112.0,6.3,True
2206.0,6.3,True
2337.0,7.0,True
2423.0,8.4,True
2427.0,10.2,True
2536.0,11.9,True
2634.0,12.3,True
2346.0,12.7,True
2215.0,13.0,True
2102.0,12.8,True
2125.0,12.4,True
2281.0,12.0,True
2610.0,10.0,True
2576.0,9.4,True
2384.0,9.4,True
2343.0,9.7,True
2501.0,9.9,True
2560.0,10.4,True
2259.0,11.7,True
2213.0,11.3,True
2044.0,11.4,True
1960.0,11.8,True
1985.0,11.9,True
2153.0,12.1,True
2447.0,12.3,True
2688.0,12.6,True
2868.0,12.6,True
2920.0,12.8,True
2900.0,13.1,True
2954.0,13.6,True
3021.0,14.1,True
2798.0,14.2,True
2728.0,14.2,True
2637.0,14.2,True
2582.0,14.3,True
2662.0,13.7,True
3003.0,13.0,True
2931.0,12.4,True
2634.0,11.6,True
2524.0,10.6,True
2637.0,9.9,True
2675.0,9.5,True
2373.0,10.2,True
2335.0,10.2,True
2145.0,10.2,True
2051.0,10.7,True
2093.0,11.4,True
2248.0,10.8,True
2510.0,11.2,True
2723.0,10.6,True
2881.0,11.4,True
2873.0,12.3,True
2824.0,13.2,True
2868.0,14.2,True
2930.0,14.9,True
2780.0,14.9,True
2731.0,14.6,True
2625.0,14.1,True
2569.0,13.8,True
2682.0,13.3,True
2993.0,13.1,True
2888.0,12.5,True
2596.0,12.2,True
2513.0,12.2,True
2634.0,11.9,True
2655.0,11.6,True
2337.0,11.4,True
2328.0,11.3,True
2128.0,11.2,True
2005.0,11.1,True
2009.0,11.1,True
2183.0,10.8,True
2436.0,10.2,True
2691.0,10.2,True
2914.0,10.4,True
2967.0,10.7,True
2970.0,11.0,True
3074.0,11.4,True
3172.0,11.7,True
2986.0,11.9,True
2906.0,11.9,True
2792.0,12.0,True
2740.0,11.9,True
2790.0,11.7,True
3038.0,11.5,True
2956.0,11.3,True
2678.0,10.2,True
2656.0,9.6,True
2763.0,9.3,True
2810.0,9.4,True
2515.0,8.1,True
2505.0,8.0,True
2339.0,7.7,True
2272.0,7.2,True
2315.0,6.7,True
2462.0,6.4,True
2793.0,4.6,True
2964.0,4.2,True
3123.0,4.3,True
3086.0,6.0,True
3015.0,10.2,True
3032.0,11.5,True
3083.0,12.9,True
2861.0,13.7,True
2759.0,13.8,True
2728.0,13.3,True
2716.0,12.7,True
2771.0,12.5,True
3034.0,13.1,True
2921.0,13.2,True
2664.0,13.0,True
2587.0,13.6,True
2702.0,13.8,True
2696.0,14.1,True
2398.0,13.8,True
2354.0,13.9,True
2147.0,13.6,True
2032.0,13.8,True
2025.0,13.7,True
2158.0,13.6,True
2412.0,14.1,True
2629.0,13.9,True
2808.0,14.0,True
2859.0,14.0,True
2847.0,14.2,True
2855.0,15.8,True
2947.0,16.4,True
2717.0,16.4,True
2624.0,16.7,True
2521.0,16.5,True
2445.0,16.1,True
2477.0,15.2,True
2690.0,14.8,True
2592.0,14.7,True
2360.0,14.6,True
2327.0,14.3,True
2503.0,14.3,True
2527.0,14.6,True
2206.0,14.5,True
2157.0,14.2,True
1945.0,13.9,True
1809.0,13.9,True
1729.0,13.8,True
1787.0,13.1,True
1864.0,12.8,True
1989.0,12.2,True
2107.0,12.2,True
2197.0,12.6,True
2244.0,13.3,True
2329.0,14.0,True
2531.0,14.5,True
2243.0,14.6,True
2137.0,14.3,True
1991.0,13.9,True
1970.0,13.1,True
2068.0,12.1,True
2350.0,11.0,True
2282.0,10.3,True
2159.0,9.6,True
2153.0,9.4,True
2342.0,9.2,True
2403.0,9.1,True
2129.0,9.0,True
2088.0,9.3,True
1903.0,9.7,True
1785.0,10.2,True
1737.0,10.2,True
1754.0,10.0,True
1846.0,10.0,True
2048.0,9.6,True
2064.0,9.5,True
2158.0,10.2,True
2237.0,11.3,True
2366.0,12.4,True
2515.0,12.6,True
2196.0,12.5,True
2114.0,12.5,True
2024.0,12.4,True
1982.0,11.7,True
2139.0,10.5,True
2474.0,10.2,True
2397.0,9.5,True
2233.0,9.5,True
2182.0,9.2,True
2347.0,9.0,True
2426.0,9.1,False
2130.0,10.8,False
2150.0,11.3,False
1935.0,11.8,False
1847.0,12.2,False
1882.0,12.3,False
2066.0,12.5,False
2427.0,12.1,False
2679.0,12.0,False
2773.0,12.0,False
2776.0,12.9,False
2732.0,14.4,False
2740.0,14.6,False
2836.0,15.6,False
2682.0,15.4,False
2630.0,15.7,False
2554.0,15.6,False
2479.0,14.9,False
2583.0,13.9,False
2845.0,13.4,False
2765.0,13.3,False
2477.0,13.0,False
2404.0,12.8,False
2525.0,12.8,False
2568.0,13.2,False
2266.0,12.9,False
2205.0,13.1,False
2012.0,13.1,False
1944.0,13.1,False
1948.0,13.1,False
2102.0,13.2,False
2475.0,12.7,False
2646.0,12.4,False
2756.0,12.2,False
2786.0,12.3,False
2751.0,12.7,False
2817.0,13.1,False
2884.0,15.1,False
2736.0,15.8,False
2619.0,15.2,False
2540.0,14.8,False
2526.0,14.7,False
2650.0,14.3,False
2858.0,14.0,False
2738.0,13.8,False
2455.0,13.8,False
2394.0,14.0,False
2508.0,14.0,False
2498.0,14.1,False
2193.0,14.4,False
2217.0,14.5,False
2005.0,14.5,False
1897.0,14.4,False
1887.0,14.1,False
2056.0,14.1,False
2345.0,13.4,False
2583.0,13.2,False
2718.0,13.1,False
2706.0,13.5,False
2709.0,14.3,False
2767.0,15.8,False
2825.0,16.3,False
2657.0,16.7,False
2579.0,16.9,False
2479.0,16.6,False
2445.0,16.4,False
2539.0,16.3,False
2835.0,16.0,False
2728.0,15.8,False
2421.0,15.9,False
2308.0,16.0,False
2451.0,15.7,False
2470.0,15.4,False
2165.0,15.3,False
2150.0,15.0,False
1974.0,14.7,False
1884.0,14.3,False
1844.0,14.5,False
2040.0,14.3,False
2390.0,14.4,False
2667.0,14.6,False
2696.0,14.4,False
2630.0,14.4,False
2622.0,14.7,False
2678.0,15.3,False
2767.0,15.7,False
2563.0,15.8,False
2479.0,16.2,False
2375.0,16.1,False
2402.0,15.6,False
2465.0,14.2,False
2733.0,13.2,False
2642.0,12.3,False
2389.0,11.6,False
2345.0,11.0,False
2472.0,10.6,False
2486.0,10.6,False
2203.0,12.2,False
2175.0,12.4,False
2012.0,12.6,False
1914.0,12.6,False
1930.0,12.2,False
2078.0,12.1,False
2400.0,11.9,False
2648.0,12.1,False
2740.0,12.2,False
2754.0,12.7,False
2739.0,13.0,False
2794.0,13.0,False
2919.0,13.4,False
2757.0,13.4,False
2706.0,13.6,False
2586.0,14.1,False
2510.0,13.9,False
2610.0,13.2,False
2783.0,12.5,False
2700.0,12.0,False
2479.0,11.7,False
2438.0,11.7,False
2563.0,11.1,False
2588.0,10.3,False
2288.0,11.0,False
2267.0,11.0,False
2072.0,11.0,False
1980.0,10.8,False
1959.0,10.2,False
2005.0,10.2,False
2143.0,9.8,False
2311.0,9.9,False
2407.0,9.7,False
2467.0,10.6,False
2457.0,11.7,False
2467.0,12.8,False
2610.0,12.5,False
2318.0,13.5,False
2215.0,14.1,False
2083.0,14.2,False
2071.0,13.4,False
2259.0,11.7,False
2472.0,10.4,False
2431.0,9.3,False
2285.0,8.5,False
2278.0,7.9,False
2436.0,7.4,False
2502.0,6.9,False
2263.0,6.9,False
2279.0,6.3,False
2062.0,5.9,False
1947.0,5.6,False
1910.0,5.6,False
1934.0,5.6,False
2014.0,6.7,False
2119.0,6.8,False
2199.0,6.9,False
2318.0,7.5,False
2391.0,9.3,False
2462.0,11.8,False
2554.0,12.1,False
2319.0,12.9,False
2180.0,12.8,False
2068.0,13.2,False
2123.0,13.1,False
2271.0,12.6,False
2529.0,12.9,False
2492.0,12.8,False
2327.0,12.7,False
2304.0,12.8,False
2399.0,12.8,False
2446.0,12.8,False
2202.0,12.1,False
2182.0,11.8,False
1970.0,11.5,False
1862.0,11.4,False
1923.0,11.6,False
2047.0,11.4,False
2320.0,10.6,False
2551.0,11.0,False
2652.0,11.1,False
2750.0,11.6,False
2684.0,12.1,False
2737.0,11.7,False
2846.0,12.6,False
2561.0,13.1,False
2487.0,13.0,False
2390.0,12.7,False
2356.0,12.2,False
2561.0,11.3,False
2782.0,11.0,False
2684.0,10.6,False
2442.0,10.6,False
2422.0,10.6,False
2567.0,10.7,False
2568.0,10.7,False
2267.0,10.8,False
2259.0,11.1,False
2011.0,11.5,False
1950.0,12.0,False
1864.0,12.3,False
1901.0,12.4,False
2009.0,12.6,False
2091.0,12.8,False
2164.0,13.0,False
2250.0,13.6,False
2334.0,14.0,False
2406.0,14.6,False
2493.0,14.8,False
2292.0,14.7,False
2179.0,14.8,False
2093.0,14.6,False
2111.0,14.1,False
2301.0,14.1,False
2513.0,14.1,False
2469.0,14.0,False
2255.0,14.0,False
2191.0,14.0,False
2342.0,14.0,False
2363.0,14.1,False
2139.0,14.2,False
2091.0,13.9,False
1906.0,14.1,False
1806.0,14.1,False
1850.0,13.8,False
2066.0,13.6,False
2370.0,13.7,False
2670.0,13.8,False
2754.0,13.7,False
2707.0,13.7,False
2662.0,13.9,False
2735.0,14.5,False
2839.0,15.1,False
2598.0,15.4,False
2514.0,15.5,False
2429.0,15.3,False
2439.0,14.7,False
2568.0,13.9,False
2815.0,13.2,False
2681.0,13.2,False
2439.0,13.2,False
2381.0,13.3,False
2499.0,13.2,False
2502.0,13.5,False
2259.0,14.1,False
2195.0,14.0,False
2022.0,14.1,False
1920.0,14.2,False
1927.0,14.1,False
2059.0,14.0,False
2405.0,13.6,False
2706.0,13.3,False
2769.0,12.8,False
2765.0,12.5,False
2716.0,12.7,False
2729.0,13.1,False
2815.0,13.7,False
2644.0,14.5,False
2555.0,14.5,False
2551.0,14.8,False
2498.0,14.8,False
2626.0,14.2,False
2794.0,13.7,False
2715.0,13.5,False
2422.0,13.6,False
2350.0,13.7,False
2470.0,13.9,False
2458.0,13.8,False
2165.0,13.8,False
2135.0,13.6,False
1925.0,13.6,False
1858.0,13.6,False
1856.0,14.0,False
1993.0,15.0,False
2282.0,14.6,False
2592.0,15.0,False
2704.0,14.9,False
2705.0,14.8,False
2666.0,14.9,False
2721.0,14.7,False
2780.0,14.4,False
2613.0,14.8,False
2541.0,15.3,False
2439.0,15.0,False
2407.0,14.3,False
2558.0,13.2,False
2670.0,12.5,False
2607.0,11.4,False
2386.0,10.9,False
2365.0,10.7,False
2506.0,10.8,False
2491.0,11.2,False
2191.0,10.9,False
2169.0,10.8,False
1962.0,10.8,False
1854.0,11.1,False
1795.0,11.2,False
1842.0,11.2,False
1944.0,10.8,False
2095.0,10.7,False
2211.0,11.0,False
2339.0,11.3,False
2350.0,11.8,False
2401.0,12.4,False
2540.0,12.8,False
2346.0,13.5,False
2242.0,13.5,False
2135.0,13.4,False
2132.0,13.3,False
2283.0,12.8,False
2439.0,12.2,False
2348.0,12.2,False
2180.0,11.9,False
2160.0,11.7,False
2344.0,11.2,False
2395.0,11.0,False
2116.0,10.2,False
2087.0,9.9,False
1869.0,10.2,False
1764.0,10.6,False
1722.0,11.1,False
1722.0,10.6,False
1813.0,10.0,False
1902.0,10.2,False
1994.0,10.5,False
2157.0,11.1,False
2241.0,11.9,False
2351.0,12.9,False
2482.0,11.7,False
2224.0,12.3,False
2102.0,13.3,False
1943.0,13.8,False
1955.0,12.6,False
2163.0,11.3,False
2457.0,11.5,False
2410.0,10.9,False
2226.0,11.2,False
2191.0,11.5,False
2355.0,11.4,False
2435.0,10.9,False
2203.0,10.2,False
2184.0,9.6,False
1983.0,9.8,False
1932.0,9.6,False
1978.0,9.6,False
2185.0,9.5,False
2549.0,9.5,False
2859.0,9.3,False
3012.0,8.5,False
3061.0,8.7,False
3042.0,9.4,False
3047.0,10.0,False
3114.0,10.5,False
2959.0,10.7,False
2913.0,10.6,False
2826.0,10.1,False
2812.0,9.2,False
2983.0,8.0,False
3243.0,7.5,False
3118.0,6.7,False
2894.0,6.0,False
2828.0,5.5,False
2966.0,5.1,False
3010.0,4.6,False
2765.0,3.6,False
2782.0,3.1,False
2606.0,2.7,False
2566.0,2.4,False
2611.0,2.1,False
2852.0,1.8,False
3219.0,1.3,False
3521.0,1.0,False
3615.0,0.9,False
3580.0,1.9,False
3442.0,3.5,False
3356.0,6.0,False
3409.0,7.8,False
3229.0,8.6,False
3090.0,8.8,False
2958.0,8.7,False
2956.0,8.0,False
3241.0,6.7,False
3462.0,6.5,False
3360.0,6.4,False
3099.0,6.5,False
2995.0,6.7,False
3085.0,6.9,False
3099.0,6.2,False
2781.0,5.7,False
2786.0,5.6,False
2575.0,5.6,False
2489.0,5.6,False
2534.0,5.7,False
2698.0,5.5,False
3099.0,5.7,False
3338.0,6.0,False
3432.0,5.9,False
3387.0,6.4,False
3279.0,7.4,False
3320.0,7.9,False
3463.0,7.4,False
3243.0,7.3,False
3211.0,7.0,False
3154.0,6.8,False
3201.0,6.2,False
3411.0,5.2,False
3671.0,4.5,False
3554.0,4.0,False
3277.0,3.2,False
3217.0,2.5,False
3336.0,2.3,False
3339.0,1.9,False
3107.0,1.5,False
3112.0,1.2,False
2892.0,1.0,False
2876.0,1.3,False
2908.0,1.8,False
3126.0,2.0,False
3547.0,2.3,False
3828.0,2.3,False
3943.0,2.1,False
3912.0,2.5,False
3797.0,3.4,False
3742.0,4.4,False
3780.0,5.4,False
3542.0,5.3,False
3391.0,5.4,False
3351.0,5.8,False
3397.0,5.6,False
3653.0,4.1,False
3944.0,2.5,False
3815.0,1.8,False
3538.0,1.3,False
3482.0,1.1,False
3564.0,0.9,False
3553.0,0.5,False
3291.0,0.6,False
3339.0,0.5,False
3166.0,0.5,False
3109.0,0.5,False
3134.0,0.6,False
3348.0,0.6,False
3772.0,1.1,False
4052.0,1.3,False
4126.0,1.4,False
4021.0,2.4,False
3773.0,4.3,False
3618.0,6.2,False
3632.0,7.8,False
3410.0,7.9,False
3253.0,7.8,False
3156.0,7.4,False
3184.0,6.5,False
3518.0,5.1,False
3728.0,2.8,False
3697.0,1.7,False
3480.0,0.8,False
3452.0,-0.1,False
3600.0,-0.7,False
3625.0,-1.1,False
3395.0,-1.0,False
3392.0,-1.2,False
3180.0,-1.2,False
3068.0,-1.1,False
3021.0,-1.0,False
3076.0,-0.9,False
3193.0,-0.8,False
3364.0,-0.6,False
3447.0,-0.2,False
3552.0,0.8,False
3567.0,2.4,False
3596.0,3.8,False
3732.0,6.3,False
3497.0,7.9,False
3391.0,7.8,False
3265.0,7.5,False
3248.0,7.6,False
3330.0,7.8,False
3392.0,8.2,False
3284.0,6.5,False
3035.0,4.7,False
2985.0,4.3,False
3105.0,3.8,False
3146.0,3.5,False
2906.0,4.8,False
2877.0,3.9,False
2668.0,4.4,False
2520.0,4.6,False
2441.0,5.8,False
2436.0,7.0,False
2514.0,4.9,False
2574.0,5.6,False
2610.0,6.8,False
2741.0,8.0,False
2835.0,9.0,False
3014.0,9.7,False
3109.0,10.7,False
2824.0,10.3,False
2692.0,10.1,False
2586.0,9.6,False
2585.0,8.9,False
2831.0,7.8,False
3041.0,7.1,False
2966.0,6.5,False
2805.0,6.2,False
2745.0,6.0,False
2848.0,6.1,False
2876.0,6.4,False
2665.0,6.0,False
2683.0,6.0,False
2502.0,6.0,False
2455.0,5.9,False
2477.0,5.6,False
2711.0,5.1,False
3101.0,5.5,False
3382.0,5.4,False
3523.0,5.5,False
3492.0,6.3,False
3356.0,7.6,False
3393.0,8.5,False
3578.0,9.2,False
3399.0,9.2,False
3306.0,8.9,False
3224.0,8.6,False
3180.0,8.2,False
3425.0,7.8,False
3598.0,7.4,False
3452.0,7.3,False
3190.0,7.1,False
3088.0,6.9,False
3224.0,6.2,False
3177.0,5.6,False
2886.0,7.1,False
2901.0,6.8,False
2719.0,6.6,False
2665.0,6.4,False
2716.0,6.3,False
2910.0,6.1,False
3276.0,5.3,False
3565.0,4.7,False
3723.0,4.1,False
3682.0,4.5,False
3477.0,6.2,False
3413.0,7.8,False
3417.0,9.0,False
3281.0,9.3,False
3202.0,9.1,False
3142.0,8.3,False
3196.0,7.5,False
3451.0,6.1,False
3671.0,5.0,False
3609.0,4.3,False
3341.0,3.6,False
3254.0,3.1,False
3371.0,2.7,False
3379.0,2.2,False
3136.0,1.9,False
3162.0,1.6,False
3000.0,1.2,False
2962.0,0.7,False
3038.0,0.2,False
3260.0,-0.0,False
3619.0,-0.1,False
4003.0,-0.3,False
4129.0,-0.3,False
4025.0,0.4,False
3778.0,1.8,False
3637.0,3.7,False
3622.0,4.8,False
3330.0,6.4,False
3248.0,7.4,False
3172.0,7.2,False
3189.0,6.5,False
3474.0,5.9,False
3687.0,4.9,False
3567.0,4.8,False
3288.0,5.0,False
3176.0,5.4,False
3290.0,6.0,False
3301.0,6.8,False
2974.0,7.3,False
2966.0,7.5,False
2747.0,7.7,False
2657.0,7.9,False
2655.0,8.0,False
2812.0,7.8,False
3169.0,7.9,False
3431.0,7.8,False
3482.0,7.9,False
3412.0,8.4,False
3365.0,9.2,False
3358.0,10.3,False
3441.0,11.2,False
3285.0,12.1,False
3216.0,12.2,False
3054.0,11.8,False
3089.0,11.4,False
3266.0,11.2,False
3411.0,10.5,False
3252.0,10.1,False
2989.0,10.1,False
2877.0,10.6,False
2969.0,10.9,False
2975.0,11.3,False
2671.0,11.8,False
2703.0,12.0,False
2457.0,12.2,False
2344.0,12.3,False
2335.0,12.2,False
2485.0,11.8,False
2831.0,11.7,False
3110.0,10.9,False
3190.0,10.5,False
3184.0,10.4,False
3152.0,10.3,False
3171.0,10.7,False
3185.0,11.2,False
2970.0,11.9,False
2849.0,12.2,False
2732.0,12.1,False
2753.0,11.4,False
2950.0,10.1,False
3134.0,8.7,False
3067.0,8.1,False
2855.0,7.8,False
2821.0,7.5,False
2950.0,7.4,False
2961.0,7.6,False
2678.0,7.7,False
2620.0,7.9,False
2371.0,8.2,False
2227.0,8.4,False
2187.0,8.6,False
2255.0,8.7,False
2365.0,10.4,False
2522.0,10.8,False
2641.0,10.9,False
2764.0,10.9,False
2787.0,10.9,False
2852.0,11.2,False
2979.0,11.0,False
2771.0,10.3,False
2673.0,9.7,False
2550.0,9.4,False
2552.0,8.6,False
2823.0,7.5,False
2968.0,6.7,False
2901.0,6.0,False
2722.0,5.9,False
2740.0,5.6,False
2896.0,5.0,False
2938.0,4.8,False
2727.0,5.0,False
2718.0,4.9,False
2487.0,4.6,False
2391.0,4.1,False
2385.0,3.6,False
2423.0,3.3,False
2541.0,2.4,False
2679.0,2.2,False
2802.0,2.0,False
2892.0,2.6,False
2865.0,4.4,False
2873.0,6.2,False
2941.0,7.9,False
2624.0,9.1,False
2462.0,9.3,False
2363.0,9.0,False
2380.0,7.7,False
2739.0,6.1,False
2982.0,5.4,False
2982.0,4.9,False
2835.0,4.7,False
2819.0,4.2,False
2932.0,4.5,False
3013.0,5.2,False
2739.0,6.6,False
2729.0,7.4,False
2555.0,8.1,False
2457.0,8.5,False
2468.0,8.7,False
2674.0,9.1,False
3003.0,8.8,False
3339.0,9.7,False
3443.0,9.7,False
3450.0,9.7,False
3464.0,9.6,False
3447.0,9.9,False
3541.0,10.1,False
3389.0,10.2,False
3313.0,10.5,False
3269.0,10.6,False
3239.0,10.7,False
3380.0,10.9,False
3518.0,10.9,False
3379.0,11.2,False
3095.0,11.0,False
3003.0,10.4,False
3052.0,8.8,False
3054.0,8.5,False
2795.0,8.3,False
2778.0,8.0,False
2545.0,7.6,False
2477.0,7.3,False
2515.0,6.8,False
2725.0,6.1,False
3099.0,5.5,False
3443.0,5.1,False
3543.0,4.9,False
3468.0,5.6,False
3311.0,7.2,False
3263.0,8.8,False
3313.0,9.9,False
3104.0,10.5,False
3007.0,10.0,False
2944.0,9.6,False
3035.0,8.9,False
3265.0,7.7,False
3451.0,6.8,False
3394.0,6.1,False
3182.0,5.5,False
3090.0,5.3,False
3221.0,4.7,False
3228.0,4.4,False
3036.0,3.7,False
2961.0,3.2,False
2776.0,3.1,False
2724.0,3.2,False
2750.0,3.4,False
2910.0,3.7,False
3354.0,3.3,False
3632.0,3.2,False
3763.0,3.1,False
3711.0,3.7,False
3584.0,5.3,False
3522.0,7.0,False
3535.0,8.0,False
3261.0,9.1,False
3163.0,10.2,False
3062.0,9.9,False
3125.0,8.9,False
3367.0,7.7,False
3526.0,7.0,False
3400.0,6.8,False
3163.0,6.9,False
3026.0,7.2,False
3159.0,7.6,False
3159.0,7.7,False
2922.0,7.6,False
2895.0,8.2,False
2718.0,8.7,False
2613.0,8.7,False
2681.0,7.8,False
2785.0,7.4,False
3165.0,7.0,False
3449.0,6.7,False
3555.0,6.1,False
3559.0,6.0,False
3433.0,6.7,False
3410.0,7.8,False
3415.0,8.5,False
3225.0,9.0,False
3177.0,8.9,False
3104.0,8.3,False
3182.0,7.4,False
3505.0,6.6,False
3666.0,5.2,False
3533.0,4.5,False
3317.0,4.1,False
3240.0,3.6,False
3347.0,3.0,False
3394.0,2.5,False
3204.0,2.3,False
3225.0,2.0,False
3037.0,1.7,False
2996.0,1.6,False
3005.0,1.6,False
3120.0,1.8,False
3569.0,0.8,False
3861.0,0.9,False
3893.0,1.1,False
3842.0,3.4,False
3801.0,5.0,False
3824.0,6.2,False
3904.0,6.6,False
3717.0,8.0,False
3638.0,8.7,False
3526.0,8.9,False
3451.0,10.5,False
3581.0,11.6,False
3594.0,12.0,False
3451.0,12.1,False
3140.0,11.4,False
3029.0,10.6,False
3097.0,10.9,False
3139.0,10.6,False
2844.0,10.6,False
2809.0,10.5,False
2565.0,10.0,False
2448.0,9.7,False
2392.0,9.6,False
2454.0,9.7,False
2601.0,9.7,False
2738.0,9.5,False
2849.0,9.4,False
2926.0,9.9,False
2902.0,10.4,False
2911.0,11.4,False
3102.0,11.6,False
2846.0,11.7,False
2772.0,11.6,False
2711.0,11.4,False
2700.0,11.0,False
2854.0,10.7,False
2977.0,10.3,False
2858.0,10.3,False
2681.0,10.1,False
2683.0,10.1,False
2780.0,10.1,False
2826.0,10.3,False
2560.0,11.6,False
2500.0,11.3,False
2289.0,11.9,False
2108.0,13.0,False
2054.0,13.8,False
2039.0,13.8,False
2126.0,14.0,False
2211.0,13.8,False
2317.0,13.7,False
2430.0,13.8,False
2574.0,13.8,False
2678.0,13.9,False
2835.0,13.7,False
2562.0,13.7,False
2489.0,13.8,False
2357.0,13.6,False
2384.0,13.4,False
2553.0,13.6,False
2705.0,13.8,False
2654.0,13.6,False
2477.0,13.2,False
2431.0,12.5,False
2519.0,12.1,False
2532.0,12.2,False
2325.0,11.8,False
2315.0,12.1,False
2126.0,12.9,False
2032.0,12.9,False
2058.0,12.9,False
2265.0,13.0,False
2599.0,12.7,False
2892.0,12.6,False
3010.0,12.8,False
3075.0,12.8,False
3057.0,13.1,False
3168.0,13.2,False
3215.0,12.8,False
3083.0,13.1,False
3039.0,13.2,False
2881.0,13.3,False
2927.0,13.0,False
3071.0,12.0,False
3148.0,11.8,False
3037.0,11.6,False
2801.0,11.4,False
2681.0,11.3,False
2806.0,11.5,False
2798.0,11.5,False
2532.0,11.1,False
2544.0,11.5,False
2359.0,11.6,False
2251.0,11.6,False
2277.0,11.6,False
2435.0,11.9,False
2766.0,11.9,False
3028.0,11.8,False
3131.0,11.8,False
3110.0,11.9,False
3074.0,12.4,False
3143.0,12.4,False
3270.0,12.1,False
3036.0,12.1,False
3003.0,12.0,False
2946.0,12.3,False
2952.0,12.6,False
3082.0,12.7,False
3157.0,13.0,False
3046.0,12.4,False
2789.0,11.7,False
2726.0,11.2,False
2822.0,10.8,False
2855.0,10.5,False
2562.0,10.3,False
2541.0,9.7,False
2337.0,9.3,False
2256.0,9.4,False
2312.0,9.6,False
2462.0,9.9,False
2781.0,10.7,False
3051.0,10.7,False
3233.0,10.7,False
3172.0,10.9,False
3085.0,11.3,False
3068.0,11.7,False
3115.0,12.1,False
2911.0,12.4,False
2810.0,12.4,False
2751.0,12.3,False
2745.0,11.4,False
3008.0,10.1,False
3237.0,9.6,False
3149.0,8.7,False
2950.0,7.9,False
2888.0,7.1,False
3031.0,6.4,False
3080.0,6.5,False
2837.0,5.8,False
2808.0,5.5,False
2636.0,5.8,False
2540.0,6.2,False
2536.0,6.9,False
2671.0,7.7,False
3098.0,9.1,False
3351.0,9.0,False
3468.0,8.9,False
3422.0,8.8,False
3333.0,9.2,False
3380.0,9.9,False
3492.0,11.1,False
3295.0,11.7,False
3220.0,11.8,False
3147.0,11.5,False
3127.0,10.9,False
3269.0,10.1,False
3381.0,9.5,False
3252.0,9.6,False
2995.0,9.5,False
2891.0,9.6,False
2972.0,9.7,False
2980.0,9.9,False
2696.0,10.1,False
2670.0,10.3,False
2474.0,10.9,False
2399.0,10.5,False
2415.0,10.0,False
2557.0,9.3,False
2879.0,10.3,False
3170.0,9.7,False
3300.0,9.5,False
3288.0,9.3,False
3275.0,9.4,False
3305.0,9.7,False
3379.0,10.0,False
3173.0,10.3,False
3124.0,10.5,False
3043.0,10.6,False
2964.0,10.0,False
3171.0,9.3,False
3236.0,8.8,False
3121.0,8.5,False
2910.0,8.2,False
2831.0,8.1,False
2948.0,7.8,False
2962.0,7.4,False
2695.0,8.5,False
2664.0,8.5,False
2444.0,8.5,False
2342.0,8.5,False
2310.0,8.4,False
2374.0,8.5,False
2536.0,5.0,False
2693.0,5.1,False
2855.0,5.4,False
2947.0,5.8,False
2886.0,6.3,False
2862.0,8.5,False
2951.0,9.9,False
2682.0,10.4,False
2567.0,10.5,False
2415.0,10.5,False
2456.0,10.3,False
2690.0,9.9,False
2845.0,8.4,False
2833.0,8.1,False
2708.0,8.1,False
2704.0,8.0,False
2884.0,7.9,False
2955.0,7.9,False
2720.0,5.8,False
2700.0,6.2,False
2479.0,6.8,False
2365.0,6.8,False
2311.0,6.7,False
2347.0,6.9,False
2447.0,6.5,False
2568.0,6.5,False
2695.0,6.4,False
2793.0,6.5,False
2830.0,6.8,False
2898.0,7.4,False
2988.0,8.2,False
2683.0,8.8,False
2541.0,8.9,False
2440.0,8.9,False
2442.0,8.6,False
2680.0,8.3,False
2864.0,7.7,False
2856.0,7.2,False
2684.0,6.7,False
2643.0,6.7,False
2765.0,6.8,False
2814.0,6.9,False
2561.0,7.2,False
2555.0,7.2,False
2358.0,7.3,False
2286.0,7.6,False
2324.0,7.9,False
2508.0,7.9,False
2878.0,7.9,False
3185.0,9.4,False
3289.0,10.0,False
3309.0,10.2,False
3257.0,10.7,False
3309.0,11.4,False
3369.0,11.9,False
3212.0,12.3,False
3146.0,12.2,False
3058.0,11.4,False
2997.0,10.8,False
3206.0,10.5,False
3348.0,10.5,False
3164.0,10.7,False
2952.0,10.6,False
2851.0,10.4,False
2985.0,10.7,False
2969.0,10.5,False
2690.0,10.2,False
2665.0,10.2,False
2488.0,9.9,False
2376.0,9.4,False
2403.0,9.3,False
2504.0,9.2,False
2931.0,8.4,False
3211.0,8.5,False
3335.0,8.5,False
3301.0,8.5,False
3293.0,9.1,False
3328.0,9.8,False
3412.0,9.5,False
3209.0,9.5,False
3111.0,9.9,False
3018.0,9.9,False
3033.0,9.0,False
3234.0,7.8,False
3415.0,6.7,False
3283.0,5.9,False
3069.0,5.2,False
3020.0,4.6,False
3141.0,4.1,False
3176.0,3.7,False
2944.0,3.6,False
2987.0,3.2,False
2833.0,2.8,False
2756.0,2.5,False
2840.0,2.2,False
3041.0,1.9,False
3428.0,1.7,False
3740.0,1.6,False
3885.0,1.5,False
3846.0,1.8,False
3753.0,5.2,False
3719.0,6.9,False
3776.0,8.2,False
3611.0,9.0,False
3480.0,9.4,False
3406.0,9.3,False
3375.0,9.1,False
3533.0,9.0,False
3633.0,9.3,False
3497.0,9.6,False
3220.0,10.0,False
3112.0,10.4,False
3185.0,10.6,False
3190.0,10.7,False
2925.0,10.7,False
2906.0,10.7,False
2677.0,10.8,False
2586.0,10.9,False
2511.0,11.0,False
2700.0,11.1,False
3036.0,10.9,False
3258.0,10.9,False
3365.0,10.8,False
3383.0,10.9,False
3363.0,11.3,False
3458.0,11.8,False
3620.0,12.0,False
3360.0,11.9,False
3248.0,11.5,False
3232.0,11.2,False
3207.0,11.1,False
3367.0,11.2,False
3401.0,12.0,False
3237.0,11.4,False
2945.0,10.6,False
2869.0,10.4,False
2932.0,10.0,False
2982.0,9.7,False
2748.0,10.1,False
2739.0,9.8,False
2542.0,9.2,False
2481.0,8.9,False
2525.0,8.7,False
2704.0,8.0,False
3057.0,6.5,False
3334.0,6.2,False
3511.0,5.8,False
3485.0,5.9,False
3406.0,7.0,False
3299.0,8.1,False
3293.0,9.2,False
3045.0,10.1,False
2919.0,10.4,False
2819.0,10.3,False
2834.0,9.3,False
3119.0,7.8,False
3270.0,6.7,False
3222.0,6.0,False
3058.0,5.4,False
3038.0,4.8,False
3182.0,4.5,False
3210.0,4.2,True
2978.0,3.7,True
2976.0,3.4,True
2784.0,3.2,True
2676.0,4.0,True
2658.0,4.2,True
2725.0,3.9,True
2907.0,3.2,True
3065.0,3.1,True
3222.0,3.0,True
3313.0,3.0,True
3252.0,3.9,True
3287.0,5.4,True
3441.0,8.8,True
3165.0,9.3,True
3068.0,9.4,True
2964.0,9.0,True
2953.0,8.5,True
3093.0,8.0,True
3153.0,7.7,True
3091.0,7.2,True
2919.0,7.1,True
2833.0,6.6,True
2963.0,6.1,True
3014.0,6.1,True
2792.0,5.7,True
2753.0,5.4,True
2544.0,5.5,True
2420.0,5.7,True
2371.0,5.7,True
2374.0,5.6,True
2475.0,6.2,True
2599.0,6.3,True
2719.0,6.3,True
2866.0,6.3,True
2969.0,6.5,True
3088.0,7.0,True
3187.0,6.9,True
2922.0,7.1,True
2796.0,7.2,True
2715.0,7.5,True
2662.0,7.6,True
2856.0,7.5,True
3008.0,7.4,True
2950.0,7.5,True
2805.0,7.5,True
2760.0,7.5,True
2827.0,7.4,True
2856.0,7.1,True
2653.0,7.3,True
2708.0,7.3,True
2543.0,7.0,True
2534.0,6.8,True
2576.0,6.6,True
2753.0,6.4,True
3026.0,8.1,True
3255.0,8.2,True
3502.0,8.1,True
3519.0,7.3,True
3487.0,7.3,True
3451.0,7.2,True
3496.0,8.8,True
3289.0,9.1,True
3188.0,9.3,True
3117.0,9.0,True
3082.0,8.3,True
3320.0,7.4,True
3454.0,5.8,True
3405.0,5.4,True
3175.0,5.4,True
3118.0,5.1,True
3240.0,4.7,True
3218.0,4.4,True
2992.0,5.6,True
2989.0,5.4,True
2813.0,5.2,True
2753.0,5.0,True
2810.0,4.7,True
2966.0,4.6,True
3232.0,4.9,True
3543.0,5.0,True
3752.0,5.1,True
3777.0,5.6,True
3689.0,6.6,True
3639.0,7.4,True
3698.0,5.2,True
3461.0,6.1,True
3369.0,6.9,True
3281.0,7.8,True
3293.0,7.7,True
3449.0,6.6,True
3534.0,7.0,True
3460.0,7.2,True
3257.0,7.9,True
3192.0,7.9,True
3320.0,7.5,True
3339.0,6.9,True
3090.0,6.2,True
3122.0,5.3,True
2975.0,4.5,True
2894.0,4.3,True
2879.0,4.1,True
2991.0,3.9,True
3247.0,3.2,True
3458.0,3.1,True
3644.0,3.0,True
3718.0,2.6,True
3781.0,2.7,True
3783.0,3.1,True
3781.0,3.7,True
3481.0,4.0,True
3396.0,4.1,True
3264.0,3.8,True
3326.0,2.9,True
3573.0,2.0,True
3606.0,1.8,True
3498.0,1.9,True
3348.0,1.7,True
3351.0,1.2,True
3497.0,0.6,True
3598.0,0.1,True
3462.0,0.5,True
3467.0,-0.1,True
3305.0,-0.6,True
3151.0,-0.9,True
3122.0,-1.3,True
3172.0,-2.2,True
3286.0,-2.5,True
3373.0,-2.4,True
3444.0,-2.4,True
3567.0,-2.3,True
3655.0,-1.7,True
3758.0,-1.0,True
3857.0,-1.0,True
3486.0,-0.4,True
3331.0,0.1,True
3225.0,0.3,True
3284.0,0.3,True
3510.0,-0.6,True
3730.0,-0.6,True
3721.0,-0.9,True
3637.0,-0.8,True
3634.0,-0.7,True
3786.0,-0.7,True
3828.0,-0.3,True
3601.0,-0.5,True
3583.0,-0.6,True
3433.0,-0.9,True
3351.0,-1.2,True
3382.0,-1.5,True
3550.0,-1.6,True
3791.0,-1.6,True
3943.0,-1.6,True
4103.0,-1.6,True
4159.0,-1.2,True
4181.0,-0.3,True
4151.0,1.0,True
4196.0,2.6,True
3857.0,2.9,True
3711.0,3.0,True
3593.0,2.7,True
3644.0,1.9,True
3959.0,0.8,True
4147.0,0.2,True
4076.0,-0.2,True
3917.0,-0.3,True
3855.0,-0.3,True
3989.0,-0.4,True
4006.0,-0.4,True
3855.0,-0.3,True
3809.0,-0.4,True
3613.0,-0.4,True
3491.0,-0.6,True
3492.0,-0.4,True
3544.0,-0.0,True
3694.0,0.1,True
3804.0,0.3,True
3929.0,0.3,True
3997.0,0.5,True
3956.0,1.3,True
3905.0,2.5,True
3975.0,3.3,True
3674.0,3.7,True
3464.0,3.8,True
3358.0,3.4,True
3348.0,2.5,True
3678.0,1.4,True
3878.0,0.7,True
3893.0,0.5,True
3729.0,0.4,True
3689.0,0.3,True
3863.0,-0.1,True
3907.0,-0.3,True
3698.0,-0.5,True
3703.0,-0.6,True
3518.0,-0.9,True
3427.0,-1.0,True
3381.0,-1.1,True
3410.0,-1.2,True
3537.0,-0.9,True
3657.0,-0.9,True
3805.0,-1.0,True
3899.0,-0.6,True
3867.0,1.0,True
3791.0,2.3,True
3834.0,3.5,True
3494.0,4.1,True
3312.0,4.3,True
3174.0,4.0,True
3237.0,3.0,True
3538.0,1.9,True
3812.0,1.3,True
3786.0,1.1,True
3669.0,1.1,True
3614.0,0.8,True
3733.0,0.5,True
3762.0,0.1,True
3550.0,-0.0,True
3556.0,-0.3,True
3383.0,-0.4,True
3297.0,-0.7,True
3297.0,-0.9,True
3440.0,-1.1,True
3690.0,-0.7,True
3888.0,-0.9,True
4072.0,-0.9,True
4198.0,-0.8,True
4238.0,-0.5,True
4296.0,-0.2,True
4324.0,-0.2,True
3973.0,-0.1,True
3808.0,0.2,True
3667.0,0.3,True
3693.0,-0.0,True
3980.0,-0.6,True
4242.0,-2.0,True
4214.0,-2.4,True
4002.0,-1.8,True
3953.0,-1.6,True
4061.0,-1.5,True
4110.0,-1.5,True
3894.0,-1.5,True
3915.0,-1.9,True
3752.0,-2.4,True
3616.0,-1.1,True
3608.0,0.3,True
3730.0,1.1,True
3892.0,1.3,True
4077.0,0.8,True
4249.0,1.2,True
4304.0,2.0,True
4253.0,2.8,True
4191.0,3.5,True
4272.0,3.9,True
3908.0,4.2,True
3713.0,4.1,True
3597.0,3.8,True
3595.0,3.0,True
3902.0,2.0,True
4112.0,1.4,True
4126.0,1.2,True
3918.0,1.1,True
3860.0,0.9,True
4003.0,0.9,True
4047.0,0.8,True
3804.0,0.7,True
3896.0,0.5,True
3686.0,0.3,True
3593.0,0.1,True
3626.0,-0.2,True
3755.0,-0.4,True
4038.0,-0.5,True
4202.0,-0.6,True
4405.0,-0.7,True
4416.0,-0.6,True
4291.0,0.6,True
4123.0,2.1,True
4135.0,3.0,True
3798.0,3.5,True
3606.0,3.8,True
3475.0,3.6,True
3501.0,2.7,True
3791.0,1.2,True
3942.0,0.4,True
3866.0,-0.2,True
3778.0,-0.6,True
3729.0,-0.9,True
3962.0,-1.2,True
4114.0,-1.5,True
3969.0,-2.3,True
3997.0,-2.5,True
3856.0,-2.6,True
3748.0,-2.7,True
3717.0,-2.8,True
3758.0,-2.9,True
3873.0,-3.0,True
3926.0,-2.9,True
3949.0,-3.0,True
3995.0,-2.6,True
4079.0,-1.6,True
4235.0,-0.1,True
4265.0,2.5,True
4052.0,3.3,True
3755.0,4.6,True
3468.0,4.8,True
3434.0,3.9,True
3695.0,2.9,True
3850.0,0.7,True
3800.0,-0.2,True
3637.0,-0.7,True
3605.0,-1.2,True
3725.0,-1.6,True
3819.0,-1.1,True
3563.0,-0.6,True
3603.0,-0.6,True
3405.0,-0.8,True
3298.0,-1.3,True
3279.0,-1.8,True
3437.0,-2.2,True
3648.0,-2.3,True
3822.0,-2.6,True
3934.0,-2.8,True
4017.0,-2.7,True
4119.0,-1.8,True
4095.0,0.4,True
4275.0,4.0,True
3918.0,5.7,True
3665.0,6.2,True
3526.0,5.8,True
3430.0,5.1,True
3678.0,3.2,True
3873.0,1.6,True
3831.0,0.5,True
3635.0,-0.3,True
3580.0,-1.0,True
3740.0,-1.5,True
3840.0,-1.5,True
3688.0,-2.4,True
3669.0,-2.7,True
3486.0,-2.9,True
3396.0,-2.9,True
3364.0,-2.5,True
3419.0,-2.6,True
3578.0,-3.1,True
3642.0,-2.6,True
3787.0,-2.4,True
3931.0,-1.9,True
3989.0,-0.4,True
4130.0,1.5,True
4170.0,3.5,True
3887.0,5.0,True
3765.0,5.3,True
3480.0,4.8,True
3474.0,3.4,True
3647.0,1.2,True
3900.0,-0.2,True
3916.0,-1.1,True
3736.0,-1.7,True
3714.0,-2.2,True
3900.0,-2.6,True
3942.0,-2.9,True
3782.0,-2.4,True
3804.0,-2.5,True
3639.0,-2.9,True
3512.0,-3.0,True
3478.0,-3.1,True
3514.0,-3.4,True
3662.0,-2.7,True
3804.0,-3.0,True
3880.0,-3.3,True
4064.0,-3.2,True
4276.0,-2.0,True
4403.0,-0.4,True
4480.0,2.7,True
4070.0,3.8,True
3813.0,4.4,True
3559.0,4.0,True
3449.0,2.6,True
3656.0,0.7,True
3986.0,-0.5,True
4006.0,-1.4,True
3847.0,-2.0,True
3788.0,-2.5,True
3883.0,-2.9,True
3957.0,-3.2,False
3850.0,-3.7,False
3897.0,-3.9,False
3706.0,-3.9,False
3654.0,-3.9,False
3667.0,-3.8,False
3821.0,-3.8,False
4189.0,-1.6,False
4455.0,-1.1,False
4585.0,-0.8,False
4665.0,-0.3,False
4658.0,0.7,False
4765.0,1.6,False
4820.0,2.5,False
4626.0,3.4,False
4419.0,4.1,False
4315.0,3.8,False
4225.0,2.8,False
4320.0,1.3,False
4555.0,1.3,False
4368.0,0.3,False
4137.0,-0.8,False
4062.0,-1.6,False
4078.0,-2.2,False
4088.0,-2.4,False
3950.0,-3.9,False
4046.0,-4.1,False
3869.0,-4.3,False
3795.0,-4.2,False
3836.0,-4.1,False
4002.0,-3.8,False
4320.0,-3.0,False
4589.0,-3.3,False
4693.0,-3.6,False
4712.0,-3.5,False
4610.0,-2.2,False
4488.0,-0.8,False
4383.0,1.7,False
4127.0,3.3,False
3929.0,4.4,False
3813.0,4.3,False
3819.0,3.3,False
4105.0,1.7,False
4364.0,0.8,False
4328.0,-0.1,False
4094.0,-0.3,False
3944.0,0.4,False
4018.0,1.0,False
4025.0,1.4,False
3791.0,1.7,False
3812.0,2.3,False
3595.0,2.8,False
3477.0,3.5,False
3468.0,3.9,False
3541.0,4.3,False
3890.0,1.8,False
4109.0,2.1,False
4260.0,2.1,False
4261.0,1.8,False
4212.0,2.6,False
4235.0,3.8,False
4301.0,4.9,False
4124.0,5.8,False
4028.0,6.5,False
3913.0,6.1,False
3866.0,4.8,False
3924.0,3.9,False
4119.0,3.6,False
3906.0,3.3,False
3587.0,3.8,False
3450.0,4.7,False
3523.0,5.6,False
3485.0,6.6,False
3213.0,4.7,False
3174.0,5.9,False
2972.0,6.4,False
2848.0,6.5,False
2858.0,5.5,False
2986.0,4.9,False
3339.0,3.8,False
3558.0,3.8,False
3673.0,4.3,False
3672.0,4.7,False
3624.0,6.3,False
3667.0,8.6,False
3846.0,10.1,False
3681.0,10.2,False
3643.0,10.1,False
3589.0,10.0,False
3510.0,10.1,False
3553.0,8.8,False
3723.0,7.3,False
3587.0,6.4,False
3361.0,6.0,False
3303.0,5.9,False
3443.0,5.4,False
3392.0,5.2,False
3156.0,6.0,False
3197.0,5.6,False
3006.0,5.4,False
2913.0,5.1,False
2937.0,4.8,False
3122.0,4.5,False
3495.0,4.4,False
3794.0,4.1,False
3974.0,3.7,False
3955.0,3.7,False
4007.0,4.4,False
4047.0,5.6,False
4204.0,6.6,False
3992.0,7.0,False
3873.0,6.8,False
3678.0,6.4,False
3620.0,5.8,False
3777.0,5.1,False
3939.0,4.3,False
3883.0,3.9,False
3619.0,3.7,False
3537.0,3.4,False
3668.0,3.2,False
3670.0,3.1,False
3433.0,4.0,False
3388.0,3.4,False
3165.0,2.6,False
3044.0,2.5,False
3041.0,3.6,False
3118.0,4.5,False
3209.0,4.0,False
3341.0,4.0,False
3493.0,4.3,False
3598.0,4.2,False
3688.0,4.8,False
3816.0,6.4,False
4026.0,8.0,False
3515.0,8.4,False
3492.0,8.3,False
3145.0,8.1,False
2953.0,7.2,False
3168.0,5.5,False
3450.0,4.1,False
3458.0,3.2,False
3310.0,3.0,False
3300.0,3.4,False
3483.0,3.7,False
3520.0,3.4,False
3293.0,2.5,False
3311.0,2.6,False
3056.0,2.8,False
2899.0,3.6,False
2830.0,4.4,False
2812.0,5.2,False
2899.0,6.6,False
3024.0,7.3,False
3095.0,8.2,False
3248.0,8.5,False
3352.0,8.5,False
3550.0,8.6,False
3699.0,9.3,False
3381.0,9.5,False
3194.0,9.5,False
3083.0,9.4,False
2991.0,9.2,False
3087.0,9.2,False
3264.0,9.0,False
3204.0,9.1,False
2995.0,9.6,False
2914.0,10.4,False
3007.0,11.2,False
3013.0,11.4,False
2869.0,11.2,False
2813.0,11.1,False
2562.0,10.6,False
2453.0,10.1,False
2480.0,9.7,False
2694.0,9.2,False
3001.0,11.1,False
3311.0,11.2,False
3468.0,11.0,False
3549.0,10.5,False
3493.0,10.9,False
3544.0,11.0,False
3705.0,10.9,False
3536.0,10.9,False
3391.0,10.9,False
3252.0,10.8,False
3161.0,10.3,False
3294.0,9.6,False
3479.0,10.8,False
3356.0,10.9,False
3090.0,10.9,False
3008.0,10.6,False
3098.0,10.4,False
3061.0,10.0,False
2817.0,10.5,False
2784.0,10.0,False
2586.0,10.2,False
2459.0,10.2,False
2506.0,9.9,False
2670.0,9.2,False
2956.0,9.4,False
3307.0,9.3,False
3447.0,8.8,False
3465.0,8.5,False
3509.0,8.0,False
3547.0,7.8,False
3693.0,9.0,False
3529.0,10.4,False
3378.0,10.9,False
3224.0,10.2,False
3123.0,10.0,False
3229.0,9.8,False
3411.0,9.2,False
3270.0,8.9,False
3024.0,8.9,False
2951.0,8.9,False
3108.0,9.1,False
3061.0,9.1,False
2809.0,9.3,False
2817.0,9.3,False
2579.0,9.0,False
2491.0,8.8,False
2528.0,8.8,False
2632.0,8.4,False
3001.0,8.6,False
3283.0,8.5,False
3425.0,8.5,False
3447.0,8.6,False
3453.0,8.7,False
3455.0,8.8,False
3698.0,8.9,False
3405.0,9.3,False
3173.0,9.5,False
2996.0,9.4,False
2967.0,9.5,False
3068.0,9.2,False
3322.0,9.3,False
3219.0,8.4,False
2968.0,7.7,False
2900.0,7.4,False
3036.0,6.5,False
3034.0,6.1,False
2818.0,6.6,False
2825.0,6.9,False
2643.0,7.2,False
2552.0,7.2,False
2566.0,7.6,False
2739.0,8.0,False
3063.0,8.3,False
3341.0,8.4,False
3487.0,8.0,False
3556.0,8.6,False
3593.0,9.0,False
3701.0,9.2,False
3754.0,9.3,False
3580.0,9.3,False
3541.0,9.4,False
3431.0,8.5,False
3387.0,7.7,False
3411.0,7.2,False
3572.0,7.5,False
3439.0,7.6,False
3163.0,7.7,False
3120.0,7.2,False
3214.0,7.0,False
3221.0,6.8,False
3048.0,5.7,False
3044.0,5.9,False
2852.0,5.9,False
2741.0,5.8,False
2797.0,5.7,False
2894.0,5.6,False
3331.0,5.6,False
3598.0,5.6,False
3760.0,5.7,False
3769.0,5.9,False
3670.0,7.0,False
3699.0,8.5,False
3793.0,9.7,False
3609.0,10.0,False
3419.0,10.0,False
3204.0,9.5,False
3106.0,9.0,False
3269.0,8.3,False
3464.0,7.7,False
3348.0,7.4,False
3202.0,7.1,False
3107.0,6.9,False
3250.0,6.7,False
3249.0,6.3,False
3005.0,6.7,False
2983.0,6.5,False
2758.0,6.5,False
2652.0,6.2,False
2612.0,6.2,False
2693.0,6.0,False
2803.0,6.0,False
2994.0,5.6,False
3160.0,5.4,False
3307.0,5.5,False
3316.0,5.9,False
3312.0,6.7,False
3491.0,7.0,False
3278.0,7.6,False
3065.0,8.1,False
2907.0,8.7,False
2856.0,8.5,False
2959.0,7.2,False
3205.0,6.8,False
3139.0,6.6,False
2928.0,6.3,False
2917.0,6.2,False
3063.0,6.2,False
3103.0,6.1,False
2901.0,5.2,False
2881.0,5.1,False
2653.0,4.8,False
2507.0,4.5,False
2451.0,4.4,False
2450.0,4.4,False
2542.0,4.3,False
2630.0,4.6,False
2726.0,4.7,False
2876.0,4.9,False
2997.0,5.8,False
3136.0,6.8,False
3335.0,6.9,False
3096.0,7.1,False
2874.0,7.5,False
2716.0,7.6,False
2658.0,7.5,False
2782.0,7.3,False
3042.0,7.9,False
3024.0,7.7,False
2810.0,7.5,False
2711.0,7.5,False
2876.0,7.4,False
2934.0,7.4,False
2711.0,6.7,False
2712.0,6.7,False
2561.0,6.8,False
2422.0,6.8,False
2471.0,6.7,False
2672.0,6.7,False
3068.0,7.1,False
3390.0,6.6,False
3510.0,6.2,False
3508.0,5.9,False
3500.0,5.8,False
3589.0,6.3,False
3629.0,8.2,False
3457.0,8.7,False
3362.0,9.1,False
3222.0,9.2,False
3155.0,8.7,False
3243.0,7.9,False
3540.0,7.3,False
3418.0,7.0,False
3166.0,6.8,False
3070.0,6.8,False
3188.0,6.5,False
3201.0,6.0,False
3026.0,6.1,False
3009.0,5.7,False
2804.0,5.4,False
2738.0,5.4,False
2755.0,5.5,False
2966.0,5.4,False
3329.0,5.8,False
3641.0,6.0,False
3780.0,6.0,False
3782.0,6.0,False
3793.0,6.5,False
3882.0,7.3,False
4030.0,9.0,False
3844.0,9.1,False
3742.0,8.7,False
3558.0,8.4,False
3504.0,7.1,False
3592.0,5.9,False
3807.0,6.3,False
3645.0,6.1,False
3397.0,6.0,False
3264.0,5.6,False
3346.0,4.9,False
3386.0,5.1,False
3084.0,6.3,False
3068.0,6.1,False
2882.0,6.5,False
2763.0,7.9,False
2760.0,9.7,False
2947.0,9.9,False
3293.0,9.5,False
3513.0,9.5,False
3640.0,9.4,False
3666.0,9.6,False
3699.0,9.7,False
3780.0,10.1,False
3830.0,10.0,False
3653.0,10.0,False
3567.0,10.0,False
3453.0,9.9,False
3376.0,10.1,False
3407.0,9.7,False
3631.0,9.2,False
3515.0,8.7,False
3228.0,8.4,False
3111.0,8.4,False
3168.0,8.4,False
3205.0,8.2,False
2976.0,8.4,False
2979.0,8.1,False
2779.0,8.0,False
2661.0,7.9,False
2673.0,7.9,False
2820.0,8.1,False
3115.0,7.6,False
3459.0,7.5,False
3584.0,7.3,False
3577.0,7.7,False
3602.0,8.5,False
3679.0,9.0,False
3738.0,9.6,False
3531.0,9.9,False
3464.0,9.9,False
3268.0,9.5,False
3163.0,8.6,False
3280.0,7.5,False
3590.0,6.7,False
3501.0,5.8,False
3246.0,5.4,False
3154.0,5.4,False
3243.0,5.5,False
3248.0,5.7,False
3060.0,6.7,False
3080.0,6.8,False
2870.0,6.4,False
2763.0,6.6,False
2803.0,7.8,False
2987.0,7.0,False
3299.0,6.9,False
3603.0,6.4,False
3786.0,6.2,False
3828.0,6.5,False
3850.0,7.4,False
3947.0,8.4,False
4039.0,7.6,False
3835.0,7.1,False
3799.0,7.1,False
3662.0,7.4,False
3525.0,7.5,False
3725.0,7.4,False
3902.0,6.8,False
3764.0,6.9,False
3507.0,7.0,False
3481.0,7.1,False
3549.0,6.9,False
3553.0,6.7,False
3308.0,6.8,False
3288.0,6.5,False
3042.0,6.4,False
2880.0,6.2,False
2840.0,6.1,False
2922.0,6.0,False
3104.0,6.0,False
3163.0,5.9,False
3292.0,5.9,False
3447.0,6.2,False
3553.0,7.0,False
3635.0,8.0,False
3730.0,8.3,False
3346.0,8.7,False
3278.0,8.9,False
3091.0,8.4,False
2878.0,8.0,False
3083.0,7.2,False
3354.0,7.2,False
3247.0,6.5,False
3112.0,6.0,False
3084.0,5.5,False
3198.0,5.4,False
3272.0,5.6,False
3053.0,5.3,False
3048.0,5.7,False
2802.0,6.2,False
2683.0,6.6,False
2612.0,7.4,False
2628.0,7.1,False
2749.0,6.4,False
2823.0,6.2,False
2976.0,5.8,False
3112.0,5.5,False
3285.0,6.0,False
3349.0,7.0,False
3726.0,8.2,False
3352.0,8.8,False
3031.0,8.6,False
2775.0,8.6,False
2606.0,8.3,False
2776.0,7.0,False
3206.0,5.7,False
3243.0,5.0,False
3098.0,4.3,False
3091.0,3.6,False
3240.0,3.4,False
3306.0,3.1,False
3179.0,2.0,False
3178.0,1.9,False
3003.0,1.6,False
2934.0,1.3,False
2971.0,1.1,False
3193.0,0.9,False
3611.0,3.4,False
3913.0,3.0,False
4045.0,2.8,False
4033.0,3.4,False
4009.0,4.4,False
4014.0,5.5,False
4101.0,6.1,False
3856.0,7.8,False
3712.0,8.5,False
3581.0,8.6,False
3563.0,8.5,False
3641.0,8.2,False
3855.0,8.5,False
3682.0,8.7,False
3393.0,8.7,False
3285.0,8.3,False
3386.0,8.5,False
3366.0,8.9,False
3084.0,9.0,False
3042.0,9.6,False
2837.0,10.2,False
2735.0,10.3,False
2723.0,10.2,False
2895.0,9.7,False
3226.0,9.8,False
3506.0,9.3,False
3658.0,9.1,False
3644.0,9.0,False
3648.0,8.9,False
3681.0,9.5,False
3813.0,10.0,False
3612.0,9.9,False
3491.0,9.8,False
3348.0,9.3,False
3283.0,8.6,False
3338.0,7.8,False
3649.0,6.9,False
3584.0,6.3,False
3352.0,5.7,False
3270.0,4.9,False
3375.0,4.4,False
3427.0,4.1,False
3184.0,3.5,False
3228.0,3.5,False
3082.0,3.2,False
2987.0,3.0,False
3016.0,2.9,False
3172.0,2.8,False
3574.0,2.8,False
3884.0,2.4,False
4027.0,2.2,False
4071.0,2.5,False
4058.0,3.7,False
4172.0,6.0,False
4189.0,4.4,False
3850.0,4.8,False
3548.0,5.1,False
3312.0,5.3,False
3200.0,5.1,False
3273.0,5.1,False
3602.0,5.1,False
3530.0,5.5,False
3307.0,5.7,False
3236.0,5.5,False
3348.0,5.5,False
3373.0,5.9,False
3177.0,5.6,False
3219.0,5.6,False
3038.0,5.7,False
2965.0,5.8,False
2933.0,5.6,False
3071.0,5.3,False
3485.0,5.4,False
3754.0,5.1,False
3848.0,4.9,False
3922.0,4.9,False
3899.0,5.2,False
3911.0,5.9,False
3927.0,7.2,False
3716.0,7.8,False
3673.0,8.1,False
3578.0,8.3,False
3498.0,8.1,False
3522.0,7.9,False
3744.0,7.7,False
3556.0,7.6,False
3306.0,7.6,False
3205.0,8.0,False
3294.0,7.8,False
3327.0,7.7,False
3059.0,7.3,False
3074.0,7.0,False
2834.0,6.8,False
2769.0,6.8,False
2804.0,6.6,False
2973.0,6.4,False
3307.0,6.2,False
3634.0,6.6,False
3712.0,7.2,False
3754.0,8.0,False
3778.0,8.4,False
3877.0,9.5,False
3895.0,10.7,False
3640.0,10.2,False
3532.0,9.8,False
3364.0,9.4,False
3285.0,8.9,False
3337.0,8.2,False
3587.0,7.5,False
3519.0,7.0,False
3272.0,6.5,False
3244.0,6.4,False
3381.0,6.1,False
3399.0,5.9,False
3155.0,5.4,False
3126.0,5.0,False
2907.0,4.7,False
2759.0,4.6,False
2703.0,4.7,False
2751.0,4.9,False
2914.0,3.9,False
3059.0,3.8,False
3150.0,3.4,False
3303.0,4.0,False
3288.0,6.1,False
3368.0,7.7,False
3506.0,8.4,False
3280.0,10.1,False
3074.0,10.3,False
2872.0,9.9,False
2725.0,9.7,False
2729.0,8.8,False
3038.0,7.6,False
3034.0,6.8,False
2824.0,6.3,False
2779.0,6.2,False
2972.0,6.8,False
2700.0,7.1,False
2475.0,6.6,False
2454.0,6.7,False
2241.0,6.3,False
2112.0,6.3,False
2120.0,6.5,False
2127.0,6.8,False
2236.0,6.9,False
2316.0,7.2,False
2436.0,7.4,False
2481.0,7.7,False
2554.0,8.2,False
2580.0,9.1,False
2652.0,9.5,False
2365.0,9.8,False
2270.0,9.9,False
2170.0,9.9,False
2230.0,9.5,False
2358.0,8.5,False
2714.0,7.5,False
2716.0,6.9,False
2522.0,6.0,False
2616.0,5.2,False
2749.0,4.9,False
2852.0,4.8,False
2621.0,4.6,False
2705.0,4.4,False
2579.0,5.0,False
2515.0,5.6,False
2559.0,5.7,False
2880.0,5.7,False
3200.0,3.5,False
3449.0,3.9,False
3530.0,4.2,False
3581.0,4.6,False
3493.0,5.3,False
3550.0,5.5,False
3570.0,6.0,False
3495.0,6.2,False
3411.0,6.4,False
3250.0,6.4,False
3172.0,6.8,False
3223.0,6.8,False
3438.0,7.0,False
3197.0,7.1,False
2910.0,7.1,False
2839.0,7.0,False
2935.0,7.0,False
2907.0,7.0,False
2595.0,7.8,False
2682.0,7.8,False
2472.0,7.6,False
2416.0,7.5,False
2445.0,8.1,False
2628.0,8.0,False
2946.0,7.6,False
3242.0,8.2,False
3278.0,8.4,False
3168.0,8.1,False
2997.0,7.4,False
2914.0,7.3,False
2901.0,10.1,False
2788.0,10.7,False
2703.0,10.6,False
2562.0,10.3,False
2625.0,9.8,False
2706.0,8.8,False
3089.0,7.6,False
3010.0,6.9,False
2761.0,6.6,False
2750.0,6.3,False
2806.0,6.6,False
2838.0,6.9,False
2666.0,6.6,False
2663.0,6.3,False
2457.0,6.2,False
2411.0,6.3,False
2492.0,6.2,False
2735.0,5.9,False
3072.0,5.2,False
3263.0,4.9,False
3389.0,4.8,False
3347.0,4.9,False
3307.0,5.6,False
3315.0,6.4,False
3318.0,7.1,False
3248.0,7.9,False
3183.0,7.9,False
3044.0,7.9,False
3087.0,7.6,False
3222.0,7.0,False
3540.0,6.6,False
3239.0,6.6,False
2958.0,6.4,False
2820.0,6.3,False
2853.0,6.4,False
2846.0,6.5,False
2636.0,6.9,False
2693.0,7.4,False
2417.0,7.8,False
2369.0,7.9,False
2359.0,8.1,False
2588.0,8.4,False
2854.0,8.2,False
3125.0,8.4,False
3221.0,8.3,False
3243.0,8.6,False
3294.0,9.2,False
3444.0,9.9,False
3382.0,10.2,False
3174.0,10.2,False
3005.0,10.5,False
2979.0,10.6,False
2907.0,10.8,False
3008.0,10.3,False
3204.0,9.9,False
3041.0,9.8,False
2802.0,9.7,False
2770.0,9.8,False
2826.0,9.9,False
2823.0,9.3,False
2588.0,9.0,False
2562.0,8.7,False
2359.0,8.6,False
2311.0,8.3,False
2389.0,8.2,False
2557.0,8.2,False
2844.0,8.2,False
3086.0,8.1,False
3172.0,8.1,False
3088.0,8.8,False
3038.0,9.9,False
2933.0,10.6,False
2884.0,11.1,False
2709.0,10.9,False
2632.0,10.6,False
2625.0,10.2,False
2506.0,9.7,False
2690.0,9.5,False
2936.0,8.9,False
2925.0,8.7,False
2684.0,8.7,False
2731.0,8.7,False
2878.0,8.5,False
2889.0,8.5,False
2566.0,8.3,False
2562.0,8.8,False
2323.0,8.8,False
2283.0,8.7,False
2219.0,8.9,False
2338.0,8.9,False
2432.0,9.2,False
2492.0,8.8,False
2592.0,8.7,False
2698.0,9.0,False
2624.0,9.7,False
2555.0,10.7,False
2545.0,11.5,False
2297.0,11.8,False
2223.0,11.7,False
2167.0,11.6,False
2194.0,10.9,False
2269.0,9.9,False
2550.0,8.6,False
2498.0,7.7,False
2317.0,7.3,False
2334.0,7.0,False
2494.0,6.9,False
2621.0,6.8,False
2380.0,7.3,False
2372.0,7.4,False
2160.0,7.2,False
2050.0,7.0,False
2045.0,6.8,False
2056.0,6.4,False
2137.0,7.1,False
2261.0,7.1,False
2362.0,7.1,False
2510.0,7.4,False
2583.0,8.0,False
2632.0,8.8,False
2623.0,8.9,False
2367.0,10.0,False
2234.0,11.0,False
2114.0,11.2,False
2099.0,10.7,False
2300.0,9.7,False
2639.0,8.2,False
2580.0,7.8,False
2448.0,8.2,False
2431.0,7.7,False
2506.0,7.4,False
2574.0,7.3,False
2411.0,6.6,False
2469.0,6.5,False
2306.0,6.6,False
2252.0,6.6,False
2264.0,6.8,False
2450.0,7.1,False
2811.0,7.7,False
3092.0,7.6,False
3218.0,7.3,False
3250.0,7.9,False
3225.0,8.2,False
3347.0,8.6,False
3350.0,8.1,False
3197.0,8.5,False
3083.0,8.9,False
2913.0,9.1,False
2891.0,9.7,False
2929.0,10.3,False
3163.0,10.2,False
2964.0,10.0,False
2765.0,9.5,False
2618.0,9.7,False
2700.0,10.1,False
2739.0,10.1,False
2471.0,9.6,False
2519.0,9.4,False
2275.0,9.5,False
2222.0,9.5,False
2274.0,9.1,False
2472.0,8.7,False
2813.0,9.1,False
3010.0,9.0,False
3042.0,9.3,False
3075.0,9.8,False
3074.0,10.2,False
3138.0,10.7,False
3038.0,11.2,False
2966.0,11.3,False
2963.0,11.5,False
2873.0,11.3,False
2895.0,11.2,False
2873.0,11.3,False
3053.0,11.9,False
2919.0,11.8,False
2667.0,11.4,False
2644.0,11.1,False
2720.0,11.4,False
2678.0,11.0,False
2396.0,10.9,False
2450.0,10.7,False
2292.0,10.7,False
2229.0,10.7,False
2329.0,10.8,False
2478.0,10.7,False
2709.0,10.2,False
2991.0,9.9,False
3044.0,9.5,False
3003.0,9.8,False
2978.0,10.6,False
3073.0,11.1,False
3223.0,11.6,False
2991.0,11.6,False
2866.0,11.0,False
2760.0,10.9,False
2929.0,10.9,False
3042.0,11.4,False
3090.0,11.4,False
3018.0,10.1,False
2750.0,10.3,False
2667.0,10.2,False
2642.0,10.2,False
2774.0,10.2,False
2471.0,9.0,False
2527.0,8.6,False
2399.0,9.2,False
2395.0,9.7,False
2353.0,9.4,False
2567.0,9.2,False
2854.0,9.6,False
3153.0,9.4,False
3150.0,9.3,False
3151.0,8.9,False
3194.0,9.1,False
3208.0,9.7,False
3222.0,11.4,False
2937.0,11.8,False
2688.0,11.5,False
2717.0,10.9,False
2857.0,10.3,False
2849.0,9.6,False
3102.0,8.8,False
3079.0,8.4,False
2761.0,8.1,False
2705.0,7.9,False
2852.0,8.4,False
2808.0,8.7,False
2550.0,7.5,False
2546.0,7.9,False
2358.0,7.9,False
2277.0,7.8,False
2297.0,7.6,False
2493.0,7.6,False
2847.0,7.5,False
3040.0,7.2,False
3178.0,7.0,False
3207.0,7.3,False
3173.0,7.3,False
3187.0,7.6,False
3195.0,9.3,False
3081.0,9.7,False
2965.0,9.8,False
2817.0,10.2,False
2795.0,9.8,False
2815.0,8.9,False
3021.0,6.5,False
2905.0,6.0,False
2718.0,6.1,False
2710.0,5.7,False
2810.0,5.6,False
2807.0,5.9,True
2579.0,6.0,True
2528.0,6.2,True
2281.0,6.6,True
2187.0,6.2,True
2218.0,5.4,True
2288.0,5.0,True
2435.0,4.8,True
2567.0,4.6,True
2779.0,4.2,True
2852.0,4.4,True
2793.0,5.0,True
2836.0,5.6,True
2862.0,6.1,True
2569.0,6.5,True
2436.0,6.5,True
2398.0,6.4,True
2517.0,6.1,True
2717.0,5.6,True
3009.0,4.8,True
2964.0,4.2,True
2737.0,3.8,True
2711.0,3.6,True
2847.0,4.0,True
2929.0,4.1,True
2625.0,3.8,True
2702.0,4.3,True
2499.0,4.6,True
2422.0,4.9,True
2330.0,5.7,True
2357.0,7.0,True
2372.0,10.3,True
2431.0,10.6,True
2584.0,10.7,True
2731.0,10.9,True
2777.0,11.1,True
2841.0,11.4,True
2784.0,11.6,True
2605.0,12.0,True
2434.0,12.2,True
2390.0,12.2,True
2387.0,11.9,True
2442.0,11.5,True
2653.0,11.0,True
2666.0,10.3,True
2503.0,9.8,True
2546.0,9.2,True
2598.0,9.2,True
2625.0,9.0,True
2379.0,8.6,True
2295.0,8.4,True
2118.0,8.5,True
2087.0,8.5,True
2107.0,7.9,True
2472.0,7.7,True
2825.0,7.9,True
3046.0,7.7,True
3223.0,7.5,True
3285.0,8.1,True
3261.0,9.0,True
3322.0,9.8,True
3042.0,10.1,True
2946.0,10.3,True
2698.0,10.1,True
2783.0,9.7,True
2799.0,9.3,True
2883.0,8.6,True
3292.0,7.7,True
3190.0,7.1,True
2917.0,6.7,True
2911.0,6.7,True
2968.0,6.7,True
2939.0,6.5,True
2775.0,6.2,True
2781.0,6.0,True
2608.0,5.7,True
2532.0,5.6,True
2538.0,5.4,True
2650.0,5.2,True
3026.0,4.9,True
3199.0,4.5,True
3315.0,4.4,True
3223.0,5.4,True
3064.0,6.7,True
3137.0,7.9,True
3156.0,8.5,True
3088.0,8.9,True
2962.0,8.6,True
2902.0,8.0,True
2976.0,7.0,True
3063.0,6.2,True
3292.0,7.5,True
3165.0,7.1,True
2843.0,6.6,True
2745.0,6.2,True
2796.0,6.0,True
2884.0,5.9,True
2621.0,10.2,True
2654.0,10.1,True
2394.0,10.1,True
2301.0,10.1,True
2289.0,10.0,True
2499.0,9.7,True
2704.0,9.7,True
2887.0,9.7,True
2992.0,10.6,True
3108.0,10.9,True
3116.0,10.8,True
3219.0,10.6,True
3232.0,10.6,True
3186.0,10.2,True
3275.0,10.4,True
3095.0,10.1,True
2953.0,9.8,True
2955.0,9.3,True
3214.0,8.8,True
3021.0,8.2,True
2771.0,8.0,True
2766.0,7.8,True
2828.0,8.1,True
2872.0,7.9,True
2653.0,7.9,True
2714.0,8.0,True
2574.0,7.9,True
2477.0,7.7,True
2548.0,7.7,True
2688.0,7.8,True
2936.0,8.1,True
3101.0,8.5,True
3263.0,8.5,True
3283.0,8.9,True
3205.0,9.3,True
3188.0,10.0,True
3258.0,10.5,True
3081.0,11.0,True
2927.0,11.0,True
2851.0,10.2,True
2890.0,9.7,True
2970.0,9.4,True
3194.0,8.5,True
3054.0,7.9,True
2820.0,7.8,True
2731.0,7.4,True
2865.0,6.7,True
2924.0,6.1,True
2676.0,5.1,True
2695.0,5.1,True
2511.0,4.7,True
2381.0,4.8,True
2437.0,5.1,True
2630.0,5.5,True
2876.0,5.6,True
3025.0,6.2,True
3169.0,6.7,True
3106.0,7.8,True
2970.0,9.8,True
2879.0,11.1,True
2977.0,11.6,True
2841.0,12.0,True
2806.0,11.3,True
2713.0,10.9,True
2687.0,11.1,True
2782.0,10.8,True
2949.0,10.3,True
2846.0,10.2,True
2639.0,10.2,True
2583.0,10.2,True
2638.0,10.3,True
2652.0,10.4,True
2393.0,10.4,True
2414.0,10.5,True
2138.0,10.5,True
2015.0,10.5,True
1969.0,10.5,True
2062.0,10.6,True
2144.0,10.8,True
2278.0,10.8,True
2344.0,10.8,True
2393.0,10.8,True
2355.0,11.1,True
2435.0,11.2,True
2429.0,11.3,True
2324.0,11.4,True
2216.0,11.5,True
2148.0,11.3,True
2238.0,11.3,True
2317.0,11.2,True
2545.0,11.0,True
2461.0,10.9,True
2269.0,10.7,True
2200.0,10.7,True
2372.0,10.6,True
2416.0,10.6,True
2150.0,10.5,True
2112.0,10.4,True
1939.0,10.3,True
1825.0,10.3,True
1778.0,10.4,True
1793.0,10.3,True
1935.0,10.4,True
1984.0,10.3,True
2117.0,10.3,True
2157.0,10.5,True
2145.0,10.8,True
2271.0,10.9,True
2374.0,11.6,True
2217.0,11.5,True
2094.0,11.5,True
2098.0,11.2,True
2114.0,10.9,True
2294.0,10.6,True
2510.0,10.4,True
2460.0,10.4,True
2285.0,10.3,True
2266.0,10.3,True
2409.0,10.3,True
2406.0,10.4,True
2180.0,10.3,True
2166.0,10.0,True
2021.0,10.0,True
1941.0,9.5,True
2017.0,9.3,True
2210.0,9.2,True
2472.0,9.4,True
2593.0,9.4,True
2815.0,9.6,True
2767.0,9.9,True
2621.0,10.4,True
2641.0,11.4,True
2684.0,11.8,True
2598.0,11.9,True
2617.0,12.3,True
2541.0,12.1,True
2435.0,12.1,True
2475.0,12.0,True
2722.0,11.7,True
2669.0,11.4,True
2398.0,11.2,True
2395.0,11.1,True
2467.0,10.9,True
2509.0,10.8,True
2206.0,10.3,True
2210.0,10.0,True
2039.0,9.8,True
1963.0,9.0,True
2013.0,8.5,True
2263.0,8.5,True
2527.0,8.8,True
2700.0,9.1,True
2737.0,9.4,True
2683.0,9.8,True
2481.0,10.5,True
2461.0,11.3,True
2366.0,11.4,True
2220.0,12.9,True
2161.0,14.8,True
2057.0,15.4,True
1973.0,15.2,True
2097.0,14.4,True
2419.0,12.6,True
2438.0,10.9,True
2301.0,9.8,True
2275.0,9.0,True
2311.0,8.5,True
2398.0,8.0,True
2121.0,7.3,True
2160.0,6.8,True
1978.0,7.8,True
1966.0,8.1,True
2044.0,8.6,True
2222.0,8.9,True
2501.0,8.0,True
2729.0,7.9,True
2825.0,8.0,True
2702.0,8.4,True
2534.0,9.4,True
2504.0,10.2,True
2470.0,11.5,True
2284.0,12.6,True
2210.0,13.4,True
2110.0,14.1,True
2115.0,14.2,True
2214.0,13.9,True
2455.0,12.0,True
2451.0,11.7,True
2278.0,10.8,True
2284.0,9.7,True
2381.0,8.7,True
2414.0,8.5,True
2172.0,9.1,True
2153.0,8.7,True
1906.0,8.5,True
1838.0,8.3,True
1910.0,8.0,True
2073.0,7.8,True
2353.0,8.2,True
2490.0,8.5,True
2696.0,9.1,True
2708.0,9.7,True
2639.0,10.4,True
2640.0,11.5,True
2414.0,11.4,True
2305.0,12.2,True
2218.0,12.5,True
2174.0,12.5,True
2320.0,12.0,True
2282.0,11.2,True
2585.0,10.9,True
2563.0,10.1,True
2328.0,9.8,True
2358.0,9.5,True
2360.0,9.1,True
2402.0,9.1,True
2190.0,9.4,True
2184.0,9.5,True
1985.0,9.6,True
1947.0,9.7,True
2034.0,9.7,True
2169.0,9.7,True
2424.0,9.5,True
2622.0,9.6,True
2727.0,9.7,True
2762.0,10.0,True
2624.0,10.2,True
2495.0,10.3,True
2473.0,11.6,True
2314.0,11.8,True
2293.0,12.2,True
2224.0,12.0,True
2224.0,11.4,True
2359.0,10.6,True
2557.0,9.8,True
2493.0,9.1,True
2464.0,8.8,True
2354.0,8.5,True
2445.0,8.2,True
2618.0,7.9,True
2327.0,7.5,True
2291.0,6.7,True
2087.0,6.1,True
2025.0,5.7,True
1995.0,5.5,True
2058.0,5.3,True
2165.0,5.5,True
2275.0,5.3,True
2339.0,5.4,True
2296.0,6.4,True
2136.0,7.8,True
2200.0,9.1,True
2218.0,10.9,True
1991.0,11.5,True
1826.0,11.7,True
1755.0,11.7,True
1851.0,11.2,True
2013.0,9.8,True
2276.0,8.8,True
2301.0,7.7,True
2162.0,7.1,True
2130.0,6.6,True
2300.0,6.3,True
2398.0,6.0,True
2177.0,5.6,True
2165.0,5.7,True
1968.0,5.8,True
1842.0,6.1,True
1822.0,6.6,True
1889.0,7.1,True
1933.0,7.3,True
2087.0,7.5,True
2180.0,7.9,True
2256.0,8.7,True
2292.0,9.6,True
2388.0,10.5,True
2403.0,10.9,True
2137.0,11.4,True
1969.0,11.3,True
2020.0,11.0,True
2012.0,10.6,True
2122.0,9.9,True
2499.0,9.1,True
2564.0,8.4,True
2394.0,7.7,True
2291.0,7.1,True
2448.0,6.8,True
2502.0,6.7,False
2300.0,6.7,False
2345.0,6.6,False
2164.0,6.5,False
2101.0,7.0,False
2168.0,7.3,False
2388.0,7.4,False
2728.0,7.1,False
2917.0,6.7,False
2959.0,6.5,False
2802.0,7.2,False
2637.0,8.7,False
2500.0,10.3,False
2467.0,11.5,False
2321.0,12.2,False
2239.0,12.9,False
2135.0,13.0,False
2105.0,12.7,False
2173.0,12.1,False
2538.0,11.1,False
2602.0,9.9,False
2357.0,9.0,False
2293.0,7.9,False
2404.0,7.0,False
2465.0,6.5,False
2250.0,5.9,False
2239.0,5.7,False
2087.0,6.1,False
2043.0,6.0,False
2108.0,5.8,False
2345.0,5.2,False
2682.0,5.7,False
2881.0,5.5,False
2888.0,5.9,False
2733.0,7.5,False
2540.0,9.1,False
2431.0,10.6,False
2366.0,13.1,False
2222.0,14.1,False
2097.0,14.1,False
2016.0,14.0,False
2016.0,13.7,False
2108.0,12.9,False
2429.0,11.6,False
2524.0,10.2,False
2289.0,9.2,False
2272.0,8.5,False
2389.0,8.1,False
2462.0,7.9,False
2160.0,7.8,False
2207.0,7.5,False
2010.0,7.1,False
1936.0,6.7,False
2016.0,6.3,False
2219.0,6.0,False
2592.0,5.3,False
2746.0,4.9,False
2738.0,5.5,False
2624.0,7.3,False
2444.0,9.1,False
2459.0,11.0,False
2327.0,10.8,False
2251.0,12.2,False
2119.0,13.5,False
2018.0,14.1,False
2005.0,14.3,False
2086.0,13.7,False
2370.0,12.4,False
2424.0,10.7,False
2246.0,9.5,False
2190.0,9.0,False
2313.0,8.7,False
2326.0,8.2,False
2073.0,7.7,False
2104.0,7.4,False
1902.0,7.4,False
1833.0,7.2,False
1889.0,7.1,False
2049.0,7.0,False
2444.0,6.6,False
2614.0,6.9,False
2657.0,7.5,False
2569.0,8.4,False
2467.0,9.6,False
2466.0,11.6,False
2482.0,13.0,False
2410.0,14.3,False
2381.0,14.9,False
2309.0,14.6,False
2265.0,13.9,False
2325.0,13.1,False
2561.0,12.0,False
2485.0,11.5,False
2284.0,10.5,False
2236.0,10.1,False
2326.0,10.3,False
2383.0,10.2,False
2120.0,8.4,False
2113.0,8.5,False
1927.0,8.8,False
1888.0,8.9,False
1882.0,9.0,False
2025.0,9.1,False
2390.0,8.4,False
2598.0,8.1,False
2778.0,7.9,False
2819.0,8.1,False
2849.0,8.8,False
2853.0,9.2,False
2905.0,10.3,False
2810.0,10.7,False
2724.0,11.4,False
2640.0,11.9,False
2574.0,11.7,False
2647.0,10.5,False
2726.0,7.9,False
2716.0,7.6,False
2505.0,7.6,False
2461.0,7.7,False
2562.0,7.9,False
2576.0,8.0,False
2290.0,7.7,False
2268.0,7.8,False
2047.0,7.8,False
1955.0,7.8,False
1913.0,7.9,False
1956.0,8.0,False
2086.0,8.7,False
2194.0,8.5,False
2368.0,8.8,False
2441.0,9.7,False
2485.0,11.1,False
2534.0,12.3,False
2552.0,11.6,False
2309.0,12.3,False
2203.0,12.7,False
2138.0,12.7,False
2105.0,12.5,False
2140.0,11.7,False
2340.0,12.9,False
2343.0,12.0,False
2167.0,11.1,False
2108.0,10.3,False
2277.0,9.7,False
2350.0,9.3,False
2125.0,10.5,False
2136.0,10.4,False
1894.0,10.3,False
1726.0,10.3,False
1711.0,10.0,False
1748.0,9.7,False
1867.0,9.1,False
1920.0,9.0,False
2043.0,9.2,False
2102.0,9.7,False
2110.0,10.7,False
2152.0,12.0,False
2122.0,14.1,False
1851.0,14.9,False
1705.0,15.1,False
1604.0,14.7,False
1656.0,14.3,False
1796.0,13.6,False
2073.0,12.5,False
2170.0,10.9,False
2019.0,9.8,False
1990.0,9.4,False
2117.0,9.4,False
2193.0,9.7,False
1978.0,8.7,False
1986.0,8.8,False
1777.0,8.8,False
1748.0,8.9,False
1783.0,9.0,False
2008.0,9.1,False
2345.0,9.1,False
2528.0,8.9,False
2647.0,9.0,False
2656.0,9.3,False
2581.0,9.8,False
2601.0,10.5,False
2580.0,12.3,False
2398.0,13.1,False
2415.0,12.8,False
2261.0,12.9,False
2245.0,12.3,False
2293.0,11.6,False
2502.0,11.0,False
2521.0,9.6,False
2314.0,8.7,False
2265.0,8.1,False
2364.0,7.6,False
2433.0,7.6,False
2223.0,7.3,False
2247.0,7.4,False
2092.0,7.1,False
2043.0,6.8,False
2055.0,6.7,False
2233.0,6.9,False
2585.0,8.9,False
2806.0,8.9,False
2805.0,8.9,False
2712.0,9.1,False
2604.0,9.4,False
2613.0,10.0,False
2612.0,10.5,False
2528.0,12.3,False
2416.0,12.1,False
2341.0,12.2,False
2287.0,11.7,False
2312.0,11.1,False
2578.0,9.8,False
2609.0,8.9,False
2442.0,8.4,False
2459.0,8.4,False
2492.0,8.9,False
2519.0,9.4,False
2250.0,9.2,False
2280.0,9.4,False
2095.0,9.6,False
1920.0,9.9,False
1974.0,10.3,False
2180.0,11.0,False
2508.0,11.0,False
2621.0,10.5,False
2813.0,10.3,False
2691.0,10.4,False
2612.0,10.2,False
2620.0,11.3,False
2575.0,11.6,False
2411.0,12.0,False
2321.0,12.0,False
2224.0,11.9,False
2197.0,11.6,False
2251.0,11.0,False
2521.0,9.7,False
2609.0,8.3,False
2425.0,7.2,False
2358.0,6.8,False
2490.0,6.5,False
2533.0,6.2,False
2308.0,6.4,False
2329.0,6.4,False
2152.0,6.5,False
2072.0,6.3,False
2121.0,5.9,False
2292.0,5.7,False
2669.0,6.4,False
2808.0,6.8,False
2834.0,8.3,False
2812.0,10.1,False
2624.0,11.3,False
2623.0,12.0,False
2587.0,12.5,False
2521.0,12.6,False
2469.0,12.4,False
2389.0,11.3,False
2325.0,11.0,False
2598.0,10.9,False
2814.0,10.9,False
2759.0,11.2,False
2581.0,11.3,False
2495.0,10.9,False
2550.0,11.0,False
2575.0,11.5,False
2329.0,11.5,False
2292.0,11.5,False
2112.0,11.6,False
2088.0,11.8,False
2095.0,11.9,False
2266.0,11.1,False
2544.0,9.8,False
2766.0,8.5,False
2915.0,7.9,False
2971.0,7.6,False
2936.0,7.2,False
3007.0,7.2,False
3064.0,7.8,False
2957.0,7.8,False
2980.0,7.5,False
2832.0,6.9,False
2842.0,7.2,False
3010.0,7.2,False
3038.0,6.3,False
2997.0,5.7,False
2745.0,5.3,False
2729.0,5.0,False
2848.0,4.6,False
2912.0,4.2,False
2699.0,3.8,False
2710.0,3.3,False
2439.0,3.1,False
2417.0,2.7,False
2350.0,2.4,False
2529.0,2.3,False
2677.0,3.2,False
2708.0,3.3,False
2722.0,4.0,False
2644.0,5.6,False
2449.0,7.3,False
2554.0,8.9,False
2496.0,9.5,False
2354.0,9.8,False
2199.0,9.9,False
2090.0,9.8,False
2036.0,9.2,False
2156.0,8.7,False
2406.0,7.1,False
2606.0,5.7,False
2475.0,4.6,False
2456.0,3.8,False
2657.0,3.3,False
2754.0,2.7,False
2560.0,2.0,False
2614.0,1.5,False
2435.0,1.1,False
2330.0,0.8,False
2359.0,0.6,False
2444.0,0.5,False
2576.0,0.3,False
2631.0,0.4,False
2720.0,1.5,False
2695.0,3.2,False
2540.0,6.7,False
2476.0,7.8,False
2510.0,7.7,False
2166.0,8.6,False
2212.0,8.9,False
2105.0,8.9,False
2142.0,9.1,False
2322.0,9.9,False
2496.0,10.2,False
2601.0,9.4,False
2464.0,8.3,False
2405.0,7.2,False
2527.0,6.1,False
2628.0,5.1,False
2442.0,4.8,False
2414.0,4.0,False
2241.0,3.8,False
2176.0,3.6,False
2224.0,3.4,False
2457.0,3.2,False
2754.0,2.9,False
3002.0,3.7,False
3048.0,4.8,False
3047.0,6.6,False
2921.0,8.9,False
2791.0,10.5,False
2820.0,11.1,False
2744.0,11.7,False
2716.0,12.1,False
2668.0,11.0,False
2620.0,10.7,False
2587.0,10.7,False
2813.0,10.0,False
2795.0,9.3,False
2556.0,7.9,False
2456.0,6.8,False
2534.0,5.9,False
2603.0,5.3,False
2354.0,5.1,False
2382.0,4.9,False
2183.0,4.5,False
2145.0,4.1,False
2264.0,3.6,False
2508.0,3.3,False
2721.0,5.3,False
2880.0,4.7,False
2825.0,5.6,False
2705.0,7.7,False
2531.0,10.2,False
2291.0,11.9,False
2240.0,13.1,False
2125.0,13.7,False
2024.0,14.0,False
2068.0,14.3,False
1977.0,14.4,False
2007.0,13.9,False
2329.0,12.3,False
2435.0,10.8,False
2253.0,9.8,False
2221.0,9.4,False
2333.0,9.0,False
2416.0,8.5,False
2139.0,8.1,False
2102.0,7.7,False
1936.0,7.4,False
1944.0,7.1,False
1930.0,6.5,False
2132.0,6.0,False
2474.0,5.3,False
2581.0,5.5,False
2609.0,6.8,False
2400.0,8.9,False
2229.0,11.5,False
2261.0,13.4,False
2290.0,14.7,False
2077.0,15.3,False
1995.0,15.6,False
1940.0,15.4,False
1808.0,14.9,False
1903.0,14.1,False
2201.0,12.3,False
2393.0,10.9,False
2179.0,10.0,False
2155.0,9.2,False
2244.0,8.5,False
2296.0,8.0,False
2102.0,7.7,False
2017.0,7.3,False
1867.0,6.9,False
1830.0,6.6,False
1936.0,6.4,False
2123.0,6.3,False
2435.0,6.0,False
2597.0,5.9,False
2689.0,6.6,False
2414.0,8.0,False
2263.0,9.9,False
2225.0,11.5,False
2148.0,13.3,False
2216.0,14.3,False
1977.0,15.0,False
2001.0,15.4,False
1970.0,15.3,False
1987.0,14.8,False
2245.0,13.2,False
2329.0,11.5,False
2133.0,9.9,False
2147.0,8.7,False
2225.0,7.9,False
2233.0,7.6,False
2043.0,7.9,False
2042.0,7.5,False
1837.0,7.1,False
1816.0,6.7,False
1917.0,6.3,False
2128.0,6.0,False
2424.0,6.1,False
2603.0,5.9,False
2620.0,7.0,False
2475.0,8.9,False
2278.0,10.7,False
2203.0,12.0,False
2136.0,13.0,False
2044.0,13.7,False
1949.0,13.9,False
1865.0,14.1,False
1825.0,14.0,False
1931.0,13.5,False
2090.0,12.4,False
2269.0,11.0,False
2111.0,9.9,False
2036.0,9.0,False
2188.0,8.5,False
2242.0,8.0,False
2009.0,7.3,False
2028.0,6.9,False
1820.0,6.7,False
1737.0,6.4,False
1749.0,6.1,False
1836.0,5.7,False
1986.0,5.2,False
2115.0,5.1,False
2185.0,6.2,False
2123.0,8.8,False
1986.0,11.3,False
1937.0,12.3,False
1968.0,13.8,False
1752.0,14.3,False
1731.0,14.4,False
1579.0,14.1,False
1594.0,13.6,False
1738.0,12.7,False
1897.0,10.9,False
2037.0,9.5,False
1947.0,8.4,False
1958.0,7.5,False
2113.0,6.9,False
2242.0,6.6,False
2000.0,6.2,False
2039.0,5.9,False
1866.0,5.7,False
1757.0,5.5,False
1819.0,5.3,False
1842.0,5.3,False
1932.0,5.9,False
1993.0,6.0,False
2054.0,6.8,False
2003.0,8.1,False
1953.0,9.7,False
1860.0,10.9,False
1901.0,12.0,False
1711.0,12.4,False
1553.0,12.3,False
1498.0,11.8,False
1472.0,11.3,False
1690.0,10.4,False
1910.0,9.8,False
2200.0,9.1,False
2038.0,8.6,False
2029.0,8.2,False
2143.0,8.1,False
2257.0,7.9,False
2048.0,7.0,False
2077.0,6.4,False
1858.0,6.0,False
1869.0,6.0,False
1951.0,5.5,False
2178.0,6.4,False
2552.0,4.0,False
2754.0,3.9,False
2761.0,5.2,False
2669.0,6.9,False
2466.0,9.8,False
2383.0,11.9,False
2308.0,12.8,False
2214.0,13.5,False
2155.0,13.9,False
2086.0,14.1,False
1989.0,14.1,False
2100.0,13.8,False
2404.0,12.8,False
2454.0,11.1,False
2331.0,9.5,False
2261.0,8.4,False
2355.0,7.6,False
2432.0,6.9,False
2184.0,6.9,False
2251.0,6.4,False
2071.0,6.1,False
2000.0,5.6,False
2103.0,5.1,False
2282.0,4.7,False
2637.0,4.0,False
2819.0,3.9,False
2751.0,5.1,False
2675.0,7.6,False
2414.0,10.6,False
2331.0,12.4,False
2233.0,12.9,False
2131.0,14.3,False
2176.0,14.3,False
2167.0,14.0,False
2142.0,13.3,False
2183.0,12.3,False
2405.0,11.2,False
2552.0,10.1,False
2373.0,9.4,False
2355.0,9.8,False
2409.0,9.6,False
2386.0,9.9,False
2152.0,10.2,False
2123.0,11.1,False
1893.0,10.0,False
1871.0,8.7,False
1982.0,8.3,False
2163.0,7.4,False
2608.0,6.4,False
2773.0,6.4,False
2801.0,7.1,False
2522.0,8.3,False
2546.0,9.1,False
2496.0,9.6,False
2591.0,10.2,False
2400.0,10.4,False
2404.0,10.5,False
2304.0,10.3,False
2326.0,9.7,False
2402.0,9.1,False
2710.0,8.3,False
2800.0,7.4,False
2696.0,6.7,False
2602.0,6.3,False
2643.0,6.1,False
2682.0,5.9,False
2479.0,5.8,False
2476.0,5.6,False
2332.0,5.3,False
2296.0,5.0,False
2321.0,4.8,False
2541.0,4.5,False
2862.0,3.6,False
2972.0,3.7,False
2949.0,5.4,False
2712.0,7.7,False
2643.0,9.6,False
2667.0,10.1,False
2691.0,11.1,False
2516.0,11.3,False
2393.0,11.3,False
2236.0,11.1,False
2270.0,11.0,False
2320.0,10.4,False
2615.0,9.4,False
2735.0,8.4,False
2542.0,7.8,False
2551.0,7.0,False
2661.0,6.6,False
2674.0,5.9,False
2467.0,3.6,False
2474.0,3.3,False
2245.0,3.4,False
2166.0,3.7,False
2249.0,3.7,False
2461.0,3.7,False
2725.0,1.6,False
2882.0,2.1,False
2931.0,3.2,False
2852.0,5.0,False
2647.0,7.4,False
2706.0,9.3,False
2808.0,10.5,False
2629.0,10.9,False
2562.0,11.3,False
2467.0,11.4,False
2370.0,11.1,False
2446.0,10.4,False
2646.0,9.2,False
2654.0,8.6,False
2468.0,8.4,False
2443.0,8.5,False
2528.0,8.5,False
2569.0,8.5,False
2278.0,8.7,False
2198.0,9.0,False
1999.0,8.0,False
1891.0,7.6,False
1933.0,7.5,False
2019.0,6.9,False
2145.0,5.2,False
2186.0,5.1,False
2200.0,5.9,False
2197.0,7.5,False
2091.0,8.7,False
2049.0,9.8,False
2156.0,10.8,False
2056.0,10.7,False
1892.0,10.6,False
1901.0,10.5,False
1882.0,10.2,False
2044.0,9.5,False
2231.0,8.5,False
2393.0,7.6,False
2334.0,6.8,False
2392.0,6.1,False
2552.0,5.6,False
2557.0,5.1,False
2338.0,4.9,False
2338.0,4.3,False
2222.0,3.8,False
2091.0,3.2,False
2101.0,2.8,False
2272.0,2.6,False
2316.0,2.2,False
2347.0,2.5,False
2310.0,4.2,False
2308.0,7.2,False
2260.0,9.2,False
2330.0,10.1,False
2004.0,11.2,False
2011.0,11.5,False
1922.0,11.8,False
1937.0,12.5,False
2053.0,11.8,False
2328.0,11.1,False
2397.0,10.5,False
2358.0,9.5,False
2347.0,8.8,False
2467.0,8.2,False
2479.0,8.0,False
2343.0,7.8,False
2247.0,8.8,False
2063.0,9.2,False
1919.0,9.4,False
1967.0,9.7,False
2145.0,9.9,False
2485.0,10.2,False
2700.0,10.6,False
2780.0,10.8,False
2728.0,11.0,False
2598.0,11.1,False
2569.0,11.3,False
2384.0,12.2,False
2318.0,12.6,False
2101.0,12.5,False
2067.0,13.1,False
2084.0,12.9,False
2153.0,12.5,False
2379.0,11.8,False
2395.0,11.1,False
2403.0,10.1,False
2356.0,9.4,False
2472.0,8.6,False
2494.0,8.0,False
2301.0,7.6,False
2277.0,7.6,False
2071.0,7.2,False
1995.0,7.0,False
2045.0,6.8,False
2255.0,7.2,False
2637.0,7.7,False
2761.0,7.5,False
2898.0,8.0,False
2889.0,8.6,False
2794.0,9.2,False
2706.0,10.1,False
2712.0,10.9,False
2569.0,12.8,False
2441.0,13.4,False
2323.0,13.9,False
2166.0,14.1,False
2152.0,14.3,False
2341.0,14.1,False
2329.0,13.1,False
2317.0,12.2,False
2308.0,10.9,False
2423.0,9.6,False
2423.0,8.7,False
2187.0,8.9,False
2211.0,9.0,False
2159.0,9.0,False
2091.0,8.3,False
2118.0,7.4,False
2276.0,6.6,False
2613.0,5.9,False
2814.0,6.9,False
2946.0,6.9,False
2905.0,7.8,False
2830.0,9.3,False
2868.0,10.9,False
2759.0,12.1,False
2670.0,11.1,False
2567.0,12.2,False
2436.0,12.2,False
2341.0,12.3,False
2400.0,12.5,False
2669.0,11.9,False
2643.0,11.9,False
2563.0,10.7,False
2455.0,9.8,False
2589.0,9.3,False
2638.0,8.6,False
2398.0,8.1,False
2411.0,9.5,False
2207.0,9.5,False
2092.0,9.3,False
2145.0,9.3,False
2263.0,9.2,False
2614.0,8.3,False
2880.0,7.6,False
2872.0,8.0,False
2793.0,8.5,False
2687.0,9.4,False
2665.0,10.4,False
2614.0,11.3,False
2471.0,12.1,False
2406.0,12.6,False
2268.0,13.0,False
2130.0,13.1,False
2193.0,12.8,False
2326.0,12.1,False
2396.0,11.2,False
2432.0,10.0,False
2463.0,8.8,False
2596.0,7.9,False
2629.0,7.4,False
2387.0,7.0,False
2361.0,7.1,False
2170.0,7.5,False
2077.0,7.5,False
2135.0,7.5,False
2269.0,7.6,False
2620.0,7.9,False
2898.0,8.6,False
3068.0,9.2,False
3126.0,10.0,False
3049.0,10.6,False
3042.0,11.3,False
2970.0,12.1,False
2860.0,11.7,False
2761.0,12.0,False
2636.0,12.4,False
2500.0,12.8,False
2498.0,12.9,False
2581.0,13.0,False
2567.0,12.9,False
2557.0,12.4,False
2558.0,12.1,False
2613.0,11.8,False
2642.0,11.6,False
2404.0,10.5,False
2341.0,10.1,False
2091.0,9.7,False
1982.0,9.8,False
1933.0,9.5,False
1994.0,9.6,False
2156.0,9.5,False
2212.0,9.9,False
2300.0,9.8,False
2364.0,10.4,False
2286.0,11.2,False
2238.0,12.2,False
2116.0,13.4,False
1952.0,14.7,False
1858.0,15.3,False
1826.0,15.5,False
1831.0,15.2,False
1668.0,14.6,False
1999.0,14.0,False
2048.0,13.1,False
2151.0,12.3,False
2262.0,11.4,False
2315.0,11.0,False
2388.0,10.4,False
2139.0,10.5,False
2099.0,10.9,False
1843.0,11.3,False
1746.0,11.8,False
1722.0,11.7,False
1709.0,11.6,False
1798.0,11.1,False
1901.0,11.2,False
2005.0,10.5,False
2128.0,10.5,False
2181.0,10.9,False
2258.0,11.9,False
2359.0,12.9,False
2099.0,13.6,False
1924.0,14.0,False
1702.0,13.8,False
1618.0,13.4,False
1642.0,13.1,False
1855.0,12.8,False
2014.0,11.4,False
2069.0,10.2,False
2170.0,9.1,False
2345.0,8.3,False
2426.0,7.8,False
2186.0,7.2,False
2198.0,7.4,False
1994.0,6.8,False
1979.0,6.3,False
1960.0,6.0,False
2013.0,6.0,False
2138.0,5.9,False
2209.0,6.1,False
2274.0,6.7,False
2305.0,8.5,False
2157.0,10.5,False
2152.0,12.4,False
2131.0,14.2,False
1897.0,15.8,False
1836.0,17.0,False
1603.0,17.7,False
1543.0,18.1,False
1582.0,18.2,False
1810.0,17.8,False
1989.0,17.3,False
2007.0,15.9,False
2069.0,15.0,False
2231.0,14.4,False
2253.0,13.9,False
1977.0,13.6,False
2010.0,13.0,False
1799.0,12.9,False
1686.0,12.6,False
1746.0,12.2,False
1925.0,11.9,False
2205.0,11.5,False
2422.0,11.5,False
2407.0,11.7,False
2459.0,13.0,False
2290.0,15.2,False
2295.0,17.1,False
2390.0,19.0,False
2292.0,20.9,False
2285.0,21.8,False
2181.0,22.2,False
2068.0,21.6,False
1956.0,20.8,False
2188.0,20.0,False
2294.0,18.4,False
2213.0,16.3,False
2186.0,14.9,False
2266.0,13.8,False
2235.0,13.0,False
2008.0,12.3,False
2008.0,12.6,False
1771.0,12.0,False
1723.0,11.6,False
1723.0,11.3,False
1840.0,11.1,False
2087.0,10.9,False
2246.0,10.6,False
2388.0,11.5,False
2320.0,13.6,False
2269.0,17.3,False
2358.0,20.2,False
2410.0,22.5,False
2354.0,23.3,False
2294.0,23.8,False
2183.0,24.2,False
2074.0,24.3,False
2105.0,24.1,False
2189.0,23.4,False
2180.0,22.3,False
2098.0,20.0,False
2148.0,17.9,False
2216.0,16.0,False
2259.0,14.9,False
2005.0,14.2,False
1984.0,13.7,False
1763.0,13.1,False
1697.0,12.6,False
1705.0,12.1,False
1831.0,11.7,False
2150.0,11.3,False
2319.0,11.2,False
2333.0,12.2,False
2342.0,13.9,False
2313.0,16.6,False
2356.0,18.7,False
2408.0,20.8,False
2329.0,21.9,False
2325.0,19.2,False
2143.0,17.4,False
1963.0,16.6,False
2172.0,15.5,False
2248.0,14.2,False
2205.0,12.5,False
2168.0,10.9,False
2256.0,9.8,False
2361.0,9.1,False
2327.0,8.7,False
2048.0,8.4,False
2019.0,8.3,False
1769.0,8.1,False
1757.0,7.9,False
1821.0,7.8,False
1993.0,7.5,False
2309.0,7.3,False
2522.0,7.8,False
2556.0,8.2,False
2606.0,9.2,False
2471.0,10.0,False
2381.0,11.1,False
2415.0,12.5,False
2336.0,13.8,False
2216.0,15.1,False
2070.0,16.2,False
2005.0,16.8,False
2034.0,17.0,False
2212.0,16.9,False
2221.0,17.5,False
2136.0,16.1,False
2186.0,14.6,False
2337.0,13.3,False
2347.0,12.3,True
2087.0,11.4,True
2029.0,11.2,True
1805.0,10.5,True
1669.0,10.0,True
1587.0,9.7,True
1646.0,9.7,True
1759.0,9.9,True
1976.0,10.9,True
2021.0,9.0,True
2182.0,8.0,True
2058.0,7.6,True
2141.0,8.1,True
2247.0,8.8,True
2085.0,13.0,True
1979.0,13.8,True
1849.0,13.9,True
1797.0,13.2,True
1811.0,13.3,True
1949.0,12.7,True
2028.0,11.1,True
2028.0,10.1,True
2127.0,9.5,True
2277.0,9.1,True
2301.0,8.9,True
2049.0,8.6,True
2062.0,8.6,True
1882.0,8.3,True
1744.0,8.1,True
1722.0,7.9,True
1757.0,7.5,True
1869.0,7.2,True
1953.0,7.0,True
1933.0,8.0,True
1955.0,9.7,True
2049.0,11.4,True
2087.0,12.7,True
2234.0,13.5,True
1905.0,14.4,True
1800.0,14.5,True
1736.0,14.5,True
1694.0,14.8,True
1786.0,14.4,True
1960.0,13.6,True
2022.0,11.3,True
2023.0,10.1,True
2100.0,9.2,True
2262.0,8.1,True
2314.0,7.4,True
2100.0,6.7,True
2117.0,5.8,True
1951.0,5.3,True
1934.0,4.8,True
1987.0,4.4,True
2194.0,4.0,True
2466.0,3.7,True
2635.0,3.7,True
2742.0,4.7,True
2643.0,7.3,True
2559.0,10.1,True
2626.0,12.0,True
2579.0,13.1,True
2421.0,13.8,True
2299.0,14.4,True
2193.0,14.1,True
2156.0,14.3,True
2130.0,14.0,True
2326.0,13.4,True
2319.0,12.5,True
2252.0,11.2,True
2226.0,9.9,True
2407.0,8.8,True
2441.0,7.8,True
2176.0,7.1,True
2215.0,7.0,True
2020.0,6.8,True
1964.0,6.6,True
2055.0,6.8,True
2161.0,7.2,True
2386.0,7.5,True
2630.0,5.9,True
2742.0,7.4,True
2766.0,9.9,True
2763.0,12.1,True
2655.0,13.7,True
2701.0,13.4,True
2656.0,12.7,True
2518.0,13.2,True
2404.0,14.2,True
2361.0,13.6,True
2253.0,13.3,True
2400.0,13.0,True
2418.0,11.9,True
2297.0,11.6,True
2358.0,11.4,True
2441.0,11.4,True
2451.0,11.4,True
2208.0,11.4,True
2183.0,11.8,True
1951.0,11.9,True
1920.0,11.9,True
1941.0,11.8,True
2044.0,11.8,True
2263.0,11.8,True
2417.0,12.0,True
2506.0,11.7,True
2674.0,11.6,True
2713.0,12.3,True
2768.0,13.0,True
2676.0,13.5,True
2346.0,14.0,True
2365.0,13.1,True
2333.0,12.9,True
2101.0,14.7,True
2129.0,15.1,True
2232.0,14.9,True
2213.0,13.8,True
2174.0,12.5,True
2236.0,11.2,True
2373.0,10.3,True
2387.0,9.9,True
2174.0,10.1,True
2187.0,9.9,True
1975.0,10.2,True
1892.0,10.5,True
1906.0,10.3,True
2058.0,10.2,True
2302.0,10.2,True
2476.0,9.8,True
2513.0,10.0,True
2467.0,11.0,True
2385.0,12.4,True
2434.0,14.3,True
2378.0,15.4,True
2274.0,16.0,True
2247.0,16.5,True
2016.0,16.7,True
2107.0,16.4,True
2084.0,15.7,True
2135.0,14.9,True
2146.0,13.9,True
2146.0,13.1,True
2235.0,12.6,True
2308.0,11.9,True
2328.0,11.4,True
2092.0,10.6,True
2093.0,11.0,True
1909.0,10.6,True
1846.0,10.0,True
1883.0,9.6,True
1984.0,9.3,True
2230.0,9.6,True
2373.0,11.0,True
2443.0,11.3,True
2445.0,12.0,True
2395.0,12.8,True
2346.0,14.4,True
2330.0,15.8,True
2246.0,17.7,True
2206.0,18.2,True
2087.0,18.6,True
1938.0,18.9,True
2038.0,18.5,True
2064.0,18.0,True
2093.0,16.1,True
2007.0,14.7,True
2096.0,13.2,True
2240.0,12.2,True
2283.0,11.4,True
1985.0,10.7,True
1984.0,10.6,True
1725.0,10.6,True
1661.0,10.8,True
1618.0,10.9,True
1646.0,11.4,True
1688.0,11.6,True
1774.0,11.5,True
1920.0,11.6,True
1890.0,12.2,True
1931.0,13.1,True
2008.0,14.1,True
1980.0,15.1,True
1869.0,16.0,True
1765.0,16.7,True
1624.0,16.9,True
1541.0,16.6,True
1656.0,15.6,True
1802.0,14.3,True
1887.0,13.2,True
1815.0,11.9,True
1942.0,10.9,True
2110.0,9.9,True
2149.0,9.1,True
1925.0,8.5,True
1922.0,8.1,True
1672.0,7.8,True
1624.0,7.6,True
1592.0,7.5,True
1668.0,7.3,True
1746.0,7.4,True
1861.0,7.2,True
1814.0,8.7,True
1834.0,10.9,True
1814.0,12.8,True
1861.0,14.3,True
1934.0,15.6,True
1691.0,16.2,True
1635.0,16.6,True
1560.0,16.7,True
1481.0,16.4,True
1501.0,15.8,True
1717.0,15.1,True
1853.0,14.3,True
1868.0,12.9,True
1988.0,11.9,True
2142.0,11.1,True
2127.0,10.4,True
1926.0,9.8,True
1962.0,9.4,True
1686.0,9.0,True
1624.0,8.7,True
1757.0,8.4,True
1914.0,8.3,True
2108.0,8.3,True
2356.0,8.6,True
2448.0,9.3,True
2383.0,10.5,True
2313.0,11.8,True
2270.0,12.9,True
2359.0,14.4,True
2241.0,16.1,True
2096.0,16.7,True
2066.0,17.0,True
1960.0,16.8,True
2075.0,16.4,True
2181.0,16.0,True
2218.0,15.4,True
2173.0,14.3,True
2268.0,12.9,True
2373.0,11.9,True
2413.0,11.1,True
2103.0,10.6,True
2136.0,9.9,True
1855.0,9.8,True
1835.0,9.7,True
1931.0,9.5,True
2138.0,9.2,True
2347.0,8.8,True
2460.0,8.9,True
2598.0,9.2,True
2533.0,10.3,True
2402.0,11.8,True
2422.0,13.5,True
2326.0,14.9,True
2163.0,15.1,True
2167.0,16.0,True
2140.0,16.6,True
1877.0,16.9,True
2031.0,16.8,True
2343.0,16.4,True
2293.0,16.3,True
2254.0,15.7,True
2377.0,15.5,True
2331.0,15.1,True
2372.0,14.7,True
2114.0,14.1,True
2122.0,12.4,True
1896.0,12.0,True
1906.0,11.9,True
1842.0,11.8,True
1967.0,11.8,True
2295.0,11.8,True
2405.0,11.7,True
2593.0,11.8,True
2576.0,11.5,True
2635.0,11.8,True
2629.0,12.4,True
2546.0,13.9,True
2491.0,13.7,True
2429.0,15.0,True
2162.0,15.8,True
2035.0,16.5,True
2092.0,16.7,True
2293.0,16.7,True
2233.0,14.4,True
2205.0,14.2,True
2265.0,14.2,True
2332.0,13.6,True
2359.0,13.3,True
2117.0,13.1,True
2117.0,13.6,True
1883.0,13.4,True
1842.0,12.9,True
1841.0,12.4,True
2030.0,12.0,True
2228.0,11.5,True
2396.0,10.8,True
2474.0,11.3,True
2464.0,12.5,True
2357.0,14.3,True
2342.0,16.2,True
2416.0,17.8,True
2183.0,19.3,True
2084.0,20.4,True
2052.0,21.1,True
2060.0,21.4,True
1948.0,21.2,True
2156.0,20.5,True
2083.0,18.9,True
2101.0,17.4,True
2192.0,16.1,True
2284.0,15.0,True
2289.0,14.4,True
1984.0,14.0,True
2002.0,13.4,True
1754.0,13.0,True
1691.0,12.5,True
1756.0,12.1,True
1844.0,11.8,True
1977.0,11.5,True
2153.0,11.5,True
2277.0,12.3,True
2205.0,13.5,True
2170.0,15.3,True
2220.0,17.1,True
2385.0,18.8,True
2078.0,20.7,True
2142.0,21.7,True
1986.0,22.2,True
1966.0,22.4,True
1931.0,22.2,True
2087.0,21.6,True
2037.0,20.8,True
1980.0,18.9,True
2078.0,17.4,True
2178.0,16.2,True
2191.0,15.5,True
1914.0,15.2,True
1882.0,14.8,True
1633.0,14.4,True
1510.0,14.3,True
1494.0,14.0,True
1518.0,13.8,True
1574.0,13.6,True
1662.0,12.5,True
1737.0,13.5,True
1796.0,15.0,True
1824.0,16.8,True
1919.0,18.5,True
1955.0,20.7,True
1835.0,23.2,True
1757.0,23.6,True
1660.0,24.0,True
1634.0,24.3,True
1631.0,23.9,True
1745.0,22.9,True
1817.0,21.4,True
1748.0,19.8,True
1828.0,18.3,True
1970.0,17.0,True
2035.0,15.8,True
1759.0,14.8,True
1795.0,14.0,True
1533.0,13.2,True
1443.0,12.7,True
1388.0,12.2,True
1377.0,11.4,True
1413.0,10.7,True
1512.0,11.7,True
1565.0,12.3,True
1622.0,14.0,True
1691.0,15.9,True
1750.0,18.0,True
1851.0,19.7,True
1690.0,22.6,True
1620.0,23.5,True
1538.0,24.1,True
1449.0,24.8,True
1487.0,24.6,True
1748.0,24.1,True
1882.0,21.4,True
1839.0,19.5,True
1945.0,18.0,True
1995.0,16.8,True
2011.0,16.0,False
1805.0,15.2,False
1772.0,14.7,False
1553.0,14.3,False
1462.0,14.0,False
1539.0,13.8,False
1709.0,13.6,False
1969.0,13.3,False
2131.0,12.1,False
2178.0,13.2,False
2222.0,15.5,False
2274.0,18.2,False
2105.0,20.4,False
2305.0,21.9,False
2111.0,24.4,False
2106.0,25.1,False
1921.0,25.3,False
1851.0,25.1,False
1940.0,23.9,False
2096.0,22.0,False
2132.0,19.8,False
2073.0,18.0,False
2138.0,16.5,False
2151.0,15.4,False
2143.0,14.7,False
1856.0,14.0,False
1914.0,13.3,False
1657.0,12.8,False
1624.0,12.3,False
1695.0,11.7,False
1841.0,11.4,False
2075.0,11.1,False
2230.0,11.6,False
2310.0,12.8,False
2292.0,14.4,False
2189.0,15.7,False
2297.0,16.9,False
2349.0,17.6,False
2254.0,18.8,False
2201.0,18.3,False
2084.0,17.8,False
2109.0,17.3,False
1912.0,16.3,False
2272.0,15.1,False
2233.0,14.1,False
2120.0,13.0,False
2205.0,12.0,False
2285.0,11.5,False
2318.0,11.3,False
2055.0,11.1,False
2007.0,11.1,False
1791.0,11.0,False
1677.0,10.9,False
1676.0,10.7,False
1921.0,10.5,False
2070.0,10.3,False
2235.0,11.0,False
2350.0,12.4,False
2323.0,13.8,False
2363.0,14.2,False
2410.0,15.2,False
2486.0,16.3,False
2395.0,18.1,False
2348.0,18.6,False
2235.0,19.1,False
2171.0,18.4,False
2129.0,17.2,False
2261.0,15.9,False
2304.0,16.0,False
2213.0,15.7,False
2226.0,14.9,False
2269.0,14.3,False
2291.0,14.0,False
2043.0,14.0,False
2038.0,18.8,False
1786.0,18.3,False
1720.0,17.8,False
1712.0,17.3,False
1776.0,16.9,False
1988.0,16.5,False
2227.0,16.0,False
2407.0,15.6,False
2349.0,16.6,False
2096.0,17.7,False
2176.0,18.6,False
2323.0,20.2,False
2335.0,20.0,False
2272.0,20.0,False
2191.0,20.6,False
2034.0,21.2,False
2072.0,21.9,False
2141.0,21.9,False
2108.0,19.4,False
2040.0,18.7,False
2118.0,17.5,False
2198.0,16.1,False
2180.0,15.3,False
1832.0,15.0,False
1826.0,13.8,False
1618.0,13.1,False
1559.0,13.0,False
1513.0,12.9,False
1448.0,12.4,False
1445.0,11.8,False
1476.0,12.3,False
1588.0,12.7,False
1680.0,13.4,False
1709.0,13.8,False
1812.0,14.2,False
1840.0,14.9,False
1695.0,17.2,False
1648.0,18.9,False
1513.0,20.1,False
1449.0,20.7,False
1593.0,20.3,False
1747.0,19.7,False
1767.0,20.2,False
1718.0,18.3,False
1790.0,16.1,False
1944.0,15.2,False
1974.0,14.5,False
1749.0,13.9,False
1747.0,13.6,False
1497.0,13.4,False
1433.0,13.5,False
1344.0,13.5,False
1426.0,13.4,False
1453.0,13.3,False
1596.0,12.8,False
1741.0,13.3,False
1955.0,13.2,False
2092.0,13.6,False
2137.0,14.5,False
2058.0,14.6,False
1901.0,14.7,False
1889.0,14.5,False
1752.0,14.6,False
1758.0,15.1,False
1684.0,15.5,False
1877.0,15.3,False
1862.0,14.3,False
1750.0,13.9,False
1841.0,13.7,False
2009.0,13.3,False
2015.0,13.1,False
1759.0,12.9,False
1779.0,13.4,False
1542.0,13.3,False
1404.0,13.2,False
1307.0,13.2,False
1343.0,13.0,False
1418.0,12.5,False
1505.0,11.1,False
1640.0,11.5,False
1725.0,12.2,False
1814.0,13.2,False
1869.0,14.4,False
1894.0,14.9,False
1779.0,15.7,False
1644.0,17.2,False
1500.0,17.1,False
1612.0,17.0,False
1614.0,16.7,False
1781.0,16.6,False
1859.0,15.3,False
1776.0,14.5,False
1844.0,13.3,False
2024.0,12.8,False
2007.0,12.2,False
1787.0,12.0,False
1809.0,11.9,False
1599.0,11.9,False
1539.0,11.7,False
1600.0,11.4,False
1760.0,11.3,False
1991.0,11.1,False
2195.0,8.6,False
2280.0,9.8,False
2261.0,12.2,False
2288.0,13.7,False
2354.0,14.8,False
2426.0,15.4,False
2309.0,17.6,False
2248.0,18.2,False
2150.0,18.1,False
2067.0,14.9,False
2121.0,14.2,False
2227.0,14.2,False
2201.0,15.2,False
2094.0,13.8,False
2088.0,12.6,False
2185.0,12.1,False
2265.0,11.8,False
1952.0,11.4,False
1946.0,11.0,False
1728.0,10.7,False
1662.0,10.6,False
1682.0,10.5,False
1834.0,10.5,False
2071.0,10.7,False
2287.0,10.7,False
2480.0,10.8,False
2525.0,10.8,False
2509.0,11.2,False
2620.0,11.4,False
2632.0,11.8,False
2657.0,12.4,False
2547.0,12.9,False
2443.0,12.7,False
2378.0,12.5,False
2363.0,12.1,False
2468.0,11.8,False
2333.0,12.1,False
2201.0,11.6,False
2252.0,10.9,False
2359.0,10.4,False
2331.0,10.2,False
2040.0,10.2,False
2057.0,10.2,False
1862.0,9.9,False
1785.0,10.1,False
1815.0,10.0,False
1987.0,10.1,False
2127.0,10.3,False
2364.0,9.5,False
2515.0,10.5,False
2478.0,11.9,False
2408.0,13.3,False
2443.0,14.1,False
2489.0,15.3,False
2430.0,15.9,False
2460.0,16.3,False
2300.0,16.2,False
2258.0,15.2,False
2282.0,13.8,False
2434.0,13.3,False
2337.0,13.3,False
2176.0,12.8,False
2178.0,12.5,False
2275.0,12.1,False
2315.0,11.7,False
2067.0,11.4,False
2056.0,11.3,False
1835.0,10.9,False
1771.0,10.4,False
1789.0,9.9,False
1931.0,9.6,False
2146.0,9.5,False
2398.0,9.4,False
2529.0,9.6,False
2504.0,9.9,False
2440.0,10.8,False
2401.0,12.4,False
2431.0,14.4,False
2344.0,15.2,False
2317.0,16.1,False
2168.0,16.6,False
2151.0,16.2,False
2088.0,15.7,False
2117.0,15.4,False
2131.0,14.8,False
2050.0,13.8,False
2114.0,12.3,False
2266.0,11.1,False
2283.0,10.5,False
2019.0,9.7,False
2056.0,8.7,False
1754.0,8.3,False
1650.0,8.1,False
1614.0,7.9,False
1657.0,7.8,False
1713.0,8.1,False
1771.0,8.1,False
1844.0,9.1,False
1832.0,11.4,False
1761.0,14.2,False
1787.0,16.2,False
1836.0,17.4,False
1775.0,18.9,False
1801.0,19.4,False
1675.0,19.7,False
1676.0,19.8,False
1662.0,19.7,False
1809.0,19.3,False
1785.0,17.8,False
1750.0,16.6,False
1815.0,15.4,False
1995.0,14.4,False
2034.0,13.8,False
1835.0,13.3,False
1856.0,13.4,False
1499.0,13.2,False
1421.0,13.0,False
1455.0,13.0,False
1568.0,12.9,False
1549.0,12.4,False
1646.0,12.0,False
1861.0,12.4,False
1944.0,13.1,False
1785.0,14.2,False
1828.0,15.8,False
2040.0,15.7,False
1855.0,18.3,False
1696.0,19.0,False
1688.0,19.0,False
1485.0,19.0,False
1667.0,18.8,False
1832.0,18.0,False
1869.0,17.2,False
1716.0,16.6,False
1799.0,15.5,False
2022.0,15.0,False
1938.0,14.2,False
1728.0,13.7,False
1749.0,12.6,False
1514.0,12.2,False
1450.0,12.0,False
1370.0,11.8,False
1333.0,11.6,False
1388.0,11.5,False
1472.0,12.1,False
1600.0,12.1,False
1827.0,12.1,False
1918.0,12.3,False
2125.0,13.2,False
2243.0,14.0,False
1917.0,13.5,False
1825.0,14.0,False
1756.0,14.2,False
1921.0,14.2,False
1984.0,13.4,False
2152.0,12.9,False
2097.0,12.6,False
2045.0,12.2,False
2027.0,11.7,False
2177.0,11.3,False
2254.0,11.0,False
2029.0,10.8,False
1970.0,11.2,False
1805.0,10.9,False
1720.0,10.7,False
1767.0,10.5,False
2016.0,10.5,False
2171.0,10.3,False
2321.0,10.1,False
2391.0,10.0,False
2338.0,10.3,False
2277.0,10.5,False
2269.0,11.1,False
2370.0,12.0,False
2258.0,13.6,False
2189.0,14.1,False
2041.0,14.1,False
1971.0,13.7,False
1990.0,13.2,False
2153.0,12.7,False
2104.0,12.4,False
2105.0,11.6,False
2122.0,10.6,False
2296.0,9.9,False
2288.0,9.3,False
2062.0,8.8,False
2079.0,7.9,False
1823.0,7.6,False
1797.0,7.2,False
1836.0,6.8,False
1968.0,6.5,False
2195.0,6.2,False
2353.0,7.7,False
2437.0,9.3,False
2341.0,11.5,False
2261.0,13.7,False
2353.0,15.0,False
2361.0,15.8,False
2360.0,16.2,False
2259.0,16.6,False
2213.0,17.0,False
2204.0,16.9,False
2149.0,16.3,False
2261.0,15.5,False
2167.0,14.6,False
2068.0,13.5,False
2140.0,12.1,False
2300.0,10.6,False
2348.0,9.6,False
2082.0,8.8,False
2070.0,8.3,False
1837.0,7.8,False
1772.0,7.7,False
1739.0,8.2,False
1933.0,8.5,False
2179.0,8.0,False
2332.0,8.8,False
2441.0,9.9,False
2401.0,11.3,False
2273.0,12.7,False
2417.0,14.0,False
2509.0,14.9,False
2317.0,15.7,False
2321.0,16.1,False
2175.0,15.5,False
2077.0,14.9,False
1976.0,14.1,False
2182.0,14.0,False
2250.0,12.4,False
2182.0,11.7,False
2289.0,10.8,False
2425.0,10.1,False
2371.0,9.6,True
2113.0,9.1,True
2142.0,8.3,True
1852.0,7.9,True
1786.0,7.7,True
1761.0,7.5,True
1830.0,7.3,True
1906.0,7.2,True
1941.0,8.1,True
2027.0,9.0,True
2126.0,10.0,True
2087.0,9.7,True
2126.0,9.3,True
2041.0,9.5,True
2028.0,12.7,True
2049.0,12.5,True
1860.0,11.2,True
1907.0,10.6,True
2030.0,9.9,True
2081.0,9.3,True
2118.0,8.5,True
2085.0,8.1,True
2105.0,7.6,True
2323.0,7.2,True
2379.0,6.9,True
2138.0,6.8,True
2147.0,6.9,True
1912.0,6.7,True
1884.0,6.5,True
1927.0,6.2,True
2009.0,5.8,True
2194.0,5.6,True
2254.0,6.7,True
2280.0,8.6,True
2292.0,10.8,True
2350.0,12.2,True
2427.0,13.1,True
2483.0,13.6,True
2283.0,14.0,True
2134.0,13.2,True
1906.0,13.3,True
2017.0,13.8,True
1973.0,13.7,True
2114.0,13.4,True
2198.0,11.9,True
2095.0,11.1,True
2190.0,10.0,True
2315.0,9.1,True
2357.0,8.2,True
2115.0,7.3,True
2070.0,6.9,True
1895.0,6.2,True
1782.0,5.9,True
1797.0,5.6,True
1825.0,5.2,True
1866.0,5.0,True
1928.0,5.8,True
2054.0,7.6,True
2042.0,10.1,True
2121.0,12.0,True
2088.0,13.3,True
2105.0,14.4,True
2043.0,14.1,True
2023.0,14.3,True
1842.0,12.8,True
1858.0,12.2,True
1957.0,12.5,True
2005.0,12.5,True
2027.0,11.6,True
1938.0,11.5,True
2025.0,11.3,True
2178.0,10.9,True
2216.0,10.6,True
1981.0,10.1,True
1967.0,8.8,True
1739.0,8.3,True
1657.0,8.3,True
1598.0,8.3,True
1599.0,8.2,True
1667.0,7.7,True
1737.0,8.1,True
1815.0,9.2,True
1879.0,10.7,True
1875.0,11.8,True
2087.0,12.6,True
2163.0,14.1,True
1954.0,15.1,True
1868.0,15.7,True
1778.0,16.2,True
1724.0,14.8,True
1777.0,13.5,True
2054.0,12.9,True
2016.0,14.0,True
1892.0,13.0,True
1983.0,11.9,True
2140.0,11.1,True
2215.0,10.1,False
1964.0,9.4,False
2012.0,8.9,False
1808.0,8.7,False
1712.0,8.4,False
1736.0,8.2,False
1957.0,8.2,False
2224.0,8.3,False
2409.0,8.8,False
2531.0,9.2,False
2556.0,9.6,False
2546.0,10.3,False
2529.0,11.4,False
2531.0,12.5,False
2487.0,14.5,False
2422.0,15.2,False
2266.0,13.2,False
2252.0,12.6,False
2290.0,13.0,False
2496.0,12.1,False
2419.0,12.5,False
2232.0,11.8,False
2250.0,11.6,False
2390.0,11.2,False
2378.0,11.1,False
2142.0,11.2,False
2165.0,11.4,False
1950.0,11.6,False
1854.0,11.9,False
1950.0,13.1,False
2103.0,13.6,False
2316.0,13.7,False
2512.0,13.2,False
2582.0,13.6,False
2563.0,14.3,False
2446.0,15.0,False
2459.0,15.5,False
2485.0,14.9,False
2368.0,16.9,False
2405.0,17.2,False
2350.0,17.1,False
2195.0,16.9,False
2310.0,16.4,False
2430.0,15.8,False
2391.0,15.2,False
2291.0,14.4,False
2228.0,13.4,False
2397.0,12.6,False
2394.0,12.2,False
2120.0,12.2,False
2084.0,11.5,False
1945.0,11.8,False
1878.0,11.7,False
1863.0,11.7,False
1949.0,11.6,False
2193.0,11.6,False
2368.0,12.5,False
2562.0,13.5,False
2554.0,14.9,False
2587.0,16.1,False
2581.0,17.2,False
2520.0,17.9,False
2424.0,18.0,False
2280.0,18.6,False
2188.0,18.5,False
2071.0,18.6,False
2158.0,18.3,False
2239.0,17.9,False
2142.0,17.0,False
2096.0,16.1,False
2143.0,14.7,False
2282.0,13.4,False
2316.0,12.5,False
2064.0,11.7,False
2055.0,10.9,False
1833.0,10.9,False
1777.0,11.2,False
1801.0,11.3,False
1911.0,11.2,False
2152.0,11.0,False
2310.0,10.9,False
2339.0,11.4,False
2272.0,12.5,False
2150.0,14.4,False
2144.0,17.3,False
2228.0,19.1,False
2062.0,21.7,False
2060.0,22.4,False
2020.0,23.0,False
1948.0,23.4,False
1990.0,23.6,False
2132.0,23.5,False
2125.0,22.2,False
2065.0,20.8,False
2088.0,19.0,False
2192.0,17.4,False
2221.0,16.4,False
1936.0,16.2,False
1922.0,15.3,False
1681.0,15.0,False
1583.0,14.6,False
1618.0,14.1,False
1752.0,13.8,False
1976.0,13.4,False
2081.0,13.8,False
2233.0,16.0,False
2213.0,18.4,False
2201.0,21.2,False
2213.0,23.5,False
2223.0,25.2,False
2122.0,25.9,False
2096.0,26.5,False
1991.0,27.0,False
2004.0,26.9,False
2034.0,26.7,False
2096.0,26.5,False
2064.0,26.0,False
1996.0,24.3,False
2014.0,22.4,False
2181.0,21.1,False
2207.0,19.9,False
1917.0,18.7,False
1878.0,17.8,False
1627.0,17.1,False
1516.0,16.6,False
1495.0,16.2,False
1506.0,16.1,False
1534.0,15.9,False
1615.0,16.7,False
1706.0,17.9,False
1686.0,20.0,False
1772.0,22.2,False
1854.0,24.3,False
1944.0,25.7,False
1834.0,24.6,False
1800.0,25.3,False
1699.0,26.2,False
1635.0,26.5,False
1739.0,26.4,False
1755.0,25.8,False
1806.0,24.0,False
1693.0,22.5,False
1770.0,20.4,False
1961.0,19.2,False
2011.0,18.7,False
1708.0,18.3,False
1679.0,18.8,False
1454.0,18.6,False
1385.0,18.4,False
1314.0,18.1,False
1270.0,17.7,False
1316.0,17.4,False
1424.0,17.9,False
1497.0,20.3,False
1520.0,23.8,False
1678.0,26.0,False
1690.0,27.5,False
1747.0,29.2,False
1636.0,31.6,False
1564.0,32.8,False
1462.0,33.4,False
1416.0,33.5,False
1551.0,33.1,False
1700.0,32.7,False
1710.0,31.2,False
1703.0,30.2,False
1805.0,28.5,False
1948.0,26.9,False
1914.0,25.2,False
1676.0,23.9,False
1633.0,24.1,False
1448.0,24.1,False
1436.0,24.1,False
1400.0,23.8,False
1362.0,23.4,False
1389.0,23.0,False
1489.0,23.4,False
1600.0,24.8,False
1743.0,26.7,False
1751.0,28.6,False
1788.0,30.6,False
1856.0,32.4,False
1799.0,34.6,False
1803.0,35.5,False
1699.0,36.0,False
1685.0,36.1,False
1710.0,35.7,False
1858.0,35.2,False
1889.0,32.5,False
1916.0,31.5,False
1954.0,29.4,False
2108.0,27.6,False
2091.0,26.2,False
1810.0,25.2,False
1795.0,23.8,False
1619.0,23.5,False
1586.0,24.2,False
1581.0,24.1,False
1671.0,23.8,False
1895.0,23.3,False
2084.0,23.7,False
2233.0,24.9,False
2278.0,26.7,False
2327.0,28.6,False
2320.0,30.6,False
2373.0,32.2,False
2375.0,34.3,False
2242.0,35.5,False
2176.0,35.9,False
2201.0,35.9,False
2236.0,35.5,False
2247.0,35.0,False
2241.0,32.4,False
2151.0,30.7,False
2167.0,28.7,False
2286.0,27.0,False
2223.0,25.7,False
1914.0,24.7,False
1942.0,23.3,False
1694.0,22.6,False
1626.0,22.0,False
1663.0,21.5,False
1795.0,21.1,False
1951.0,20.9,False
2110.0,21.4,False
2243.0,23.3,False
2284.0,26.4,False
2310.0,28.9,False
2332.0,30.8,False
2365.0,32.9,False
2329.0,33.0,False
2331.0,34.0,False
2167.0,34.4,False
2113.0,33.5,False
2159.0,32.6,False
2268.0,32.0,False
2240.0,30.5,False
2141.0,29.3,False
2157.0,27.4,False
2267.0,25.9,False
2303.0,24.6,False
1984.0,23.7,False
1982.0,23.8,False
1787.0,23.2,False
1692.0,22.9,False
1715.0,22.3,False
1855.0,21.8,False
2060.0,21.5,False
2208.0,22.3,False
2289.0,23.4,False
2328.0,25.2,False
2357.0,27.6,False
2357.0,30.3,False
2360.0,32.1,False
2351.0,32.9,False
2363.0,33.8,False
2224.0,33.8,False
2158.0,34.3,False
2164.0,34.7,False
2248.0,34.1,False
2292.0,32.7,False
2154.0,30.7,False
2182.0,28.8,False
2278.0,27.1,False
2271.0,26.1,False
1929.0,25.2,False
1956.0,23.2,False
1704.0,22.5,False
1715.0,21.6,False
1712.0,21.0,False
1843.0,20.2,False
1992.0,19.5,False
2110.0,18.8,False
2173.0,19.6,False
2217.0,21.2,False
2159.0,23.2,False
2265.0,25.0,False
2227.0,26.5,False
2235.0,28.0,False
2192.0,26.3,False
2056.0,24.7,False
2050.0,25.1,False
2139.0,25.6,False
2213.0,24.6,False
2146.0,22.7,False
1968.0,20.9,False
1997.0,20.1,False
2168.0,19.7,False
2183.0,19.2,False
1874.0,18.7,False
1831.0,17.7,False
1592.0,17.4,False
1505.0,17.2,False
1504.0,17.2,False
1497.0,17.2,False
1543.0,17.3,False
1601.0,18.0,False
1676.0,19.0,False
1692.0,20.5,False
1707.0,22.0,False
1759.0,23.0,False
1848.0,23.6,False
1780.0,25.1,False
1776.0,26.0,False
1691.0,26.8,False
1614.0,26.5,False
1734.0,25.8,False
1744.0,24.7,False
1697.0,22.4,False
1559.0,21.3,False
1710.0,20.3,False
1864.0,19.0,False
1865.0,17.9,False
1631.0,17.1,False
1665.0,16.1,False
1455.0,15.8,False
1363.0,15.5,False
1308.0,15.3,False
1311.0,15.2,False
1314.0,15.2,False
1392.0,15.9,False
1498.0,16.4,False
1533.0,17.4,False
1618.0,18.8,False
1720.0,19.5,False
1721.0,20.4,False
1550.0,21.4,False
1437.0,22.7,False
1383.0,23.4,False
1369.0,23.8,False
1479.0,23.7,False
1656.0,22.8,False
1725.0,21.5,False
1688.0,20.4,False
1804.0,18.6,False
1916.0,17.6,False
1938.0,16.8,False
1748.0,16.2,False
1699.0,15.4,False
1489.0,15.0,False
1465.0,14.7,False
1541.0,14.4,False
1633.0,14.1,False
1808.0,13.9,False
2012.0,14.7,False
2114.0,15.8,False
2216.0,17.2,False
2134.0,18.7,False
2107.0,20.1,False
2156.0,21.1,False
2044.0,23.7,False
2052.0,23.9,False
2035.0,23.2,False
1977.0,22.7,False
2089.0,22.1,False
2198.0,20.9,False
2126.0,18.8,False
1981.0,18.2,False
1985.0,17.5,False
2148.0,16.7,False
2151.0,16.7,False
1877.0,16.8,False
1944.0,15.9,False
1664.0,15.8,False
1651.0,16.1,False
1621.0,15.5,False
1787.0,14.9,False
1952.0,14.3,False
2039.0,13.9,False
2160.0,14.3,False
2209.0,15.1,False
2226.0,16.3,False
2207.0,17.4,False
2123.0,18.1,False
2043.0,18.9,False
2079.0,18.9,False
2049.0,18.9,False
2073.0,18.8,False
1946.0,18.5,False
2216.0,18.2,False
2147.0,17.6,False
1976.0,16.7,False
2003.0,15.8,False
2197.0,14.9,False
2233.0,14.2,False
1926.0,13.5,False
1873.0,13.3,False
1607.0,12.9,False
1544.0,12.4,False
1655.0,13.3,False
1816.0,13.2,False
2024.0,12.9,False
2265.0,13.2,False
2288.0,14.9,False
2393.0,15.9,False
,15.7,False
,15.9,False
,16.3,False
,16.3,False
,16.7,False
,17.4,False
,18.2,False
,18.5,False
,17.7,False
,17.0,False
,16.3,False
,15.6,False
,15.0,False
,15.0,False
,14.5,False
,14.5,False
,14.4,False
,14.2,False
,14.1,False
,13.9,False
,13.8,False
,13.4,False
,14.2,False
,15.1,False
,16.2,False
,16.9,False
,16.8,False
,17.8,False
,17.9,False
,17.9,False
,17.9,False
,17.5,False
,16.5,False
,16.8,False
,15.9,False
,15.1,False
,14.1,False
,13.3,False
,12.6,False
,11.7,False
,11.4,False
,11.5,False
,10.9,False
,10.2,False
,10.1,False
,10.8,False
,12.3,False
,14.0,False
